	说明:Index为Robot的索引，也是初始时该机器人在竞技场排行榜上的排名!从1开始																		
	说明:按需求重排——原表尾 |BOB| 系列(5001~5200，35~70级)按等级降序提到最前 200 名，原表最末 200 行(4801~5000，5级)已删除，全表仍 5000 行；假服 tables/ 与客户端 GameData/ 两份须逐字节一致。
																			
	Index	玩家名字	角色等级	角色资源ID	角色星级	角色阶段	该阶段下的各个子类型熟练度	角色_1_Index	角色_2_Index	角色_3_Index	角色_4_Index	角色_5_Index	胜场次数	名将技能等级	SkillA等级	SkillB等级	被动技等级	装备库ID	
#	1	终焉铁壁祭祀	70	39	3	5	15	39	43	32	33	17	825	46	44	32	5	36	|...|	3200001
#	2	终焉疾风先锋	70	34	3	5	15	34	43	44	17	28	824	46	44	32	5	36	|...|	3200002
#	3	终焉暗影统帅	70	42	3	5	15	42	35	43	26	21	823	46	44	32	5	36	|...|	3200003
#	4	终焉雷鸣骑士	70	39	3	5	15	39	40	44	21	29	822	46	44	32	5	36	|...|	3200004
#	5	终焉霜华猎手	70	34	3	5	15	34	32	27	17	38	821	46	44	32	5	36	|...|	3200005
#	6	终焉赤焰法师	70	42	3	5	15	42	33	32	45	28	820	46	44	32	5	36	|...|	3200006
#	7	终焉玄甲剑士	70	39	3	5	15	39	34	44	41	40	819	46	44	32	5	36	|...|	3200007
#	8	终焉银翼卫士	70	32	3	5	15	32	40	41	30	39	818	46	44	32	5	36	|...|	3200008
#	9	终焉幽冥刺客	70	45	3	5	15	45	27	37	28	19	817	46	44	32	5	36	|...|	3200009
#	10	终焉曜日炮手	70	44	3	5	15	44	36	34	45	40	816	46	44	32	5	36	|...|	3200010
#	11	终焉铁壁祭祀	70	40	3	5	15	40	23	19	41	28	815	46	44	32	5	36	|...|	3200011
#	12	终焉疾风先锋	70	17	3	5	15	17	39	44	19	34	814	46	44	32	5	36	|...|	3200012
#	13	终焉暗影统帅	70	43	3	5	15	43	28	34	31	33	813	46	44	32	5	36	|...|	3200013
#	14	终焉雷鸣骑士	70	37	3	5	15	37	45	17	33	42	812	46	44	32	5	36	|...|	3200014
#	15	终焉霜华猎手	70	31	3	5	15	31	40	37	28	29	811	46	44	32	5	36	|...|	3200015
#	16	终焉赤焰法师	70	35	3	5	15	35	37	26	29	40	810	46	44	32	5	36	|...|	3200016
#	17	终焉玄甲剑士	70	24	3	5	15	24	36	23	18	45	809	46	44	32	5	36	|...|	3200017
#	18	终焉银翼卫士	70	19	3	5	15	19	43	39	32	42	808	46	44	32	5	36	|...|	3200018
#	19	终焉幽冥刺客	70	23	3	5	15	23	40	36	21	33	807	46	44	32	5	36	|...|	3200019
#	20	终焉曜日炮手	70	33	3	5	15	33	41	32	37	31	806	46	44	32	5	36	|...|	3200020
#	21	终焉铁壁祭祀	70	39	3	5	15	39	43	32	33	17	805	46	44	32	5	36	|...|	3200021
#	22	终焉疾风先锋	70	34	3	5	15	34	43	44	17	28	804	46	44	32	5	36	|...|	3200022
#	23	终焉暗影统帅	70	42	3	5	15	42	35	43	26	21	803	46	44	32	5	36	|...|	3200023
#	24	终焉雷鸣骑士	70	39	3	5	15	39	40	44	21	29	802	46	44	32	5	36	|...|	3200024
#	25	终焉霜华猎手	70	34	3	5	15	34	32	27	17	38	801	46	44	32	5	36	|...|	3200025
#	26	永劫铁壁炮手	65	39	3	5	14	39	43	32	33	17	850	44	42	30	5	35	|...|	3200026
#	27	永劫疾风祭祀	65	34	3	5	14	34	43	44	17	28	849	44	42	30	5	35	|...|	3200027
#	28	永劫暗影先锋	65	42	3	5	14	42	35	43	26	21	848	44	42	30	5	35	|...|	3200028
#	29	永劫雷鸣统帅	65	39	3	5	14	39	40	44	21	29	847	44	42	30	5	35	|...|	3200029
#	30	永劫霜华骑士	65	34	3	5	14	34	32	27	17	38	846	44	42	30	5	35	|...|	3200030
#	31	永劫赤焰猎手	65	42	3	5	14	42	33	32	45	28	845	44	42	30	5	35	|...|	3200031
#	32	永劫玄甲法师	65	39	3	5	14	39	34	44	41	40	844	44	42	30	5	35	|...|	3200032
#	33	永劫银翼剑士	65	32	3	5	14	32	40	41	30	39	843	44	42	30	5	35	|...|	3200033
#	34	永劫幽冥卫士	65	45	3	5	14	45	27	37	28	19	842	44	42	30	5	35	|...|	3200034
#	35	永劫曜日刺客	65	44	3	5	14	44	36	34	45	40	841	44	42	30	5	35	|...|	3200035
#	36	永劫铁壁炮手	65	40	3	5	14	40	23	19	41	28	840	44	42	30	5	35	|...|	3200036
#	37	永劫疾风祭祀	65	17	3	5	14	17	39	44	19	34	839	44	42	30	5	35	|...|	3200037
#	38	永劫暗影先锋	65	43	3	5	14	43	28	34	31	33	838	44	42	30	5	35	|...|	3200038
#	39	永劫雷鸣统帅	65	37	3	5	14	37	45	17	33	42	837	44	42	30	5	35	|...|	3200039
#	40	永劫霜华骑士	65	31	3	5	14	31	40	37	28	29	836	44	42	30	5	35	|...|	3200040
#	41	永劫赤焰猎手	65	35	3	5	14	35	37	26	29	40	835	44	42	30	5	35	|...|	3200041
#	42	永劫玄甲法师	65	24	3	5	14	24	36	23	18	45	834	44	42	30	5	35	|...|	3200042
#	43	永劫银翼剑士	65	19	3	5	14	19	43	39	32	42	833	44	42	30	5	35	|...|	3200043
#	44	永劫幽冥卫士	65	23	3	5	14	23	40	36	21	33	832	44	42	30	5	35	|...|	3200044
#	45	永劫曜日刺客	65	33	3	5	14	33	41	32	37	31	831	44	42	30	5	35	|...|	3200045
#	46	永劫铁壁炮手	65	39	3	5	14	39	43	32	33	17	830	44	42	30	5	35	|...|	3200046
#	47	永劫疾风祭祀	65	34	3	5	14	34	43	44	17	28	829	44	42	30	5	35	|...|	3200047
#	48	永劫暗影先锋	65	42	3	5	14	42	35	43	26	21	828	44	42	30	5	35	|...|	3200048
#	49	永劫雷鸣统帅	65	39	3	5	14	39	40	44	21	29	827	44	42	30	5	35	|...|	3200049
#	50	永劫霜华骑士	65	34	3	5	14	34	32	27	17	38	826	44	42	30	5	35	|...|	3200050
#	51	裂空铁壁刺客	60	39	3	5	13	39	43	32	33	17	875	42	40	28	4	34	|...|	3200051
#	52	裂空疾风炮手	60	34	3	5	13	34	43	44	17	28	874	42	40	28	4	34	|...|	3200052
#	53	裂空暗影祭祀	60	42	3	5	13	42	35	43	26	21	873	42	40	28	4	34	|...|	3200053
#	54	裂空雷鸣先锋	60	39	3	5	13	39	40	44	21	29	872	42	40	28	4	34	|...|	3200054
#	55	裂空霜华统帅	60	34	3	5	13	34	32	27	17	38	871	42	40	28	4	34	|...|	3200055
#	56	裂空赤焰骑士	60	42	3	5	13	42	33	32	45	28	870	42	40	28	4	34	|...|	3200056
#	57	裂空玄甲猎手	60	39	3	5	13	39	34	44	41	40	869	42	40	28	4	34	|...|	3200057
#	58	裂空银翼法师	60	32	3	5	13	32	40	41	30	39	868	42	40	28	4	34	|...|	3200058
#	59	裂空幽冥剑士	60	45	3	5	13	45	27	37	28	19	867	42	40	28	4	34	|...|	3200059
#	60	裂空曜日卫士	60	44	3	5	13	44	36	34	45	40	866	42	40	28	4	34	|...|	3200060
#	61	裂空铁壁刺客	60	40	3	5	13	40	23	19	41	28	865	42	40	28	4	34	|...|	3200061
#	62	裂空疾风炮手	60	17	3	5	13	17	39	44	19	34	864	42	40	28	4	34	|...|	3200062
#	63	裂空暗影祭祀	60	43	3	5	13	43	28	34	31	33	863	42	40	28	4	34	|...|	3200063
#	64	裂空雷鸣先锋	60	37	3	5	13	37	45	17	33	42	862	42	40	28	4	34	|...|	3200064
#	65	裂空霜华统帅	60	31	3	5	13	31	40	37	28	29	861	42	40	28	4	34	|...|	3200065
#	66	裂空赤焰骑士	60	35	3	5	13	35	37	26	29	40	860	42	40	28	4	34	|...|	3200066
#	67	裂空玄甲猎手	60	24	3	5	13	24	36	23	18	45	859	42	40	28	4	34	|...|	3200067
#	68	裂空银翼法师	60	19	3	5	13	19	43	39	32	42	858	42	40	28	4	34	|...|	3200068
#	69	裂空幽冥剑士	60	23	3	5	13	23	40	36	21	33	857	42	40	28	4	34	|...|	3200069
#	70	裂空曜日卫士	60	33	3	5	13	33	41	32	37	31	856	42	40	28	4	34	|...|	3200070
#	71	裂空铁壁刺客	60	39	3	5	13	39	43	32	33	17	855	42	40	28	4	34	|...|	3200071
#	72	裂空疾风炮手	60	34	3	5	13	34	43	44	17	28	854	42	40	28	4	34	|...|	3200072
#	73	裂空暗影祭祀	60	42	3	5	13	42	35	43	26	21	853	42	40	28	4	34	|...|	3200073
#	74	裂空雷鸣先锋	60	39	3	5	13	39	40	44	21	29	852	42	40	28	4	34	|...|	3200074
#	75	裂空霜华统帅	60	34	3	5	13	34	32	27	17	38	851	42	40	28	4	34	|...|	3200075
#	76	苍穹铁壁卫士	55	39	3	5	12	39	43	32	33	17	900	40	38	26	4	33	|...|	3200076
#	77	苍穹疾风刺客	55	34	3	5	12	34	43	44	17	28	899	40	38	26	4	33	|...|	3200077
#	78	苍穹暗影炮手	55	42	3	5	12	42	35	43	26	21	898	40	38	26	4	33	|...|	3200078
#	79	苍穹雷鸣祭祀	55	39	3	5	12	39	40	44	21	29	897	40	38	26	4	33	|...|	3200079
#	80	苍穹霜华先锋	55	34	3	5	12	34	32	27	17	38	896	40	38	26	4	33	|...|	3200080
#	81	苍穹赤焰统帅	55	42	3	5	12	42	33	32	45	28	895	40	38	26	4	33	|...|	3200081
#	82	苍穹玄甲骑士	55	39	3	5	12	39	34	44	41	40	894	40	38	26	4	33	|...|	3200082
#	83	苍穹银翼猎手	55	32	3	5	12	32	40	41	30	39	893	40	38	26	4	33	|...|	3200083
#	84	苍穹幽冥法师	55	45	3	5	12	45	27	37	28	19	892	40	38	26	4	33	|...|	3200084
#	85	苍穹曜日剑士	55	44	3	5	12	44	36	34	45	40	891	40	38	26	4	33	|...|	3200085
#	86	苍穹铁壁卫士	55	40	3	5	12	40	23	19	41	28	890	40	38	26	4	33	|...|	3200086
#	87	苍穹疾风刺客	55	17	3	5	12	17	39	44	19	34	889	40	38	26	4	33	|...|	3200087
#	88	苍穹暗影炮手	55	43	3	5	12	43	28	34	31	33	888	40	38	26	4	33	|...|	3200088
#	89	苍穹雷鸣祭祀	55	37	3	5	12	37	45	17	33	42	887	40	38	26	4	33	|...|	3200089
#	90	苍穹霜华先锋	55	31	3	5	12	31	40	37	28	29	886	40	38	26	4	33	|...|	3200090
#	91	苍穹赤焰统帅	55	35	3	5	12	35	37	26	29	40	885	40	38	26	4	33	|...|	3200091
#	92	苍穹玄甲骑士	55	24	3	5	12	24	36	23	18	45	884	40	38	26	4	33	|...|	3200092
#	93	苍穹银翼猎手	55	19	3	5	12	19	43	39	32	42	883	40	38	26	4	33	|...|	3200093
#	94	苍穹幽冥法师	55	23	3	5	12	23	40	36	21	33	882	40	38	26	4	33	|...|	3200094
#	95	苍穹曜日剑士	55	33	3	5	12	33	41	32	37	31	881	40	38	26	4	33	|...|	3200095
#	96	苍穹铁壁卫士	55	39	3	5	12	39	43	32	33	17	880	40	38	26	4	33	|...|	3200096
#	97	苍穹疾风刺客	55	34	3	5	12	34	43	44	17	28	879	40	38	26	4	33	|...|	3200097
#	98	苍穹暗影炮手	55	42	3	5	12	42	35	43	26	21	878	40	38	26	4	33	|...|	3200098
#	99	苍穹雷鸣祭祀	55	39	3	5	12	39	40	44	21	29	877	40	38	26	4	33	|...|	3200099
#	100	苍穹霜华先锋	55	34	3	5	12	34	32	27	17	38	876	40	38	26	4	33	|...|	3200100
#	101	星芒铁壁剑士	50	39	3	5	11	39	43	32	33	17	925	38	36	24	3	32	|...|	3200101
#	102	星芒疾风卫士	50	34	3	5	11	34	43	44	17	28	924	38	36	24	3	32	|...|	3200102
#	103	星芒暗影刺客	50	42	3	5	11	42	35	43	26	21	923	38	36	24	3	32	|...|	3200103
#	104	星芒雷鸣炮手	50	39	3	5	11	39	40	44	21	29	922	38	36	24	3	32	|...|	3200104
#	105	星芒霜华祭祀	50	34	3	5	11	34	32	27	17	38	921	38	36	24	3	32	|...|	3200105
#	106	星芒赤焰先锋	50	42	3	5	11	42	33	32	45	28	920	38	36	24	3	32	|...|	3200106
#	107	星芒玄甲统帅	50	39	3	5	11	39	34	44	41	40	919	38	36	24	3	32	|...|	3200107
#	108	星芒银翼骑士	50	32	3	5	11	32	40	41	30	39	918	38	36	24	3	32	|...|	3200108
#	109	星芒幽冥猎手	50	45	3	5	11	45	27	37	28	19	917	38	36	24	3	32	|...|	3200109
#	110	星芒曜日法师	50	44	3	5	11	44	36	34	45	40	916	38	36	24	3	32	|...|	3200110
#	111	星芒铁壁剑士	50	40	3	5	11	40	23	19	41	28	915	38	36	24	3	32	|...|	3200111
#	112	星芒疾风卫士	50	17	3	5	11	17	39	44	19	34	914	38	36	24	3	32	|...|	3200112
#	113	星芒暗影刺客	50	43	3	5	11	43	28	34	31	33	913	38	36	24	3	32	|...|	3200113
#	114	星芒雷鸣炮手	50	37	3	5	11	37	45	17	33	42	912	38	36	24	3	32	|...|	3200114
#	115	星芒霜华祭祀	50	31	3	5	11	31	40	37	28	29	911	38	36	24	3	32	|...|	3200115
#	116	星芒赤焰先锋	50	35	3	5	11	35	37	26	29	40	910	38	36	24	3	32	|...|	3200116
#	117	星芒玄甲统帅	50	24	3	5	11	24	36	23	18	45	909	38	36	24	3	32	|...|	3200117
#	118	星芒银翼骑士	50	19	3	5	11	19	43	39	32	42	908	38	36	24	3	32	|...|	3200118
#	119	星芒幽冥猎手	50	23	3	5	11	23	40	36	21	33	907	38	36	24	3	32	|...|	3200119
#	120	星芒曜日法师	50	33	3	5	11	33	41	32	37	31	906	38	36	24	3	32	|...|	3200120
#	121	星芒铁壁剑士	50	39	3	5	11	39	43	32	33	17	905	38	36	24	3	32	|...|	3200121
#	122	星芒疾风卫士	50	34	3	5	11	34	43	44	17	28	904	38	36	24	3	32	|...|	3200122
#	123	星芒暗影刺客	50	42	3	5	11	42	35	43	26	21	903	38	36	24	3	32	|...|	3200123
#	124	星芒雷鸣炮手	50	39	3	5	11	39	40	44	21	29	902	38	36	24	3	32	|...|	3200124
#	125	星芒霜华祭祀	50	34	3	5	11	34	32	27	17	38	901	38	36	24	3	32	|...|	3200125
#	126	淬火铁壁法师	45	39	3	5	10	39	43	32	33	17	950	36	34	22	3	31	|...|	3200126
#	127	淬火疾风剑士	45	34	3	5	10	34	43	44	17	28	949	36	34	22	3	31	|...|	3200127
#	128	淬火暗影卫士	45	42	3	5	10	42	35	43	26	21	948	36	34	22	3	31	|...|	3200128
#	129	淬火雷鸣刺客	45	39	3	5	10	39	40	44	21	29	947	36	34	22	3	31	|...|	3200129
#	130	淬火霜华炮手	45	34	3	5	10	34	32	27	17	38	946	36	34	22	3	31	|...|	3200130
#	131	淬火赤焰祭祀	45	42	3	5	10	42	33	32	45	28	945	36	34	22	3	31	|...|	3200131
#	132	淬火玄甲先锋	45	39	3	5	10	39	34	44	41	40	944	36	34	22	3	31	|...|	3200132
#	133	淬火银翼统帅	45	32	3	5	10	32	40	41	30	39	943	36	34	22	3	31	|...|	3200133
#	134	淬火幽冥骑士	45	45	3	5	10	45	27	37	28	19	942	36	34	22	3	31	|...|	3200134
#	135	淬火曜日猎手	45	44	3	5	10	44	36	34	45	40	941	36	34	22	3	31	|...|	3200135
#	136	淬火铁壁法师	45	40	3	5	10	40	23	19	41	28	940	36	34	22	3	31	|...|	3200136
#	137	淬火疾风剑士	45	17	3	5	10	17	39	44	19	34	939	36	34	22	3	31	|...|	3200137
#	138	淬火暗影卫士	45	43	3	5	10	43	28	34	31	33	938	36	34	22	3	31	|...|	3200138
#	139	淬火雷鸣刺客	45	37	3	5	10	37	45	17	33	42	937	36	34	22	3	31	|...|	3200139
#	140	淬火霜华炮手	45	31	3	5	10	31	40	37	28	29	936	36	34	22	3	31	|...|	3200140
#	141	淬火赤焰祭祀	45	35	3	5	10	35	37	26	29	40	935	36	34	22	3	31	|...|	3200141
#	142	淬火玄甲先锋	45	24	3	5	10	24	36	23	18	45	934	36	34	22	3	31	|...|	3200142
#	143	淬火银翼统帅	45	19	3	5	10	19	43	39	32	42	933	36	34	22	3	31	|...|	3200143
#	144	淬火幽冥骑士	45	23	3	5	10	23	40	36	21	33	932	36	34	22	3	31	|...|	3200144
#	145	淬火曜日猎手	45	33	3	5	10	33	41	32	37	31	931	36	34	22	3	31	|...|	3200145
#	146	淬火铁壁法师	45	39	3	5	10	39	43	32	33	17	930	36	34	22	3	31	|...|	3200146
#	147	淬火疾风剑士	45	34	3	5	10	34	43	44	17	28	929	36	34	22	3	31	|...|	3200147
#	148	淬火暗影卫士	45	42	3	5	10	42	35	43	26	21	928	36	34	22	3	31	|...|	3200148
#	149	淬火雷鸣刺客	45	39	3	5	10	39	40	44	21	29	927	36	34	22	3	31	|...|	3200149
#	150	淬火霜华炮手	45	34	3	5	10	34	32	27	17	38	926	36	34	22	3	31	|...|	3200150
#	151	破军铁壁猎手	40	39	3	5	9	39	43	32	33	17	975	34	32	20	2	30	|...|	3200151
#	152	破军疾风法师	40	34	3	5	9	34	43	44	17	28	974	34	32	20	2	30	|...|	3200152
#	153	破军暗影剑士	40	42	3	5	9	42	35	43	26	21	973	34	32	20	2	30	|...|	3200153
#	154	破军雷鸣卫士	40	39	3	5	9	39	40	44	21	29	972	34	32	20	2	30	|...|	3200154
#	155	破军霜华刺客	40	34	3	5	9	34	32	27	17	38	971	34	32	20	2	30	|...|	3200155
#	156	破军赤焰炮手	40	42	3	5	9	42	33	32	45	28	970	34	32	20	2	30	|...|	3200156
#	157	破军玄甲祭祀	40	39	3	5	9	39	34	44	41	40	969	34	32	20	2	30	|...|	3200157
#	158	破军银翼先锋	40	32	3	5	9	32	40	41	30	39	968	34	32	20	2	30	|...|	3200158
#	159	破军幽冥统帅	40	45	3	5	9	45	27	37	28	19	967	34	32	20	2	30	|...|	3200159
#	160	破军曜日骑士	40	44	3	5	9	44	36	34	45	40	966	34	32	20	2	30	|...|	3200160
#	161	破军铁壁猎手	40	40	3	5	9	40	23	19	41	28	965	34	32	20	2	30	|...|	3200161
#	162	破军疾风法师	40	17	3	5	9	17	39	44	19	34	964	34	32	20	2	30	|...|	3200162
#	163	破军暗影剑士	40	43	3	5	9	43	28	34	31	33	963	34	32	20	2	30	|...|	3200163
#	164	破军雷鸣卫士	40	37	3	5	9	37	45	17	33	42	962	34	32	20	2	30	|...|	3200164
#	165	破军霜华刺客	40	31	3	5	9	31	40	37	28	29	961	34	32	20	2	30	|...|	3200165
#	166	破军赤焰炮手	40	35	3	5	9	35	37	26	29	40	960	34	32	20	2	30	|...|	3200166
#	167	破军玄甲祭祀	40	24	3	5	9	24	36	23	18	45	959	34	32	20	2	30	|...|	3200167
#	168	破军银翼先锋	40	19	3	5	9	19	43	39	32	42	958	34	32	20	2	30	|...|	3200168
#	169	破军幽冥统帅	40	23	3	5	9	23	40	36	21	33	957	34	32	20	2	30	|...|	3200169
#	170	破军曜日骑士	40	33	3	5	9	33	41	32	37	31	956	34	32	20	2	30	|...|	3200170
#	171	破军铁壁猎手	40	39	3	5	9	39	43	32	33	17	955	34	32	20	2	30	|...|	3200171
#	172	破军疾风法师	40	34	3	5	9	34	43	44	17	28	954	34	32	20	2	30	|...|	3200172
#	173	破军暗影剑士	40	42	3	5	9	42	35	43	26	21	953	34	32	20	2	30	|...|	3200173
#	174	破军雷鸣卫士	40	39	3	5	9	39	40	44	21	29	952	34	32	20	2	30	|...|	3200174
#	175	破军霜华刺客	40	34	3	5	9	34	32	27	17	38	951	34	32	20	2	30	|...|	3200175
#	176	坚盾铁壁骑士	35	39	3	5	8	39	43	32	33	17	1000	32	30	18	2	29	|...|	3200176
#	177	坚盾疾风猎手	35	34	3	5	8	34	43	44	17	28	999	32	30	18	2	29	|...|	3200177
#	178	坚盾暗影法师	35	42	3	5	8	42	35	43	26	21	998	32	30	18	2	29	|...|	3200178
#	179	坚盾雷鸣剑士	35	39	3	5	8	39	40	44	21	29	997	32	30	18	2	29	|...|	3200179
#	180	坚盾霜华卫士	35	34	3	5	8	34	32	27	17	38	996	32	30	18	2	29	|...|	3200180
#	181	坚盾赤焰刺客	35	42	3	5	8	42	33	32	45	28	995	32	30	18	2	29	|...|	3200181
#	182	坚盾玄甲炮手	35	39	3	5	8	39	34	44	41	40	994	32	30	18	2	29	|...|	3200182
#	183	坚盾银翼祭祀	35	32	3	5	8	32	40	41	30	39	993	32	30	18	2	29	|...|	3200183
#	184	坚盾幽冥先锋	35	45	3	5	8	45	27	37	28	19	992	32	30	18	2	29	|...|	3200184
#	185	坚盾曜日统帅	35	44	3	5	8	44	36	34	45	40	991	32	30	18	2	29	|...|	3200185
#	186	坚盾铁壁骑士	35	40	3	5	8	40	23	19	41	28	990	32	30	18	2	29	|...|	3200186
#	187	坚盾疾风猎手	35	17	3	5	8	17	39	44	19	34	989	32	30	18	2	29	|...|	3200187
#	188	坚盾暗影法师	35	43	3	5	8	43	28	34	31	33	988	32	30	18	2	29	|...|	3200188
#	189	坚盾雷鸣剑士	35	37	3	5	8	37	45	17	33	42	987	32	30	18	2	29	|...|	3200189
#	190	坚盾霜华卫士	35	31	3	5	8	31	40	37	28	29	986	32	30	18	2	29	|...|	3200190
#	191	坚盾赤焰刺客	35	35	3	5	8	35	37	26	29	40	985	32	30	18	2	29	|...|	3200191
#	192	坚盾玄甲炮手	35	24	3	5	8	24	36	23	18	45	984	32	30	18	2	29	|...|	3200192
#	193	坚盾银翼祭祀	35	19	3	5	8	19	43	39	32	42	983	32	30	18	2	29	|...|	3200193
#	194	坚盾幽冥先锋	35	23	3	5	8	23	40	36	21	33	982	32	30	18	2	29	|...|	3200194
#	195	坚盾曜日统帅	35	33	3	5	8	33	41	32	37	31	981	32	30	18	2	29	|...|	3200195
#	196	坚盾铁壁骑士	35	39	3	5	8	39	43	32	33	17	980	32	30	18	2	29	|...|	3200196
#	197	坚盾疾风猎手	35	34	3	5	8	34	43	44	17	28	979	32	30	18	2	29	|...|	3200197
#	198	坚盾暗影法师	35	42	3	5	8	42	35	43	26	21	978	32	30	18	2	29	|...|	3200198
#	199	坚盾雷鸣剑士	35	39	3	5	8	39	40	44	21	29	977	32	30	18	2	29	|...|	3200199
#	200	坚盾霜华卫士	35	34	3	5	8	34	32	27	17	38	976	32	30	18	2	29	|...|	3200200
#	201	正义诺曼	30	39	3	5	8	39	43	32	33	17	5000	30	28	16	1	28	|...|	3200201
#	202	梦幻大西瓜	30	34	3	5	7	34	43	44	17	28	4999	30	28	16	1	27	|...|	3200202
#	203	游荡大克莱尔	30	42	3	5	6	42	35	43	26	21	4998	30	28	16	1	26	|...|	3200203
#	204	呆呆海伦娜	30	39	3	5	5	39	40	44	21	29	4997	30	28	16	1	25	|...|	3200204
#	205	灌水小伊妮德	30	34	3	5	5	34	32	27	17	38	4996	30	28	16	1	25	|...|	3200205
#	206	仁义的汉克	30	42	3	5	5	42	33	32	45	28	4995	30	28	16	1	25	|...|	3200206
#	207	伤感艾基尔玛	30	39	3	5	5	39	34	44	41	40	4994	30	28	16	1	25	|...|	3200207
#	208	疗养大唐纳德	30	32	3	5	5	32	40	41	30	39	4993	30	28	16	1	25	|...|	3200208
#	209	冷面加文	30	34	3	5	5	34	40	44	28	17	4992	30	28	16	1	25	|...|	3200209
#	210	忠义琳达	30	34	3	5	5	34	19	32	33	17	4991	30	28	16	1	25	|...|	3200210
#	211	小艾基尔美	30	40	3	5	4	40	23	19	41	28	4990	30	28	16	1	24	|...|	3200211
#	212	奔跑小伊凡	30	17	3	5	4	17	39	44	19	34	4989	30	28	16	1	24	|...|	3200212
#	213	十方乔伊斯	30	43	3	5	4	43	28	34	31	33	4988	30	28	16	1	24	|...|	3200213
#	214	北欧杏仁	30	37	3	5	4	37	45	17	33	42	4987	30	28	16	1	24	|...|	3200214
#	215	饥饿丹尼斯	30	18	3	5	4	18	26	33	36	38	4986	30	28	16	1	24	|...|	3200215
#	216	慈善的里奇	30	31	3	5	4	31	40	37	28	29	4985	30	28	16	1	24	|...|	3200216
#	217	影子大哈里森	30	35	3	5	4	35	37	26	29	40	4984	30	28	16	1	24	|...|	3200217
#	218	阔绰大马修	30	40	3	5	4	40	19	30	29	32	4983	30	28	16	1	24	|...|	3200218
#	219	死神詹森	30	45	3	5	4	45	24	38	27	32	4982	30	28	16	1	24	|...|	3200219
#	220	豪爽的汉娜	30	24	3	5	4	24	36	23	18	45	4981	30	28	16	1	24	|...|	3200220
#	221	圆梦费怡	30	19	3	5	4	19	43	39	32	42	4980	30	28	16	1	24	|...|	3200221
#	222	忘情凯茜	30	39	3	5	4	39	17	34	33	41	4979	30	28	16	1	24	|...|	3200222
#	223	制裁的曼迪	30	23	3	5	4	23	40	36	21	33	4978	30	28	16	1	24	|...|	3200223
#	224	天才大安妮	30	44	3	5	4	44	36	34	45	40	4977	30	28	16	1	24	|...|	3200224
#	225	散步小真相	30	18	3	5	4	18	20	29	28	45	4976	30	28	16	1	24	|...|	3200225
#	226	靠谱大狄克	30	33	3	5	4	33	41	32	37	31	4975	30	28	16	1	24	|...|	3200226
#	227	出头大加百利	30	23	3	5	4	23	20	40	27	31	4974	30	28	16	1	24	|...|	3200227
#	228	努力的克洛伊	30	23	3	5	4	23	19	45	44	35	4973	30	28	16	1	24	|...|	3200228
#	229	饥饿大罗兰	30	32	3	5	4	32	18	42	31	24	4972	30	28	16	1	24	|...|	3200229
#	230	特训的埃莉卡	30	26	3	5	4	26	24	35	17	42	4971	30	28	16	1	24	|...|	3200230
#	231	审结大艾伦	30	31	3	5	4	31	45	28	37	43	4970	30	28	16	1	24	|...|	3200231
#	232	不屈彼得	30	24	3	5	4	24	17	29	36	33	4969	30	28	16	1	24	|...|	3200232
#	233	双刀露西娅	30	45	3	5	4	45	27	37	28	19	4968	30	28	16	1	24	|...|	3200233
#	234	圆梦的本森	30	17	3	5	4	17	28	26	19	34	4967	30	28	16	1	24	|...|	3200234
#	235	忧郁大艾莉森	30	28	3	5	4	28	36	23	44	29	4966	30	28	16	1	24	|...|	3200235
#	236	特训小美洛蒂	30	23	3	5	4	23	40	33	38	24	4965	30	28	16	1	24	|...|	3200236
#	237	微笑葡萄	30	44	3	5	4	44	39	28	38	18	4964	30	28	16	1	24	|...|	3200237
#	238	下凡梅甘	30	23	3	5	4	23	20	35	21	30	4963	30	28	16	1	24	|...|	3200238
#	239	慈爱大梅森	30	17	3	5	4	17	39	33	18	24	4962	30	28	16	1	24	|...|	3200239
#	240	极速小马驹	30	19	3	5	4	19	44	45	24	17	4961	30	28	16	1	24	|...|	3200240
#	241	棉花糖大安尼塔	30	34	3	5	4	34	17	36	33	20	4960	30	28	16	1	24	|...|	3200241
#	242	天空的安东尼	30	26	3	5	4	26	18	33	29	45	4959	30	28	16	1	24	|...|	3200242
#	243	腹黑的比尔	30	24	3	5	4	24	40	38	45	39	4958	30	28	16	1	24	|...|	3200243
#	244	轻劳瑞恩	30	26	3	5	4	26	29	21	43	17	4957	30	28	16	1	24	|...|	3200244
#	245	轻小凯尔西	30	32	3	5	4	32	44	30	26	40	4956	30	28	16	1	24	|...|	3200245
#	246	重磅大史蒂文	30	28	3	5	4	28	37	27	34	30	4955	30	28	16	1	24	|...|	3200246
#	247	遗忘大凯茜	30	29	3	5	4	29	31	26	45	24	4954	30	28	16	1	24	|...|	3200247
#	248	红色的本	30	39	3	5	4	39	31	43	37	17	4953	30	28	16	1	24	|...|	3200248
#	249	公正小珍妮特	30	17	3	5	4	17	32	27	40	19	4952	30	28	16	1	24	|...|	3200249
#	250	有病的塞西	30	41	3	5	4	41	36	20	31	18	4951	30	28	16	1	24	|...|	3200250
#	251	悲情詹妮	30	38	3	5	3	38	37	29	31	41	4950	30	28	16	1	23	|...|	3200251
#	252	豪爽大斯宾塞	30	29	3	5	3	29	32	44	34	26	4949	30	28	16	1	23	|...|	3200252
#	253	肆虐小罗杰	30	21	3	5	3	21	30	42	18	35	4948	30	28	16	1	23	|...|	3200253
#	254	无妄大梅琳达	30	34	3	5	3	34	19	41	29	21	4947	30	28	16	1	23	|...|	3200254
#	255	雷霆大肯尼	30	39	3	5	3	39	36	43	23	20	4946	30	28	16	1	23	|...|	3200255
#	256	狂野大夕阳	30	31	3	5	3	31	35	40	38	39	4945	30	28	16	1	23	|...|	3200256
#	257	致命的伊甸园	30	43	3	5	3	43	41	19	35	42	4944	30	28	16	1	23	|...|	3200257
#	258	吟游基诺	30	30	3	5	3	30	42	40	43	26	4943	30	28	16	1	23	|...|	3200258
#	259	疗养的坎蒂	30	36	3	5	3	36	32	40	31	28	4942	30	28	16	1	23	|...|	3200259
#	260	公正的海伦娜	30	38	3	5	3	38	33	34	31	29	4941	30	28	16	1	23	|...|	3200260
#	261	呆呆大劳伦斯	30	38	3	5	3	38	35	37	45	27	4940	30	28	16	1	23	|...|	3200261
#	262	硬糖希尔顿	30	42	3	5	3	42	33	35	27	39	4939	30	28	16	1	23	|...|	3200262
#	263	神圣的杰瑞	30	36	3	5	3	36	35	21	42	34	4938	30	28	16	1	23	|...|	3200263
#	264	无相的华纳	30	29	3	5	3	29	44	20	23	34	4937	30	28	16	1	23	|...|	3200264
#	265	遗忘马丁	30	31	3	5	3	31	35	43	28	29	4936	30	28	16	1	23	|...|	3200265
#	266	魔幻大罗伊	30	34	3	5	3	34	39	44	37	24	4935	30	28	16	1	23	|...|	3200266
#	267	萌萌的科林	30	42	3	5	3	42	21	37	28	32	4934	30	28	16	1	23	|...|	3200267
#	268	神之手番茄	30	32	3	5	3	32	29	28	30	24	4933	30	28	16	1	23	|...|	3200268
#	269	挥手小伊桑	30	17	3	5	3	17	31	32	21	20	4932	30	28	16	1	23	|...|	3200269
#	270	非凡大圣经	30	38	3	5	3	38	18	33	17	19	4931	30	28	16	1	23	|...|	3200270
#	271	制霸小道	30	44	3	5	3	44	23	27	34	36	4930	30	28	16	1	23	|...|	3200271
#	272	理智艾基尔琳	30	43	3	5	3	43	39	40	41	19	4929	30	28	16	1	23	|...|	3200272
#	273	巅峰大杰罗姆	30	23	3	5	3	23	39	17	33	44	4928	30	28	16	1	23	|...|	3200273
#	274	唯一大露茜	30	30	3	5	3	30	41	24	27	43	4927	30	28	16	1	23	|...|	3200274
#	275	完美的萨米	30	31	3	5	3	31	30	32	36	28	4926	30	28	16	1	23	|...|	3200275
#	276	独眼大艾塞亚	30	34	3	5	3	34	41	29	24	40	4925	30	28	16	1	23	|...|	3200276
#	277	旗下芒果	30	40	3	5	3	40	43	34	27	44	4924	30	28	16	1	23	|...|	3200277
#	278	遗忘小小米糕	30	39	3	5	3	39	33	20	31	27	4923	30	28	16	1	23	|...|	3200278
#	279	有病安伯	30	41	3	5	3	41	40	23	19	36	4922	30	28	16	1	23	|...|	3200279
#	280	肆虐的杰伊	30	23	3	5	3	23	40	28	17	41	4921	30	28	16	1	23	|...|	3200280
#	281	守望的凯里	30	44	3	5	3	44	24	27	28	39	4920	30	28	16	1	23	|...|	3200281
#	282	散步诺亚	30	45	3	5	3	45	40	17	38	41	4919	30	28	16	1	23	|...|	3200282
#	283	幽默埃莉卡	30	42	3	5	3	42	26	23	19	28	4918	30	28	16	1	23	|...|	3200283
#	284	腹黑小简	30	28	3	5	3	28	20	44	36	45	4917	30	28	16	1	23	|...|	3200284
#	285	无敌小约瑟夫	30	32	3	5	3	32	38	41	37	29	4916	30	28	16	1	23	|...|	3200285
#	286	光头堂娜	30	36	3	5	3	36	41	40	18	35	4915	30	28	16	1	23	|...|	3200286
#	287	追风玛丽	30	27	3	5	3	27	32	36	24	29	4914	30	28	16	1	23	|...|	3200287
#	288	前场沃伦	30	31	3	5	3	31	28	24	23	18	4913	30	28	16	1	23	|...|	3200288
#	289	青训的西德尼	30	17	3	5	3	17	32	43	30	29	4912	30	28	16	1	23	|...|	3200289
#	290	愤怒的科迪	30	17	3	5	3	17	41	37	45	33	4911	30	28	16	1	23	|...|	3200290
#	291	救世小玉	30	35	3	5	3	35	34	44	43	29	4910	30	28	16	1	23	|...|	3200291
#	292	慈爱菲比	30	26	3	5	3	26	21	23	34	43	4909	30	28	16	1	23	|...|	3200292
#	293	灌水杰伊	30	40	3	5	3	40	19	45	44	28	4908	30	28	16	1	23	|...|	3200293
#	294	幽默大稻草	30	36	3	5	3	36	42	35	23	34	4907	30	28	16	1	23	|...|	3200294
#	295	袖珍大卡罗琳	30	42	3	5	3	42	36	29	35	20	4906	30	28	16	1	23	|...|	3200295
#	296	忽悠大爱沙拉	30	39	3	5	3	39	34	33	21	41	4905	30	28	16	1	23	|...|	3200296
#	297	复出的路易丝	30	39	3	5	3	39	34	36	28	23	4904	30	28	16	1	23	|...|	3200297
#	298	游荡小布朗	30	34	3	5	3	34	36	31	40	29	4903	30	28	16	1	23	|...|	3200298
#	299	助威小栗子	30	42	3	5	3	42	18	28	36	31	4902	30	28	16	1	23	|...|	3200299
#	300	助攻吉娜	30	33	3	5	3	33	30	21	45	27	4901	30	28	16	1	23	|...|	3200300
#	301	招牌大杰奎琳	30	28	2	5	1	28	26	37	33	41	4900	30	28	16	1	22	|...|	3200301
#	302	爱艾琳娜	30	33	2	5	1	33	17	35	30	32	4899	30	28	16	1	22	|...|	3200302
#	303	丑陋的所罗门	30	29	2	5	1	29	18	24	27	43	4898	30	28	16	1	22	|...|	3200303
#	304	悲情摩根	30	34	2	5	1	34	29	38	45	24	4897	30	28	16	1	22	|...|	3200304
#	305	忧郁小乔斯林	30	21	2	5	1	21	29	23	44	20	4896	30	28	16	1	22	|...|	3200305
#	306	挥手大亚伯	30	38	2	5	1	38	41	37	30	27	4895	30	28	16	1	22	|...|	3200306
#	307	阳光大埃尔莎	30	36	2	5	1	36	31	34	41	38	4894	30	28	16	1	22	|...|	3200307
#	308	致命马驹	30	39	2	5	1	39	24	19	23	38	4893	30	28	16	1	22	|...|	3200308
#	309	北欧大加里	30	35	2	5	1	35	42	37	19	31	4892	30	28	16	1	22	|...|	3200309
#	310	天空小大熊	30	35	2	5	1	35	36	42	21	32	4891	30	28	16	1	22	|...|	3200310
#	311	仁义的格瑞丝	30	28	2	5	1	28	17	26	40	37	4890	30	28	16	1	22	|...|	3200311
#	312	仁义雷纳德	30	26	2	5	1	26	41	33	36	30	4889	30	28	16	1	22	|...|	3200312
#	313	乱世小马文	30	37	2	5	1	37	20	33	41	23	4888	30	28	16	1	22	|...|	3200313
#	314	旗下乔伊	30	35	2	5	1	35	20	17	19	28	4887	30	28	16	1	22	|...|	3200314
#	315	爆裂弹凯尔	30	37	2	5	1	37	32	36	43	35	4886	30	28	16	1	22	|...|	3200315
#	316	火爆大梅利莎	30	30	2	5	1	30	36	34	45	28	4885	30	28	16	1	22	|...|	3200316
#	317	一个杰西卡	30	37	2	5	1	37	19	39	29	17	4884	30	28	16	1	22	|...|	3200317
#	318	军中的茉莉	30	28	2	5	1	28	33	35	44	43	4883	30	28	16	1	22	|...|	3200318
#	319	孤独文森特	30	28	2	5	1	28	30	34	18	19	4882	30	28	16	1	22	|...|	3200319
#	320	幽灵的螺丝钉	30	40	2	5	1	40	39	36	42	41	4881	30	28	16	1	22	|...|	3200320
#	321	忠义大卡尔	30	42	2	5	1	42	18	41	43	23	4880	30	28	16	1	22	|...|	3200321
#	322	爆裂弹小比利	30	34	2	5	1	34	45	36	33	21	4879	30	28	16	1	22	|...|	3200322
#	323	无妄小滑板	30	31	2	5	1	31	34	41	29	38	4878	30	28	16	1	22	|...|	3200323
#	324	传奇大玛克辛	30	23	2	5	1	23	19	32	26	35	4877	30	28	16	1	22	|...|	3200324
#	325	蓝色安东尼	30	40	2	5	1	40	36	26	33	28	4876	30	28	16	1	22	|...|	3200325
#	326	白天大肯	30	29	2	5	1	29	24	40	37	20	4875	30	28	16	1	22	|...|	3200326
#	327	乱世大艾琳娜	30	33	2	5	1	33	30	44	29	20	4874	30	28	16	1	22	|...|	3200327
#	328	孤独杏仁	30	45	2	5	1	45	36	39	44	31	4873	30	28	16	1	22	|...|	3200328
#	329	吴钩托德	30	38	2	5	1	38	44	33	24	29	4872	30	28	16	1	22	|...|	3200329
#	330	冷静小劳伦特	30	18	2	5	1	18	20	21	43	24	4871	30	28	16	1	22	|...|	3200330
#	331	骇人大基诺	30	38	2	5	1	38	21	37	30	17	4870	30	28	16	1	22	|...|	3200331
#	332	追风小马西	30	28	2	5	1	28	24	21	45	30	4869	30	28	16	1	22	|...|	3200332
#	333	笑面晓恩	30	23	2	5	1	23	37	27	41	19	4868	30	28	16	1	22	|...|	3200333
#	334	神锋的钜子	30	17	2	5	1	17	37	19	35	18	4867	30	28	16	1	22	|...|	3200334
#	335	巅峰的乔尼	30	45	2	5	1	45	19	24	31	21	4866	30	28	16	1	22	|...|	3200335
#	336	风流小安琪	30	30	2	5	1	30	43	20	21	44	4865	30	28	16	1	22	|...|	3200336
#	337	游荡肯	30	21	2	5	1	21	20	43	33	19	4864	30	28	16	1	22	|...|	3200337
#	338	无妄小黛安娜	30	35	2	5	1	35	17	40	42	38	4863	30	28	16	1	22	|...|	3200338
#	339	弹簧小斯坦利	30	36	2	5	1	36	28	39	33	45	4862	30	28	16	1	22	|...|	3200339
#	340	娃面大梅维丝	30	24	2	5	1	24	40	30	31	42	4861	30	28	16	1	22	|...|	3200340
#	341	玻璃费怡	30	34	2	5	1	34	29	17	20	23	4860	30	28	16	1	22	|...|	3200341
#	342	寂寞降落伞	30	27	2	5	1	27	43	33	38	40	4859	30	28	16	1	22	|...|	3200342
#	343	傲娇的看门人	30	38	2	5	1	38	37	21	19	44	4858	30	28	16	1	22	|...|	3200343
#	344	橡皮的西德尼	30	40	2	5	1	40	35	24	21	43	4857	30	28	16	1	22	|...|	3200344
#	345	特训的鲍比	30	38	2	5	1	38	26	40	20	24	4856	30	28	16	1	22	|...|	3200345
#	346	神之手小汉克	30	27	2	5	1	27	44	17	37	39	4855	30	28	16	1	22	|...|	3200346
#	347	疗养的沃伦	30	32	2	5	1	32	41	17	18	24	4854	30	28	16	1	22	|...|	3200347
#	348	华丽的迈克尔	30	21	2	5	1	21	38	41	24	31	4853	30	28	16	1	22	|...|	3200348
#	349	忽悠的奥利弗	30	24	2	5	1	24	27	42	28	21	4852	30	28	16	1	22	|...|	3200349
#	350	饥饿大乔治	30	45	2	5	1	45	44	32	19	28	4851	30	28	16	1	22	|...|	3200350
#	351	骇人科兹莫	30	38	2	5	1	38	35	32	24	43	4850	30	28	16	1	22	|...|	3200351
#	352	乱战法典	30	36	2	5	1	36	17	21	20	29	4849	30	28	16	1	22	|...|	3200352
#	353	酱油艾基尔达	30	40	2	5	1	40	41	23	24	28	4848	30	28	16	1	22	|...|	3200353
#	354	秃头小哈帝	30	21	2	5	1	21	29	20	28	30	4847	30	28	16	1	22	|...|	3200354
#	355	滚滚雄鹰	30	19	2	5	1	19	42	43	34	31	4846	30	28	16	1	22	|...|	3200355
#	356	火爆小卡门	30	37	2	5	1	37	18	42	41	28	4845	30	28	16	1	22	|...|	3200356
#	357	多面大杏仁	30	43	2	5	1	43	23	41	33	27	4844	30	28	16	1	22	|...|	3200357
#	358	十方约瑟夫	30	35	2	5	1	35	37	32	17	44	4843	30	28	16	1	22	|...|	3200358
#	359	慈爱的玛克辛	30	36	2	5	1	36	43	18	28	41	4842	30	28	16	1	22	|...|	3200359
#	360	卷毛大乔丹	30	20	2	5	1	20	27	18	45	32	4841	30	28	16	1	22	|...|	3200360
#	361	火爆小玉	30	23	2	5	1	23	18	21	35	44	4840	30	28	16	1	22	|...|	3200361
#	362	孤独大海伦	30	23	2	5	1	23	20	44	37	36	4839	30	28	16	1	22	|...|	3200362
#	363	耍帅的肯尼	30	43	2	5	1	43	31	20	33	36	4838	30	28	16	1	22	|...|	3200363
#	364	上进沃伦	30	21	2	5	1	21	24	36	26	38	4837	30	28	16	1	22	|...|	3200364
#	365	冷静的伊娃	30	42	2	5	1	42	37	35	24	39	4836	30	28	16	1	22	|...|	3200365
#	366	伪善小路易斯	30	40	2	5	1	40	17	42	32	18	4835	30	28	16	1	22	|...|	3200366
#	367	不羁艾略特	30	28	2	5	1	28	43	40	31	35	4834	30	28	16	1	22	|...|	3200367
#	368	奔跑伊芙	30	44	2	5	1	44	24	31	18	27	4833	30	28	16	1	22	|...|	3200368
#	369	努力小钜子	30	24	2	5	1	24	33	45	28	43	4832	30	28	16	1	22	|...|	3200369
#	370	强悍大罗伊	30	31	2	5	1	31	35	23	24	44	4831	30	28	16	1	22	|...|	3200370
#	371	吴钩的露西妮	30	41	2	5	1	41	42	36	44	31	4830	30	28	16	1	22	|...|	3200371
#	372	红色的艾塞亚	30	29	2	5	1	29	21	33	23	42	4829	30	28	16	1	22	|...|	3200372
#	373	仁义大大海	30	44	2	5	1	44	42	31	37	20	4828	30	28	16	1	22	|...|	3200373
#	374	被爱的乔纳森	30	39	2	5	1	39	18	34	19	23	4827	30	28	16	1	22	|...|	3200374
#	375	金发乔伊	30	36	2	5	1	36	31	23	32	29	4826	30	28	16	1	22	|...|	3200375
#	376	阔绰小真知	30	42	2	5	1	42	38	19	27	26	4825	30	28	16	1	22	|...|	3200376
#	377	傲娇的小玉	30	23	2	5	1	23	40	45	41	27	4824	30	28	16	1	22	|...|	3200377
#	378	橡皮大布兰登	30	34	2	5	1	34	45	39	31	20	4823	30	28	16	1	22	|...|	3200378
#	379	神锋阿波罗	30	33	2	5	1	33	44	42	21	40	4822	30	28	16	1	22	|...|	3200379
#	380	幽灵大真知	30	24	2	5	1	24	23	40	21	35	4821	30	28	16	1	22	|...|	3200380
#	381	造点电灯泡	30	37	2	5	1	37	33	34	38	35	4820	30	28	16	1	22	|...|	3200381
#	382	腹黑的罗伯特	30	29	2	5	1	29	35	18	31	33	4819	30	28	16	1	22	|...|	3200382
#	383	酱油埃里克	30	27	2	5	1	27	43	29	28	45	4818	30	28	16	1	22	|...|	3200383
#	384	当红的阿维娃	30	34	2	5	1	34	39	40	33	37	4817	30	28	16	1	22	|...|	3200384
#	385	传奇大塞西	30	44	2	5	1	44	31	45	36	40	4816	30	28	16	1	22	|...|	3200385
#	386	棉花糖的真相	30	39	2	5	1	39	17	21	29	37	4815	30	28	16	1	22	|...|	3200386
#	387	无畏大熊	30	42	2	5	1	42	29	40	24	39	4814	30	28	16	1	22	|...|	3200387
#	388	杀戮者小禅	30	31	2	5	1	31	34	20	40	39	4813	30	28	16	1	22	|...|	3200388
#	389	天生萨姆	30	21	2	5	1	21	17	31	45	28	4812	30	28	16	1	22	|...|	3200389
#	390	不攻卡梅伦	30	34	2	5	1	34	35	40	21	29	4811	30	28	16	1	22	|...|	3200390
#	391	低调南茜	30	37	2	5	1	37	26	44	18	32	4810	30	28	16	1	22	|...|	3200391
#	392	丑陋的梅琳达	30	33	2	5	1	33	26	35	30	20	4809	30	28	16	1	22	|...|	3200392
#	393	阔绰小卡门	30	35	2	5	1	35	40	36	30	21	4808	30	28	16	1	22	|...|	3200393
#	394	军中艾达	30	43	2	5	1	43	19	18	31	35	4807	30	28	16	1	22	|...|	3200394
#	395	慈爱小基蒂	30	32	2	5	1	32	31	42	41	28	4806	30	28	16	1	22	|...|	3200395
#	396	奇怪的布伦达	30	33	2	5	1	33	45	18	27	42	4805	30	28	16	1	22	|...|	3200396
#	397	乱世小马克斯	30	21	2	5	1	21	45	29	38	31	4804	30	28	16	1	22	|...|	3200397
#	398	伤心的乔治	30	44	2	5	1	44	20	38	17	33	4803	30	28	16	1	22	|...|	3200398
#	399	耍帅小玛丽莲	30	38	2	5	1	38	27	34	24	42	4802	30	28	16	1	22	|...|	3200399
#	400	慈爱的汤米	30	27	2	5	1	27	28	40	37	35	4801	30	28	16	1	22	|...|	3200400
#	401	轻的加比	29	32	2	4	6	32	30	43	17	21	4800	29	27	15	0	21	|...|	3200401
#	402	稳定的夏洛特	29	35	2	4	6	35	23	17	37	24	4799	29	27	15	0	21	|...|	3200402
#	403	盗梦的科迪	29	23	2	4	6	23	41	21	30	42	4798	29	27	15	0	21	|...|	3200403
#	404	绿色小朱莉娅	29	19	2	4	6	19	33	39	40	18	4797	29	27	15	0	21	|...|	3200404
#	405	救世小小二	29	44	2	4	6	44	19	24	31	30	4796	29	27	15	0	21	|...|	3200405
#	406	圣大凯文	29	36	2	4	6	36	38	43	42	20	4795	29	27	15	0	21	|...|	3200406
#	407	关键的唐纳德	29	24	2	4	6	24	44	29	35	43	4794	29	27	15	0	21	|...|	3200407
#	408	灌水的诺亚	29	20	2	4	6	20	30	23	35	45	4793	29	27	15	0	21	|...|	3200408
#	409	阳光露西娅	29	27	2	4	6	27	26	20	28	38	4792	29	27	15	0	21	|...|	3200409
#	410	补考大黛博拉	29	45	2	4	6	45	37	44	30	32	4791	29	27	15	0	21	|...|	3200410
#	411	闪电艾基尔比	29	26	2	4	6	26	17	40	41	31	4790	29	27	15	0	21	|...|	3200411
#	412	二货大泽伟	29	27	2	4	6	27	38	40	24	18	4789	29	27	15	0	21	|...|	3200412
#	413	奇妙的玛莎	29	34	2	4	6	34	30	27	38	23	4788	29	27	15	0	21	|...|	3200413
#	414	冷血小埃德加	29	32	2	4	6	32	27	40	20	33	4787	29	27	15	0	21	|...|	3200414
#	415	大杰克	29	45	2	4	6	45	43	35	40	29	4786	29	27	15	0	21	|...|	3200415
#	416	滚滚大莱斯利	29	29	2	4	6	29	36	40	31	28	4785	29	27	15	0	21	|...|	3200416
#	417	三生的路易斯	29	31	2	4	6	31	29	40	18	23	4784	29	27	15	0	21	|...|	3200417
#	418	神秘雷克斯	29	36	2	4	6	36	35	18	38	39	4783	29	27	15	0	21	|...|	3200418
#	419	光速大绝顶	29	41	2	4	6	41	29	18	21	36	4782	29	27	15	0	21	|...|	3200419
#	420	华丽小弗瑞德	29	26	2	4	6	26	42	32	28	18	4781	29	27	15	0	21	|...|	3200420
#	421	理智小埃莉卡	29	36	2	4	6	36	40	19	41	17	4780	29	27	15	0	21	|...|	3200421
#	422	风流的海顿	29	34	2	4	6	34	26	18	21	43	4779	29	27	15	0	21	|...|	3200422
#	423	代言艾许莉	29	23	2	4	6	23	37	24	21	31	4778	29	27	15	0	21	|...|	3200423
#	424	恋恋大艾维	29	28	2	4	6	28	38	26	33	21	4777	29	27	15	0	21	|...|	3200424
#	425	十方的西瓜	29	30	2	4	6	30	43	42	40	37	4776	29	27	15	0	21	|...|	3200425
#	426	遗忘的亚伦	29	29	2	4	6	29	45	43	20	17	4775	29	27	15	0	21	|...|	3200426
#	427	上进大尼尔	29	41	2	4	6	41	27	34	43	37	4774	29	27	15	0	21	|...|	3200427
#	428	努力的格林	29	45	2	4	6	45	31	21	26	27	4773	29	27	15	0	21	|...|	3200428
#	429	绝世的面条	29	24	2	4	6	24	40	36	38	17	4772	29	27	15	0	21	|...|	3200429
#	430	复出大奥特曼	29	23	2	4	6	23	29	41	17	32	4771	29	27	15	0	21	|...|	3200430
#	431	冷静大姬恩	29	43	2	4	6	43	32	39	28	29	4770	29	27	15	0	21	|...|	3200431
#	432	传奇大珍娜	29	19	2	4	6	19	45	20	43	30	4769	29	27	15	0	21	|...|	3200432
#	433	闪电琼	29	17	2	4	6	17	39	23	32	36	4768	29	27	15	0	21	|...|	3200433
#	434	光头泰德	29	44	2	4	6	44	43	40	32	26	4767	29	27	15	0	21	|...|	3200434
#	435	种田大爱迪生	29	29	2	4	6	29	28	23	36	39	4766	29	27	15	0	21	|...|	3200435
#	436	爱大艾米丽	29	30	2	4	6	30	31	40	34	37	4765	29	27	15	0	21	|...|	3200436
#	437	星月的乔丹	29	20	2	4	6	20	17	27	26	37	4764	29	27	15	0	21	|...|	3200437
#	438	忧郁的西蒙	29	34	2	4	6	34	31	30	19	37	4763	29	27	15	0	21	|...|	3200438
#	439	白发艾许莉	29	37	2	4	6	37	18	42	38	33	4762	29	27	15	0	21	|...|	3200439
#	440	冰冷的海莉	29	34	2	4	6	34	45	31	28	29	4761	29	27	15	0	21	|...|	3200440
#	441	诚信大芭比	29	18	2	4	6	18	20	44	42	24	4760	29	27	15	0	21	|...|	3200441
#	442	百式小道	29	21	2	4	6	21	17	34	37	27	4759	29	27	15	0	21	|...|	3200442
#	443	神气的莫琳	29	27	2	4	6	27	43	18	31	32	4758	29	27	15	0	21	|...|	3200443
#	444	终极大布兰奇	29	36	2	4	6	36	41	21	27	38	4757	29	27	15	0	21	|...|	3200444
#	445	升华小雷克斯	29	32	2	4	6	32	40	18	19	45	4756	29	27	15	0	21	|...|	3200445
#	446	零式的凯里	29	42	2	4	6	42	26	19	43	24	4755	29	27	15	0	21	|...|	3200446
#	447	神气小马尔斯	29	42	2	4	6	42	26	38	21	30	4754	29	27	15	0	21	|...|	3200447
#	448	魔相的安伯	29	44	2	4	6	44	23	40	41	28	4753	29	27	15	0	21	|...|	3200448
#	449	励志的比尔	29	26	2	4	6	26	39	18	20	29	4752	29	27	15	0	21	|...|	3200449
#	450	绝世马文	29	27	2	4	6	27	34	23	36	44	4751	29	27	15	0	21	|...|	3200450
#	451	寂寞克拉克	29	45	2	4	6	45	39	38	19	36	4750	29	27	15	0	21	|...|	3200451
#	452	冷血的桃瑞丝	29	40	2	4	6	40	43	45	17	38	4749	29	27	15	0	21	|...|	3200452
#	453	嗜血降落伞	29	21	2	4	6	21	26	45	33	42	4748	29	27	15	0	21	|...|	3200453
#	454	升华霍华德	29	20	2	4	6	20	43	38	39	24	4747	29	27	15	0	21	|...|	3200454
#	455	梦幻大雅各布	29	28	2	4	6	28	18	45	27	24	4746	29	27	15	0	21	|...|	3200455
#	456	伤感的贝亚特	29	28	2	4	6	28	23	30	17	44	4745	29	27	15	0	21	|...|	3200456
#	457	单车梅维丝	29	43	2	4	6	43	17	21	24	44	4744	29	27	15	0	21	|...|	3200457
#	458	审结大凯拉	29	17	2	4	6	17	40	36	39	37	4743	29	27	15	0	21	|...|	3200458
#	459	首任小雷	29	37	2	4	6	37	24	26	32	29	4742	29	27	15	0	21	|...|	3200459
#	460	奔跑的琳达	29	17	2	4	6	17	32	27	39	36	4741	29	27	15	0	21	|...|	3200460
#	461	正经大丹尼斯	29	35	2	4	6	35	30	34	23	26	4740	29	27	15	0	21	|...|	3200461
#	462	潜水艾基尔莉尔	29	32	2	4	6	32	27	31	28	42	4739	29	27	15	0	21	|...|	3200462
#	463	挥手的艾莉尔	29	32	2	4	6	32	23	35	19	40	4738	29	27	15	0	21	|...|	3200463
#	464	吴钩小看门人	29	41	2	4	6	41	36	23	26	19	4737	29	27	15	0	21	|...|	3200464
#	465	棉花糖大谷仓	29	17	2	4	6	17	18	27	30	40	4736	29	27	15	0	21	|...|	3200465
#	466	魔相的伊迪萨	29	21	2	4	6	21	36	38	32	41	4735	29	27	15	0	21	|...|	3200466
#	467	娃面大夏洛特	29	39	2	4	6	39	32	17	38	35	4734	29	27	15	0	21	|...|	3200467
#	468	登顶的杰克逊	29	42	2	4	6	42	19	30	33	24	4733	29	27	15	0	21	|...|	3200468
#	469	帐下大小二	29	36	2	4	6	36	41	28	40	24	4732	29	27	15	0	21	|...|	3200469
#	470	被爱大卡蒂	29	39	2	4	6	39	41	19	31	35	4731	29	27	15	0	21	|...|	3200470
#	471	肥大雷欧	29	34	2	4	6	34	44	39	38	43	4730	29	27	15	0	21	|...|	3200471
#	472	夜空的詹妮	29	30	2	4	6	30	26	32	31	40	4729	29	27	15	0	21	|...|	3200472
#	473	天才小瑞利	29	28	2	4	6	28	21	37	45	27	4728	29	27	15	0	21	|...|	3200473
#	474	娃面狄克	29	45	2	4	6	45	29	36	27	19	4727	29	27	15	0	21	|...|	3200474
#	475	仁义科瑞恩	29	38	2	4	6	38	41	36	44	26	4726	29	27	15	0	21	|...|	3200475
#	476	军中小荔枝	29	24	2	4	6	24	28	20	42	17	4725	29	27	15	0	21	|...|	3200476
#	477	爆裂弹小狄克	29	30	2	4	6	30	45	34	36	37	4724	29	27	15	0	21	|...|	3200477
#	478	硬糖小琳达	29	42	2	4	6	42	41	21	30	26	4723	29	27	15	0	21	|...|	3200478
#	479	弹簧的禅	29	23	2	4	6	23	34	39	37	44	4722	29	27	15	0	21	|...|	3200479
#	480	傲娇的尤杜拉	29	37	2	4	6	37	39	17	19	42	4721	29	27	15	0	21	|...|	3200480
#	481	雷霆小大海	29	31	2	4	6	31	23	39	28	45	4720	29	27	15	0	21	|...|	3200481
#	482	当红亨利	29	34	2	4	6	34	17	42	43	32	4719	29	27	15	0	21	|...|	3200482
#	483	蓝眼小乔丹	29	24	2	4	6	24	31	42	43	37	4718	29	27	15	0	21	|...|	3200483
#	484	疗养小玛佩尔	29	34	2	4	6	34	30	36	21	20	4717	29	27	15	0	21	|...|	3200484
#	485	单车小雷欧	29	43	2	4	6	43	41	19	24	28	4716	29	27	15	0	21	|...|	3200485
#	486	北欧小里奇	29	24	2	4	6	24	41	30	18	37	4715	29	27	15	0	21	|...|	3200486
#	487	今日乔茜	29	20	2	4	6	20	18	44	39	21	4714	29	27	15	0	21	|...|	3200487
#	488	失落的杰克逊	29	38	2	4	6	38	32	35	27	33	4713	29	27	15	0	21	|...|	3200488
#	489	天生马文	29	32	2	4	6	32	43	45	38	34	4712	29	27	15	0	21	|...|	3200489
#	490	幽默汤米	29	40	2	4	6	40	28	38	31	17	4711	29	27	15	0	21	|...|	3200490
#	491	激情小露西妮	29	27	2	4	6	27	24	18	17	29	4710	29	27	15	0	21	|...|	3200491
#	492	西部大马西	29	19	2	4	6	19	27	40	24	45	4709	29	27	15	0	21	|...|	3200492
#	493	极速小贝拉	29	34	2	4	6	34	38	40	36	37	4708	29	27	15	0	21	|...|	3200493
#	494	幽灵的詹森	29	19	2	4	6	19	40	33	41	31	4707	29	27	15	0	21	|...|	3200494
#	495	雷霆黛博拉	29	32	2	4	6	32	26	29	40	38	4706	29	27	15	0	21	|...|	3200495
#	496	大帝大猩猩	29	17	2	4	6	17	19	32	23	21	4705	29	27	15	0	21	|...|	3200496
#	497	随行的贝斯	29	24	2	4	6	24	37	43	32	20	4704	29	27	15	0	21	|...|	3200497
#	498	爱大伊夫林	29	35	2	4	6	35	17	41	39	36	4703	29	27	15	0	21	|...|	3200498
#	499	被爱的堂娜	29	19	2	4	6	19	30	42	18	32	4702	29	27	15	0	21	|...|	3200499
#	500	北欧丽莎	29	39	2	4	6	39	19	41	34	43	4701	29	27	15	0	21	|...|	3200500
#	501	全能的卡斯帕	29	44	2	4	6	44	41	21	31	34	4700	29	27	15	0	20	|...|	3200501
#	502	饥饿大黛布拉	29	23	2	4	6	23	31	35	19	17	4699	29	27	15	0	20	|...|	3200502
#	503	审结科兹莫	29	24	2	4	6	24	17	18	42	39	4698	29	27	15	0	20	|...|	3200503
#	504	羞羞小鲍伯	29	34	2	4	6	34	24	37	23	33	4697	29	27	15	0	20	|...|	3200504
#	505	杀戮者大栗子	29	35	2	4	6	35	45	26	36	32	4696	29	27	15	0	20	|...|	3200505
#	506	遗忘大阿诺德	29	19	2	4	6	19	17	37	18	42	4695	29	27	15	0	20	|...|	3200506
#	507	无声小雅各布	29	39	2	4	6	39	26	42	37	43	4694	29	27	15	0	20	|...|	3200507
#	508	梦幻汤米	29	21	2	4	6	21	29	20	23	38	4693	29	27	15	0	20	|...|	3200508
#	509	努力的卡梅伦	29	40	2	4	6	40	37	26	33	30	4692	29	27	15	0	20	|...|	3200509
#	510	快乐的海伦	29	18	2	4	6	18	40	28	20	33	4691	29	27	15	0	20	|...|	3200510
#	511	疯狂劳瑞恩	29	37	2	4	6	37	40	32	30	20	4690	29	27	15	0	20	|...|	3200511
#	512	天生的约书亚	29	26	2	4	6	26	34	23	21	33	4689	29	27	15	0	20	|...|	3200512
#	513	灌水大栗子	29	36	2	4	6	36	45	26	30	41	4688	29	27	15	0	20	|...|	3200513
#	514	圣贤大唐纳德	29	21	2	4	6	21	40	33	27	34	4687	29	27	15	0	20	|...|	3200514
#	515	度假樱桃	29	26	2	4	6	26	31	21	40	29	4686	29	27	15	0	20	|...|	3200515
#	516	走神的布兰奇	29	20	2	4	6	20	31	24	19	45	4685	29	27	15	0	20	|...|	3200516
#	517	红白小兰迪	29	23	2	4	6	23	32	24	41	44	4684	29	27	15	0	20	|...|	3200517
#	518	丑陋小山楂	29	32	2	4	6	32	39	26	18	20	4683	29	27	15	0	20	|...|	3200518
#	519	励志小德里克	29	26	2	4	6	26	34	38	32	24	4682	29	27	15	0	20	|...|	3200519
#	520	造点的史蒂夫	29	41	2	4	6	41	40	45	44	28	4681	29	27	15	0	20	|...|	3200520
#	521	忘情大降落伞	29	30	2	4	6	30	42	21	24	19	4680	29	27	15	0	20	|...|	3200521
#	522	雷霆小雅各布	29	38	2	4	6	38	30	37	21	35	4679	29	27	15	0	20	|...|	3200522
#	523	出局大莱瑞拉	29	33	2	4	6	33	36	28	42	37	4678	29	27	15	0	20	|...|	3200523
#	524	理发的詹森	29	31	2	4	6	31	27	21	30	37	4677	29	27	15	0	20	|...|	3200524
#	525	飞翔大朱迪丝	29	33	2	4	6	33	23	34	36	32	4676	29	27	15	0	20	|...|	3200525
#	526	化身小杰伊	29	37	2	4	6	37	20	24	28	36	4675	29	27	15	0	20	|...|	3200526
#	527	秃头丽莎	29	18	2	4	6	18	24	21	19	32	4674	29	27	15	0	20	|...|	3200527
#	528	闷骚小奥斯汀	29	24	2	4	6	24	39	41	42	34	4673	29	27	15	0	20	|...|	3200528
#	529	多面大乔治	29	36	2	4	6	36	39	37	20	21	4672	29	27	15	0	20	|...|	3200529
#	530	幽灵玛丽亚	29	32	2	4	6	32	44	24	33	27	4671	29	27	15	0	20	|...|	3200530
#	531	幽灵的布鲁斯	29	38	2	4	6	38	28	23	40	21	4670	29	27	15	0	20	|...|	3200531
#	532	冷血螺丝钉	29	37	2	4	6	37	28	20	17	39	4669	29	27	15	0	20	|...|	3200532
#	533	温暖的安德鲁	29	37	2	4	6	37	20	24	17	39	4668	29	27	15	0	20	|...|	3200533
#	534	优雅小凯莉	29	44	2	4	6	44	19	35	30	37	4667	29	27	15	0	20	|...|	3200534
#	535	魔相大马克	29	36	2	4	6	36	38	18	17	27	4666	29	27	15	0	20	|...|	3200535
#	536	非常雷欧	29	17	2	4	6	17	35	31	40	33	4665	29	27	15	0	20	|...|	3200536
#	537	白发小达芙妮	29	35	2	4	6	35	23	38	24	43	4664	29	27	15	0	20	|...|	3200537
#	538	耍帅梅米	29	19	2	4	6	19	18	35	21	38	4663	29	27	15	0	20	|...|	3200538
#	539	清纯小柿子	29	24	2	4	6	24	21	26	44	45	4662	29	27	15	0	20	|...|	3200539
#	540	疗伤小莫尼卡	29	45	2	4	6	45	21	35	18	40	4661	29	27	15	0	20	|...|	3200540
#	541	终极的埃拉	29	32	2	4	6	32	34	44	28	30	4660	29	27	15	0	20	|...|	3200541
#	542	希望小卡瑞娜	29	26	2	4	6	26	42	43	41	18	4659	29	27	15	0	20	|...|	3200542
#	543	轻小黛比	29	33	2	4	6	33	18	31	23	29	4658	29	27	15	0	20	|...|	3200543
#	544	低调的南茜	29	17	2	4	6	17	24	20	42	32	4657	29	27	15	0	20	|...|	3200544
#	545	未来小西蒙	29	19	2	4	6	19	44	17	34	35	4656	29	27	15	0	20	|...|	3200545
#	546	极速科林	29	33	2	4	6	33	18	24	31	32	4655	29	27	15	0	20	|...|	3200546
#	547	希望大伊迪萨	29	37	2	4	6	37	43	42	29	19	4654	29	27	15	0	20	|...|	3200547
#	548	弹簧大凯丽	29	38	2	4	6	38	31	28	44	29	4653	29	27	15	0	20	|...|	3200548
#	549	不破大乔安娜	29	38	2	4	6	38	24	41	32	23	4652	29	27	15	0	20	|...|	3200549
#	550	恐怖卡洛斯	29	30	2	4	6	30	21	41	40	43	4651	29	27	15	0	20	|...|	3200550
#	551	被爱大加百列	29	28	2	4	6	28	39	44	43	29	4650	29	27	15	0	20	|...|	3200551
#	552	完美的尼克	29	42	2	4	6	42	43	23	20	45	4649	29	27	15	0	20	|...|	3200552
#	553	励志大福特	29	21	2	4	6	21	43	39	26	41	4648	29	27	15	0	20	|...|	3200553
#	554	忽悠小方舟	29	27	2	4	6	27	31	29	17	37	4647	29	27	15	0	20	|...|	3200554
#	555	积极的克莱尔	29	45	2	4	6	45	24	35	38	30	4646	29	27	15	0	20	|...|	3200555
#	556	化身的托德	29	31	2	4	6	31	36	19	28	40	4645	29	27	15	0	20	|...|	3200556
#	557	圆梦的艾丽莎	29	24	2	4	6	24	18	41	36	20	4644	29	27	15	0	20	|...|	3200557
#	558	豪爽切尔西	29	24	2	4	6	24	44	39	36	28	4643	29	27	15	0	20	|...|	3200558
#	559	吴钩克里斯	29	32	2	4	6	32	39	18	36	27	4642	29	27	15	0	20	|...|	3200559
#	560	马库斯	29	27	2	4	6	27	42	17	21	24	4641	29	27	15	0	20	|...|	3200560
#	561	恋恋大艾米丽	29	40	2	4	6	40	35	38	39	42	4640	29	27	15	0	20	|...|	3200561
#	562	袖珍大托马斯	29	40	2	4	6	40	26	18	29	23	4639	29	27	15	0	20	|...|	3200562
#	563	野蛮梅	29	23	2	4	6	23	17	31	24	35	4638	29	27	15	0	20	|...|	3200563
#	564	圆滑大水饺	29	31	2	4	6	31	35	40	23	44	4637	29	27	15	0	20	|...|	3200564
#	565	救世小丹尼斯	29	20	2	4	6	20	31	45	28	17	4636	29	27	15	0	20	|...|	3200565
#	566	盗梦艾米	29	43	2	4	6	43	17	40	24	41	4635	29	27	15	0	20	|...|	3200566
#	567	巨型小阿波罗	29	24	2	4	6	24	39	29	38	43	4634	29	27	15	0	20	|...|	3200567
#	568	快乐小大卫	29	40	2	4	6	40	20	42	29	41	4633	29	27	15	0	20	|...|	3200568
#	569	冷面大樱桃	29	20	2	4	6	20	19	34	17	33	4632	29	27	15	0	20	|...|	3200569
#	570	帐下的伊甸园	29	24	2	4	6	24	23	27	41	19	4631	29	27	15	0	20	|...|	3200570
#	571	难舍的阿波罗	29	23	2	4	6	23	20	28	41	31	4630	29	27	15	0	20	|...|	3200571
#	572	遗憾维克多	29	44	2	4	6	44	30	29	33	40	4629	29	27	15	0	20	|...|	3200572
#	573	圣贤大朱蒂	29	38	2	4	6	38	19	29	36	33	4628	29	27	15	0	20	|...|	3200573
#	574	飞翔小海顿	29	23	2	4	6	23	40	19	26	41	4627	29	27	15	0	20	|...|	3200574
#	575	造点爱丽丝	29	44	2	4	6	44	34	35	28	30	4626	29	27	15	0	20	|...|	3200575
#	576	圣贤扳手	29	45	2	4	6	45	24	20	19	38	4625	29	27	15	0	20	|...|	3200576
#	577	圣贤小海顿	29	24	2	4	6	24	28	19	41	23	4624	29	27	15	0	20	|...|	3200577
#	578	长缨的科瑞恩	29	44	2	4	6	44	43	31	45	36	4623	29	27	15	0	20	|...|	3200578
#	579	诚信大莱瑞拉	29	39	2	4	6	39	29	21	20	17	4622	29	27	15	0	20	|...|	3200579
#	580	吴钩的尼尔森	29	29	2	4	6	29	36	37	30	24	4621	29	27	15	0	20	|...|	3200580
#	581	演技的特伦斯	29	29	2	4	6	29	19	37	20	38	4620	29	27	15	0	20	|...|	3200581
#	582	极速的柳真	29	20	2	4	6	20	34	38	29	19	4619	29	27	15	0	20	|...|	3200582
#	583	骇人大杰西	29	24	2	4	6	24	28	44	30	29	4618	29	27	15	0	20	|...|	3200583
#	584	影子大克里斯	29	39	2	4	6	39	37	36	32	20	4617	29	27	15	0	20	|...|	3200584
#	585	狂贼凯文	29	31	2	4	6	31	32	33	45	24	4616	29	27	15	0	20	|...|	3200585
#	586	疯狂安东尼	29	38	2	4	6	38	19	21	28	34	4615	29	27	15	0	20	|...|	3200586
#	587	死忠小劳伦斯	29	18	2	4	6	18	43	32	27	36	4614	29	27	15	0	20	|...|	3200587
#	588	随行小斯考特	29	17	2	4	6	17	34	27	32	30	4613	29	27	15	0	20	|...|	3200588
#	589	死忠的简	29	18	2	4	6	18	42	35	39	23	4612	29	27	15	0	20	|...|	3200589
#	590	有病大雪莉尔	29	38	2	4	6	38	29	41	34	23	4611	29	27	15	0	20	|...|	3200590
#	591	蓝眼大汉纳	29	20	2	4	6	20	40	19	24	18	4610	29	27	15	0	20	|...|	3200591
#	592	哭泣大结衣	29	21	2	4	6	21	39	35	33	36	4609	29	27	15	0	20	|...|	3200592
#	593	梦幻大天使	29	35	2	4	6	35	18	45	23	34	4608	29	27	15	0	20	|...|	3200593
#	594	神奇的凯莉	29	33	2	4	6	33	44	36	39	40	4607	29	27	15	0	20	|...|	3200594
#	595	神锋小布兰妮	29	40	2	4	6	40	26	29	31	36	4606	29	27	15	0	20	|...|	3200595
#	596	重磅大默示录	29	32	2	4	6	32	41	23	26	27	4605	29	27	15	0	20	|...|	3200596
#	597	随行大凯罗尔	29	19	2	4	6	19	27	33	17	42	4604	29	27	15	0	20	|...|	3200597
#	598	奔跑大艾维	29	36	2	4	6	36	37	24	29	26	4603	29	27	15	0	20	|...|	3200598
#	599	仲裁乔尼	29	44	2	4	6	44	24	36	20	23	4602	29	27	15	0	20	|...|	3200599
#	600	霹雳马德琳	29	31	2	4	6	31	30	35	18	21	4601	29	27	15	0	20	|...|	3200600
#	601	神秘兰斯	28	21	2	4	6	21	42	33	27	18	4600	28	26	14	0	19	|...|	3200601
#	602	无间大布兰奇	28	28	2	4	6	28	42	21	32	24	4599	28	26	14	0	19	|...|	3200602
#	603	白天奥斯汀	28	26	2	4	6	26	24	45	21	37	4598	28	26	14	0	19	|...|	3200603
#	604	青训小凯里	28	35	2	4	6	35	27	42	39	26	4597	28	26	14	0	19	|...|	3200604
#	605	星界小扳手	28	19	2	4	6	19	37	42	31	21	4596	28	26	14	0	19	|...|	3200605
#	606	乱世布伦特	28	18	2	4	6	18	21	36	39	17	4595	28	26	14	0	19	|...|	3200606
#	607	探险的伊迪萨	28	24	2	4	6	24	33	43	31	32	4594	28	26	14	0	19	|...|	3200607
#	608	不破大提姆	28	30	2	4	6	30	39	21	38	18	4593	28	26	14	0	19	|...|	3200608
#	609	芭蕾大滑板	28	33	2	4	6	33	20	27	26	21	4592	28	26	14	0	19	|...|	3200609
#	610	橡皮的小玉	28	38	2	4	6	38	23	29	32	45	4591	28	26	14	0	19	|...|	3200610
#	611	忘情小萨姆	28	45	2	4	6	45	42	21	43	39	4590	28	26	14	0	19	|...|	3200611
#	612	的诺亚	28	26	2	4	6	26	29	28	36	30	4589	28	26	14	0	19	|...|	3200612
#	613	招牌法典	28	30	2	4	6	30	20	35	36	34	4588	28	26	14	0	19	|...|	3200613
#	614	有病鲍比	28	24	2	4	6	24	44	45	42	19	4587	28	26	14	0	19	|...|	3200614
#	615	耍帅小阿曼达	28	35	2	4	6	35	21	33	29	19	4586	28	26	14	0	19	|...|	3200615
#	616	军中小约瑟芬	28	32	2	4	6	32	38	40	39	45	4585	28	26	14	0	19	|...|	3200616
#	617	光速小托尼	28	18	2	4	6	18	39	27	23	17	4584	28	26	14	0	19	|...|	3200617
#	618	帐下米迦勒	28	29	2	4	6	29	27	18	21	45	4583	28	26	14	0	19	|...|	3200618
#	619	特别艾琳	28	32	2	4	6	32	41	43	26	33	4582	28	26	14	0	19	|...|	3200619
#	620	潜水小稻草	28	19	2	4	6	19	39	33	38	42	4581	28	26	14	0	19	|...|	3200620
#	621	光头大伊娃	28	39	2	4	6	39	42	18	17	45	4580	28	26	14	0	19	|...|	3200621
#	622	守望小哈里森	28	24	2	4	6	24	18	23	31	21	4579	28	26	14	0	19	|...|	3200622
#	623	英俊小爱沙拉	28	44	2	4	6	44	23	27	26	37	4578	28	26	14	0	19	|...|	3200623
#	624	走神大劳伦特	28	40	2	4	6	40	26	28	38	21	4577	28	26	14	0	19	|...|	3200624
#	625	唯一大默示录	28	45	2	4	6	45	23	35	33	21	4576	28	26	14	0	19	|...|	3200625
#	626	待定乔茜	28	39	2	4	6	39	34	40	43	29	4575	28	26	14	0	19	|...|	3200626
#	627	天空小荔枝	28	36	2	4	6	36	43	38	34	31	4574	28	26	14	0	19	|...|	3200627
#	628	鹰眼小欧蕊	28	40	2	4	6	40	35	39	36	21	4573	28	26	14	0	19	|...|	3200628
#	629	不羁大辛迪	28	40	2	4	6	40	33	34	45	18	4572	28	26	14	0	19	|...|	3200629
#	630	正义大埃文	28	42	2	4	6	42	43	44	32	26	4571	28	26	14	0	19	|...|	3200630
#	631	橡皮卡罗琳	28	35	2	4	6	35	38	42	43	31	4570	28	26	14	0	19	|...|	3200631
#	632	爆裂弹的尼尔森	28	33	2	4	6	33	30	37	38	44	4569	28	26	14	0	19	|...|	3200632
#	633	种田大劳拉	28	23	2	4	6	23	41	45	36	43	4568	28	26	14	0	19	|...|	3200633
#	634	叛逆范	28	42	2	4	6	42	34	32	40	23	4567	28	26	14	0	19	|...|	3200634
#	635	恐怖小伊桑	28	38	2	4	6	38	17	35	36	44	4566	28	26	14	0	19	|...|	3200635
#	636	招牌大夕阳	28	43	2	4	6	43	33	30	19	44	4565	28	26	14	0	19	|...|	3200636
#	637	雷霆小螺丝钉	28	23	2	4	6	23	30	24	28	27	4564	28	26	14	0	19	|...|	3200637
#	638	回首小玉	28	43	2	4	6	43	34	33	21	30	4563	28	26	14	0	19	|...|	3200638
#	639	白天鲁宾逊	28	23	2	4	6	23	27	20	40	32	4562	28	26	14	0	19	|...|	3200639
#	640	复出大朱蒂	28	32	2	4	6	32	35	24	40	27	4561	28	26	14	0	19	|...|	3200640
#	641	冷静大曼迪	28	41	2	4	6	41	17	33	18	21	4560	28	26	14	0	19	|...|	3200641
#	642	魔幻小科尔	28	41	2	4	6	41	42	20	43	17	4559	28	26	14	0	19	|...|	3200642
#	643	快乐大鲁宾逊	28	38	2	4	6	38	24	45	43	29	4558	28	26	14	0	19	|...|	3200643
#	644	微笑大阿波罗	28	35	2	4	6	35	44	26	20	41	4557	28	26	14	0	19	|...|	3200644
#	645	死神布莱克	28	18	2	4	6	18	38	31	23	29	4556	28	26	14	0	19	|...|	3200645
#	646	审结的尼尔森	28	32	2	4	6	32	20	38	44	39	4555	28	26	14	0	19	|...|	3200646
#	647	狂贼迦勒	28	41	2	4	6	41	27	20	34	33	4554	28	26	14	0	19	|...|	3200647
#	648	被爱哈里森	28	18	2	4	6	18	33	39	17	37	4553	28	26	14	0	19	|...|	3200648
#	649	努力小雷纳德	28	33	2	4	6	33	32	37	29	20	4552	28	26	14	0	19	|...|	3200649
#	650	圆滑切尔西	28	44	2	4	6	44	31	24	28	20	4551	28	26	14	0	19	|...|	3200650
#	651	阳光奥特曼	28	35	2	4	6	35	27	30	29	38	4550	28	26	14	0	19	|...|	3200651
#	652	长缨的黛安娜	28	34	2	4	6	34	43	24	35	45	4549	28	26	14	0	19	|...|	3200652
#	653	神秘大阿维娃	28	17	2	4	6	17	28	24	18	34	4548	28	26	14	0	19	|...|	3200653
#	654	卷毛劳瑞恩	28	19	2	4	6	19	23	26	35	43	4547	28	26	14	0	19	|...|	3200654
#	655	待定的布伦达	28	38	2	4	6	38	39	26	44	32	4546	28	26	14	0	19	|...|	3200655
#	656	贤者小罗伯特	28	43	2	4	6	43	32	29	27	24	4545	28	26	14	0	19	|...|	3200656
#	657	不攻小柿子	28	27	2	4	6	27	45	39	37	18	4544	28	26	14	0	19	|...|	3200657
#	658	巅峰小范	28	34	2	4	6	34	29	33	38	24	4543	28	26	14	0	19	|...|	3200658
#	659	落泪大琳达	28	37	2	4	6	37	31	20	39	44	4542	28	26	14	0	19	|...|	3200659
#	660	酱油的法典	28	26	2	4	6	26	21	33	18	40	4541	28	26	14	0	19	|...|	3200660
#	661	仁义的小米糕	28	19	2	4	6	19	31	35	30	37	4540	28	26	14	0	19	|...|	3200661
#	662	关键小欧蕊	28	33	2	4	6	33	44	23	40	21	4539	28	26	14	0	19	|...|	3200662
#	663	嗜血大科迪	28	35	2	4	6	35	45	32	42	27	4538	28	26	14	0	19	|...|	3200663
#	664	寂寞大克洛伊	28	45	2	4	6	45	37	28	23	33	4537	28	26	14	0	19	|...|	3200664
#	665	天空大尼尔	28	36	2	4	6	36	41	40	43	21	4536	28	26	14	0	19	|...|	3200665
#	666	耍帅大托德	28	30	2	4	6	30	40	43	33	34	4535	28	26	14	0	19	|...|	3200666
#	667	度假大凯丽	28	42	2	4	6	42	26	17	39	32	4534	28	26	14	0	19	|...|	3200667
#	668	有病辛迪	28	35	2	4	6	35	23	37	43	17	4533	28	26	14	0	19	|...|	3200668
#	669	传播者番茄	28	27	2	4	6	27	40	41	37	18	4532	28	26	14	0	19	|...|	3200669
#	670	骄傲大水蜜桃	28	23	2	4	6	23	38	19	26	39	4531	28	26	14	0	19	|...|	3200670
#	671	魔相圣经	28	23	2	4	6	23	35	29	38	39	4530	28	26	14	0	19	|...|	3200671
#	672	暴君小泰德	28	43	2	4	6	43	17	37	26	44	4529	28	26	14	0	19	|...|	3200672
#	673	独眼的布赖恩	28	21	2	4	6	21	30	34	33	41	4528	28	26	14	0	19	|...|	3200673
#	674	陨落小杰弗瑞	28	44	2	4	6	44	37	41	42	23	4527	28	26	14	0	19	|...|	3200674
#	675	抢镜柳真	28	43	2	4	6	43	26	31	18	17	4526	28	26	14	0	19	|...|	3200675
#	676	狂野科尔	28	24	2	4	6	24	43	36	35	26	4525	28	26	14	0	19	|...|	3200676
#	677	恐怖的肖恩	28	24	2	4	6	24	41	45	28	17	4524	28	26	14	0	19	|...|	3200677
#	678	奇妙小萨米	28	21	2	4	6	21	23	32	38	17	4523	28	26	14	0	19	|...|	3200678
#	679	旗下的丹尼尔	28	40	2	4	6	40	32	28	29	20	4522	28	26	14	0	19	|...|	3200679
#	680	一个的莉娜	28	28	2	4	6	28	30	31	24	23	4521	28	26	14	0	19	|...|	3200680
#	681	龅牙的格瑞丝	28	34	2	4	6	34	24	39	32	42	4520	28	26	14	0	19	|...|	3200681
#	682	大小詹姆士	28	31	2	4	6	31	36	40	21	38	4519	28	26	14	0	19	|...|	3200682
#	683	重装小马文	28	30	2	4	6	30	17	20	45	36	4518	28	26	14	0	19	|...|	3200683
#	684	冰冷的玛丽	28	36	2	4	6	36	37	40	38	18	4517	28	26	14	0	19	|...|	3200684
#	685	做梦大扳手	28	42	2	4	6	42	33	41	23	27	4516	28	26	14	0	19	|...|	3200685
#	686	恐怖大南茜	28	26	2	4	6	26	32	36	20	34	4515	28	26	14	0	19	|...|	3200686
#	687	暴君乔茜	28	38	2	4	6	38	43	37	19	39	4514	28	26	14	0	19	|...|	3200687
#	688	待定的钜子	28	31	2	4	6	31	20	41	37	40	4513	28	26	14	0	19	|...|	3200688
#	689	冷面大海莉	28	17	2	4	6	17	34	35	37	33	4512	28	26	14	0	19	|...|	3200689
#	690	登顶的凯文	28	39	2	4	6	39	20	26	38	34	4511	28	26	14	0	19	|...|	3200690
#	691	诚信大杰西	28	36	2	4	6	36	17	41	38	21	4510	28	26	14	0	19	|...|	3200691
#	692	牛皮糖艾基尔莉森	28	42	2	4	6	42	28	41	44	39	4509	28	26	14	0	19	|...|	3200692
#	693	优雅的西德尼	28	17	2	4	6	17	30	20	43	41	4508	28	26	14	0	19	|...|	3200693
#	694	重装艾基尔琳	28	23	2	4	6	23	19	24	31	43	4507	28	26	14	0	19	|...|	3200694
#	695	十方凯文	28	37	2	4	6	37	40	45	24	29	4506	28	26	14	0	19	|...|	3200695
#	696	暴走的启示录	28	39	2	4	6	39	18	24	17	42	4505	28	26	14	0	19	|...|	3200696
#	697	非常小托尼	28	30	2	4	6	30	41	17	24	38	4504	28	26	14	0	19	|...|	3200697
#	698	丑陋凯尔西	28	44	2	4	6	44	45	41	39	26	4503	28	26	14	0	19	|...|	3200698
#	699	演技布赖恩	28	35	2	4	6	35	23	18	31	34	4502	28	26	14	0	19	|...|	3200699
#	700	傻傻的方丈	28	45	2	4	6	45	29	32	35	38	4501	28	26	14	0	19	|...|	3200700
#	701	帐下小雪莉尔	28	19	2	4	6	19	44	26	40	21	4500	28	26	14	0	19	|...|	3200701
#	702	死忠的奥斯汀	28	33	2	4	6	33	36	37	40	17	4499	28	26	14	0	19	|...|	3200702
#	703	首任小马库斯	28	27	2	4	6	27	36	23	29	39	4498	28	26	14	0	19	|...|	3200703
#	704	暴走的唐纳德	28	21	2	4	6	21	35	45	42	28	4497	28	26	14	0	19	|...|	3200704
#	705	幽灵大玛丽莲	28	18	2	4	6	18	19	31	21	45	4496	28	26	14	0	19	|...|	3200705
#	706	下凡大小二	28	27	2	4	6	27	43	38	18	26	4495	28	26	14	0	19	|...|	3200706
#	707	不羁小加文	28	38	2	4	6	38	29	40	44	27	4494	28	26	14	0	19	|...|	3200707
#	708	呆呆艾基尔伯特	28	19	2	4	6	19	29	28	41	32	4493	28	26	14	0	19	|...|	3200708
#	709	被爱安妮	28	36	2	4	6	36	35	26	34	19	4492	28	26	14	0	19	|...|	3200709
#	710	光速兰德尔	28	44	2	4	6	44	35	31	41	45	4491	28	26	14	0	19	|...|	3200710
#	711	萌萌的丹尼	28	18	2	4	6	18	35	24	30	45	4490	28	26	14	0	19	|...|	3200711
#	712	文静凯丽	28	27	2	4	6	27	19	24	35	40	4489	28	26	14	0	19	|...|	3200712
#	713	风流安德鲁	28	35	2	4	6	35	24	34	36	42	4488	28	26	14	0	19	|...|	3200713
#	714	英俊大山楂	28	20	2	4	6	20	19	39	37	42	4487	28	26	14	0	19	|...|	3200714
#	715	星月凯里	28	29	2	4	6	29	40	18	33	26	4486	28	26	14	0	19	|...|	3200715
#	716	百式的奥斯汀	28	40	2	4	6	40	30	37	26	32	4485	28	26	14	0	19	|...|	3200716
#	717	鹰眼大尼尔森	28	27	2	4	6	27	26	43	33	35	4484	28	26	14	0	19	|...|	3200717
#	718	挥手大马克	28	26	2	4	6	26	37	29	40	38	4483	28	26	14	0	19	|...|	3200718
#	719	影子大莉莲	28	35	2	4	6	35	20	31	29	39	4482	28	26	14	0	19	|...|	3200719
#	720	招牌莉迪娅	28	32	2	4	6	32	20	27	24	26	4481	28	26	14	0	19	|...|	3200720
#	721	死忠的番茄	28	23	2	4	6	23	44	26	24	18	4480	28	26	14	0	19	|...|	3200721
#	722	圣的杰伊	28	34	2	4	6	34	27	31	18	40	4479	28	26	14	0	19	|...|	3200722
#	723	不迫大米迦勒	28	36	2	4	6	36	37	33	42	38	4478	28	26	14	0	19	|...|	3200723
#	724	糊涂大启示录	28	33	2	4	6	33	23	19	30	38	4477	28	26	14	0	19	|...|	3200724
#	725	不迫艾基尔莉	28	31	2	4	6	31	45	24	26	19	4476	28	26	14	0	19	|...|	3200725
#	726	无畏的科尔	28	29	2	4	6	29	18	38	24	23	4475	28	26	14	0	19	|...|	3200726
#	727	造点大哈里森	28	23	2	4	6	23	27	18	35	43	4474	28	26	14	0	19	|...|	3200727
#	728	潜水的高原	28	37	2	4	6	37	19	34	20	40	4473	28	26	14	0	19	|...|	3200728
#	729	文静科兹莫	28	31	2	4	6	31	35	21	28	19	4472	28	26	14	0	19	|...|	3200729
#	730	代言的默示录	28	24	2	4	6	24	19	28	42	37	4471	28	26	14	0	19	|...|	3200730
#	731	绝世的马克斯	28	35	2	4	6	35	28	34	36	32	4470	28	26	14	0	19	|...|	3200731
#	732	神气的伊凡	28	30	2	4	6	30	27	19	40	21	4469	28	26	14	0	19	|...|	3200732
#	733	光速的亚伦	28	30	2	4	6	30	39	42	45	21	4468	28	26	14	0	19	|...|	3200733
#	734	金色大里奇	28	21	2	4	6	21	17	31	19	35	4467	28	26	14	0	19	|...|	3200734
#	735	阔绰小西蒙	28	28	2	4	6	28	18	20	29	32	4466	28	26	14	0	19	|...|	3200735
#	736	乱战的卡斯帕	28	18	2	4	6	18	35	34	27	43	4465	28	26	14	0	19	|...|	3200736
#	737	青训弗里达	28	38	2	4	6	38	37	44	30	20	4464	28	26	14	0	19	|...|	3200737
#	738	幽灵的马丁	28	41	2	4	6	41	43	39	40	45	4463	28	26	14	0	19	|...|	3200738
#	739	灌水大基蒂	28	44	2	4	6	44	21	26	38	29	4462	28	26	14	0	19	|...|	3200739
#	740	奇妙的马丁	28	24	2	4	6	24	17	40	35	32	4461	28	26	14	0	19	|...|	3200740
#	741	帐下洛拉	28	44	2	4	6	44	31	39	41	29	4460	28	26	14	0	19	|...|	3200741
#	742	浮夸小马文	28	34	2	4	6	34	44	40	29	30	4459	28	26	14	0	19	|...|	3200742
#	743	弹簧布兰特	28	26	2	4	6	26	31	39	28	32	4458	28	26	14	0	19	|...|	3200743
#	744	独裁者吉莉安	28	20	2	4	6	20	19	42	39	26	4457	28	26	14	0	19	|...|	3200744
#	745	独裁者的海伦	28	20	2	4	6	20	37	35	18	26	4456	28	26	14	0	19	|...|	3200745
#	746	金色的蕾西	28	30	2	4	6	30	23	44	29	18	4455	28	26	14	0	19	|...|	3200746
#	747	羞羞玛莎	28	28	2	4	6	28	40	45	35	18	4454	28	26	14	0	19	|...|	3200747
#	748	星月格林顿	28	41	2	4	6	41	32	30	37	44	4453	28	26	14	0	19	|...|	3200748
#	749	无间小玛莎	28	32	2	4	6	32	31	40	28	26	4452	28	26	14	0	19	|...|	3200749
#	750	孤独哈里森	28	27	2	4	6	27	39	17	37	19	4451	28	26	14	0	19	|...|	3200750
#	751	幽灵小椰子	28	34	2	4	6	34	20	18	29	44	4450	28	26	14	0	19	|...|	3200751
#	752	奶油凯西	28	33	2	4	6	33	31	27	39	38	4449	28	26	14	0	19	|...|	3200752
#	753	圆梦塞缪尔	28	31	2	4	6	31	19	36	39	37	4448	28	26	14	0	19	|...|	3200753
#	754	杀戮者大飞车	28	44	2	4	6	44	39	21	42	40	4447	28	26	14	0	19	|...|	3200754
#	755	无声贝斯	28	26	2	4	6	26	33	34	28	43	4446	28	26	14	0	19	|...|	3200755
#	756	圣贤小朱莉	28	31	2	4	6	31	29	21	43	36	4445	28	26	14	0	19	|...|	3200756
#	757	残剑大安倪	28	18	2	4	6	18	31	27	38	20	4444	28	26	14	0	19	|...|	3200757
#	758	被爱大爱伦	28	44	2	4	6	44	23	27	40	32	4443	28	26	14	0	19	|...|	3200758
#	759	残剑的菲比	28	18	2	4	6	18	34	40	39	45	4442	28	26	14	0	19	|...|	3200759
#	760	激情小莉莉	28	34	2	4	6	34	43	27	42	45	4441	28	26	14	0	19	|...|	3200760
#	761	百式大雨果	28	39	2	4	6	39	41	31	21	38	4440	28	26	14	0	19	|...|	3200761
#	762	抽风小哈里森	28	37	2	4	6	37	29	40	38	30	4439	28	26	14	0	19	|...|	3200762
#	763	沉默艾基尔萨克	28	44	2	4	6	44	41	33	18	43	4438	28	26	14	0	19	|...|	3200763
#	764	矜持小柳真	28	31	2	4	6	31	21	44	27	32	4437	28	26	14	0	19	|...|	3200764
#	765	玻璃小欧文	28	35	2	4	6	35	27	28	20	41	4436	28	26	14	0	19	|...|	3200765
#	766	耍帅大菲利普	28	34	2	4	6	34	17	20	32	44	4435	28	26	14	0	19	|...|	3200766
#	767	深沉的西蒙	28	31	2	4	6	31	45	17	44	41	4434	28	26	14	0	19	|...|	3200767
#	768	硬糖小爱丝特	28	17	2	4	6	17	44	23	33	28	4433	28	26	14	0	19	|...|	3200768
#	769	极速大姬恩	28	24	2	4	6	24	31	20	32	17	4432	28	26	14	0	19	|...|	3200769
#	770	补考查尔斯	28	32	2	4	6	32	23	19	29	27	4431	28	26	14	0	19	|...|	3200770
#	771	多面的梅甘	28	30	2	4	6	30	21	40	38	39	4430	28	26	14	0	19	|...|	3200771
#	772	特别小罗纳德	28	23	2	4	6	23	41	34	26	30	4429	28	26	14	0	19	|...|	3200772
#	773	双刀的芒果	28	31	2	4	6	31	26	39	27	45	4428	28	26	14	0	19	|...|	3200773
#	774	闪电大玛姬	28	30	2	4	6	30	27	45	20	39	4427	28	26	14	0	19	|...|	3200774
#	775	潜水小本	28	20	2	4	6	20	23	36	44	18	4426	28	26	14	0	19	|...|	3200775
#	776	希望的彼得	28	28	2	4	6	28	19	40	36	17	4425	28	26	14	0	19	|...|	3200776
#	777	回首小科拉	28	43	2	4	6	43	45	42	28	41	4424	28	26	14	0	19	|...|	3200777
#	778	探险大戴夫	28	28	2	4	6	28	19	34	45	26	4423	28	26	14	0	19	|...|	3200778
#	779	死忠柯利弗	28	27	2	4	6	27	42	26	23	29	4422	28	26	14	0	19	|...|	3200779
#	780	沉默看门人	28	33	2	4	6	33	44	31	17	45	4421	28	26	14	0	19	|...|	3200780
#	781	爆裂弹小埃莉卡	28	17	2	4	6	17	19	39	43	44	4420	28	26	14	0	19	|...|	3200781
#	782	传奇小李	28	18	2	4	6	18	39	26	43	17	4419	28	26	14	0	19	|...|	3200782
#	783	励志布兰特	28	28	2	4	6	28	35	29	18	19	4418	28	26	14	0	19	|...|	3200783
#	784	带刀的爱沙拉	28	20	2	4	6	20	17	42	43	21	4417	28	26	14	0	19	|...|	3200784
#	785	秘密凯罗尔	28	35	2	4	6	35	34	38	24	23	4416	28	26	14	0	19	|...|	3200785
#	786	悲情的鲍伯	28	32	2	4	6	32	40	30	31	29	4415	28	26	14	0	19	|...|	3200786
#	787	鹰眼大奥斯汀	28	30	2	4	6	30	20	18	38	27	4414	28	26	14	0	19	|...|	3200787
#	788	双刀大昆廷	28	19	2	4	6	19	32	33	36	41	4413	28	26	14	0	19	|...|	3200788
#	789	努力伦道夫	28	20	2	4	6	20	28	24	30	29	4412	28	26	14	0	19	|...|	3200789
#	790	探险小乔伊斯	28	39	2	4	6	39	42	30	45	34	4411	28	26	14	0	19	|...|	3200790
#	791	面具大蒂莫西	28	21	2	4	6	21	35	24	30	38	4410	28	26	14	0	19	|...|	3200791
#	792	凝固大马修	28	42	2	4	6	42	23	40	24	37	4409	28	26	14	0	19	|...|	3200792
#	793	希望琼	28	39	2	4	6	39	20	30	41	28	4408	28	26	14	0	19	|...|	3200793
#	794	制霸的葡萄	28	33	2	4	6	33	17	45	32	36	4407	28	26	14	0	19	|...|	3200794
#	795	神气的克莉丝	28	18	2	4	6	18	38	42	43	33	4406	28	26	14	0	19	|...|	3200795
#	796	陨落诺曼	28	45	2	4	6	45	30	37	21	27	4405	28	26	14	0	19	|...|	3200796
#	797	忽悠大雄鹰	28	42	2	4	6	42	23	33	43	28	4404	28	26	14	0	19	|...|	3200797
#	798	叛逆的肯尼迪	28	23	2	4	6	23	27	29	32	17	4403	28	26	14	0	19	|...|	3200798
#	799	卷毛小凯西	28	23	2	4	6	23	33	44	36	20	4402	28	26	14	0	19	|...|	3200799
#	800	正经小达芙妮	28	37	2	4	6	37	42	41	45	19	4401	28	26	14	0	19	|...|	3200800
#	801	哭泣的凯茜	27	19	2	4	6	19	24	38	31	36	4400	27	25	13	0	18	|...|	3200801
#	802	棉花糖的格瑞丝	27	17	2	4	6	17	34	33	35	38	4399	27	25	13	0	18	|...|	3200802
#	803	吟游切尔西	27	39	2	4	6	39	29	19	28	17	4398	27	25	13	0	18	|...|	3200803
#	804	登顶大马文	27	24	2	4	6	24	39	38	41	27	4397	27	25	13	0	18	|...|	3200804
#	805	滚滚大露西娅	27	27	2	4	6	27	45	33	19	37	4396	27	25	13	0	18	|...|	3200805
#	806	不破大默示录	27	30	2	4	6	30	44	37	35	38	4395	27	25	13	0	18	|...|	3200806
#	807	嗜血鲍伯	27	18	2	4	6	18	37	39	17	20	4394	27	25	13	0	18	|...|	3200807
#	808	大的艾玛	27	45	2	4	6	45	38	37	39	20	4393	27	25	13	0	18	|...|	3200808
#	809	爆裂弹小伦道夫	27	27	2	4	6	27	20	38	32	40	4392	27	25	13	0	18	|...|	3200809
#	810	悟透大采尼	27	31	2	4	6	31	29	44	33	23	4391	27	25	13	0	18	|...|	3200810
#	811	零式的丽莎	27	34	2	4	6	34	30	23	24	40	4390	27	25	13	0	18	|...|	3200811
#	812	笑面小肯尼	27	18	2	4	6	18	30	28	21	17	4389	27	25	13	0	18	|...|	3200812
#	813	传播者菲利普	27	40	2	4	6	40	39	37	30	18	4388	27	25	13	0	18	|...|	3200813
#	814	失落小柠檬	27	45	2	4	6	45	30	29	39	19	4387	27	25	13	0	18	|...|	3200814
#	815	零式小列得	27	35	2	4	6	35	20	27	19	38	4386	27	25	13	0	18	|...|	3200815
#	816	白天大凯罗尔	27	18	2	4	6	18	40	20	33	31	4385	27	25	13	0	18	|...|	3200816
#	817	魔幻小埃莉卡	27	34	2	4	6	34	20	40	43	27	4384	27	25	13	0	18	|...|	3200817
#	818	落泪玛丽	27	29	2	4	6	29	19	30	24	35	4383	27	25	13	0	18	|...|	3200818
#	819	幽灵的约瑟芬	27	32	2	4	6	32	41	17	28	35	4382	27	25	13	0	18	|...|	3200819
#	820	巨型的布兰妮	27	17	2	4	6	17	29	18	24	28	4381	27	25	13	0	18	|...|	3200820
#	821	牛皮糖的道	27	33	2	4	6	33	18	19	26	42	4380	27	25	13	0	18	|...|	3200821
#	822	忠义晓恩	27	24	2	4	6	24	20	44	37	23	4379	27	25	13	0	18	|...|	3200822
#	823	硬糖小科拉	27	40	2	4	6	40	32	17	39	27	4378	27	25	13	0	18	|...|	3200823
#	824	面具大莱瑞拉	27	17	2	4	6	17	24	20	34	41	4377	27	25	13	0	18	|...|	3200824
#	825	疯狂的比利	27	33	2	4	6	33	23	32	40	36	4376	27	25	13	0	18	|...|	3200825
#	826	豪爽小科尔	27	23	2	4	6	23	42	45	29	28	4375	27	25	13	0	18	|...|	3200826
#	827	清纯大莱斯利	27	40	2	4	6	40	34	23	19	44	4374	27	25	13	0	18	|...|	3200827
#	828	盗梦小看门人	27	23	2	4	6	23	27	42	30	26	4373	27	25	13	0	18	|...|	3200828
#	829	不羁的凯拉	27	38	2	4	6	38	24	19	29	28	4372	27	25	13	0	18	|...|	3200829
#	830	不迫的莉兹	27	41	2	4	6	41	21	43	42	24	4371	27	25	13	0	18	|...|	3200830
#	831	冷静的笆笆拉	27	21	2	4	6	21	27	36	45	18	4370	27	25	13	0	18	|...|	3200831
#	832	失落雷欧	27	40	2	4	6	40	18	32	36	45	4369	27	25	13	0	18	|...|	3200832
#	833	长缨小罗琳	27	43	2	4	6	43	40	23	20	28	4368	27	25	13	0	18	|...|	3200833
#	834	强悍的亚瑟	27	20	2	4	6	20	28	40	42	26	4367	27	25	13	0	18	|...|	3200834
#	835	快乐大玛莎	27	26	2	4	6	26	20	40	17	41	4366	27	25	13	0	18	|...|	3200835
#	836	孤傲的加比	27	28	2	4	6	28	31	20	29	27	4365	27	25	13	0	18	|...|	3200836
#	837	贤者柿子	27	45	2	4	6	45	35	36	44	18	4364	27	25	13	0	18	|...|	3200837
#	838	圣贤爱伦	27	44	2	4	6	44	20	35	45	39	4363	27	25	13	0	18	|...|	3200838
#	839	绝世大詹姆士	27	21	2	4	6	21	28	32	19	30	4362	27	25	13	0	18	|...|	3200839
#	840	全速大番茄	27	26	2	4	6	26	23	28	41	33	4361	27	25	13	0	18	|...|	3200840
#	841	仲裁大乔斯林	27	28	2	4	6	28	33	34	32	41	4360	27	25	13	0	18	|...|	3200841
#	842	霹雳大马丁	27	20	2	4	6	20	21	43	18	23	4359	27	25	13	0	18	|...|	3200842
#	843	疗伤的艾琳	27	44	2	4	6	44	23	26	28	19	4358	27	25	13	0	18	|...|	3200843
#	844	吴钩丹尼尔	27	24	2	4	6	24	17	36	40	28	4357	27	25	13	0	18	|...|	3200844
#	845	阳光大尼克	27	21	2	4	6	21	43	18	36	23	4356	27	25	13	0	18	|...|	3200845
#	846	冰冷大黛博拉	27	28	2	4	6	28	32	30	18	35	4355	27	25	13	0	18	|...|	3200846
#	847	巨型大朱莉	27	30	2	4	6	30	36	32	17	28	4354	27	25	13	0	18	|...|	3200847
#	848	巅峰小阿维娃	27	44	2	4	6	44	35	41	33	34	4353	27	25	13	0	18	|...|	3200848
#	849	魔幻的真知	27	24	2	4	6	24	45	35	33	18	4352	27	25	13	0	18	|...|	3200849
#	850	金色范	27	30	2	4	6	30	42	23	18	31	4351	27	25	13	0	18	|...|	3200850
#	851	小安伯	27	44	2	4	6	44	29	20	28	40	4350	27	25	13	0	18	|...|	3200851
#	852	阔绰大布伦特	27	37	2	4	6	37	43	23	26	28	4349	27	25	13	0	18	|...|	3200852
#	853	暴君大露茜	27	33	2	4	6	33	31	28	43	44	4348	27	25	13	0	18	|...|	3200853
#	854	南方大艾德琳	27	28	2	4	6	28	35	32	30	33	4347	27	25	13	0	18	|...|	3200854
#	855	小乔伊	27	32	2	4	6	32	42	44	29	23	4346	27	25	13	0	18	|...|	3200855
#	856	肥本杰明	27	21	2	4	6	21	45	37	33	38	4345	27	25	13	0	18	|...|	3200856
#	857	无间艾米丽	27	45	2	4	6	45	19	26	41	44	4344	27	25	13	0	18	|...|	3200857
#	858	奶油朱恩	27	35	2	4	6	35	44	30	29	21	4343	27	25	13	0	18	|...|	3200858
#	859	励志小乔纳森	27	28	2	4	6	28	26	18	36	34	4342	27	25	13	0	18	|...|	3200859
#	860	军中爱沙拉	27	43	2	4	6	43	20	32	24	36	4341	27	25	13	0	18	|...|	3200860
#	861	审结小伊桑	27	21	2	4	6	21	17	23	36	35	4340	27	25	13	0	18	|...|	3200861
#	862	深沉大谷仓	27	30	2	4	6	30	43	38	45	27	4339	27	25	13	0	18	|...|	3200862
#	863	神奇小埃莉诺	27	39	2	4	6	39	21	38	43	24	4338	27	25	13	0	18	|...|	3200863
#	864	温暖伊夫林	27	26	2	4	6	26	45	34	44	19	4337	27	25	13	0	18	|...|	3200864
#	865	弹簧的西德尼	27	43	2	4	6	43	18	36	39	44	4336	27	25	13	0	18	|...|	3200865
#	866	孤独小阿维娃	27	24	2	4	6	24	34	45	19	21	4335	27	25	13	0	18	|...|	3200866
#	867	灌水小兰迪	27	21	2	4	6	21	42	24	30	26	4334	27	25	13	0	18	|...|	3200867
#	868	升华大兰迪	27	29	2	4	6	29	21	38	42	39	4333	27	25	13	0	18	|...|	3200868
#	869	急速黛博拉	27	43	2	4	6	43	21	39	34	29	4332	27	25	13	0	18	|...|	3200869
#	870	独裁者海伦娜	27	29	2	4	6	29	19	17	26	44	4331	27	25	13	0	18	|...|	3200870
#	871	忧郁小劳伦特	27	23	2	4	6	23	30	39	24	19	4330	27	25	13	0	18	|...|	3200871
#	872	乱世小瑞利	27	34	2	4	6	34	28	38	19	35	4329	27	25	13	0	18	|...|	3200872
#	873	白色的梅甘	27	35	2	4	6	35	17	27	41	32	4328	27	25	13	0	18	|...|	3200873
#	874	悲情小奥斯卡	27	35	2	4	6	35	19	31	23	18	4327	27	25	13	0	18	|...|	3200874
#	875	悟透的安伯	27	27	2	4	6	27	20	34	26	42	4326	27	25	13	0	18	|...|	3200875
#	876	制霸小杰罗姆	27	24	2	4	6	24	17	39	29	18	4325	27	25	13	0	18	|...|	3200876
#	877	死忠大海伦	27	38	2	4	6	38	26	43	32	35	4324	27	25	13	0	18	|...|	3200877
#	878	金色的曼迪	27	37	2	4	6	37	44	20	26	21	4323	27	25	13	0	18	|...|	3200878
#	879	矜持小乔治	27	29	2	4	6	29	24	36	43	39	4322	27	25	13	0	18	|...|	3200879
#	880	无声小荔枝	27	23	2	4	6	23	31	37	28	38	4321	27	25	13	0	18	|...|	3200880
#	881	伤心大贝基	27	26	2	4	6	26	38	28	31	41	4320	27	25	13	0	18	|...|	3200881
#	882	旗下小樱桃	27	44	2	4	6	44	32	38	29	28	4319	27	25	13	0	18	|...|	3200882
#	883	神圣的艾伯特	27	23	2	4	6	23	26	17	32	34	4318	27	25	13	0	18	|...|	3200883
#	884	小的柯利弗	27	41	2	4	6	41	43	31	19	29	4317	27	25	13	0	18	|...|	3200884
#	885	无间小梅森	27	18	2	4	6	18	39	24	43	37	4316	27	25	13	0	18	|...|	3200885
#	886	贤者小卡尔	27	32	2	4	6	32	28	41	34	23	4315	27	25	13	0	18	|...|	3200886
#	887	励志小泰德	27	31	2	4	6	31	23	35	45	37	4314	27	25	13	0	18	|...|	3200887
#	888	稳定小菲比	27	19	2	4	6	19	35	23	32	24	4313	27	25	13	0	18	|...|	3200888
#	889	潜水大伊甸园	27	30	2	4	6	30	23	36	44	21	4312	27	25	13	0	18	|...|	3200889
#	890	不羁的爱丝特	27	41	2	4	6	41	24	19	36	21	4311	27	25	13	0	18	|...|	3200890
#	891	三生的真相	27	19	2	4	6	19	44	42	32	29	4310	27	25	13	0	18	|...|	3200891
#	892	爱的琳达	27	30	2	4	6	30	34	20	32	29	4309	27	25	13	0	18	|...|	3200892
#	893	致命大凯里	27	18	2	4	6	18	39	34	30	29	4308	27	25	13	0	18	|...|	3200893
#	894	飞翔小深渊	27	39	2	4	6	39	44	37	31	43	4307	27	25	13	0	18	|...|	3200894
#	895	回首弗兰克	27	23	2	4	6	23	20	34	42	38	4306	27	25	13	0	18	|...|	3200895
#	896	仲裁的米莉	27	36	2	4	6	36	23	42	29	41	4305	27	25	13	0	18	|...|	3200896
#	897	前场大水蜜桃	27	28	2	4	6	28	34	45	43	36	4304	27	25	13	0	18	|...|	3200897
#	898	北欧的丹尼斯	27	21	2	4	6	21	44	24	32	33	4303	27	25	13	0	18	|...|	3200898
#	899	无声卡米尔	27	27	2	4	6	27	19	23	43	20	4302	27	25	13	0	18	|...|	3200899
#	900	暴君大朱恩	27	19	2	4	6	19	24	40	39	34	4301	27	25	13	0	18	|...|	3200900
#	901	骗经艾米丽	27	18	2	4	6	18	44	41	21	43	4300	27	25	13	0	18	|...|	3200901
#	902	完美小阿尔瓦	27	35	2	4	6	35	24	44	17	28	4299	27	25	13	0	18	|...|	3200902
#	903	笑面大青春	27	24	2	4	6	24	32	41	35	23	4298	27	25	13	0	18	|...|	3200903
#	904	从容小卡门	27	30	2	4	6	30	44	18	21	17	4297	27	25	13	0	18	|...|	3200904
#	905	独眼小朱恩	27	35	2	4	6	35	34	18	28	26	4296	27	25	13	0	18	|...|	3200905
#	906	微笑的卡米尔	27	21	2	4	6	21	37	36	35	34	4295	27	25	13	0	18	|...|	3200906
#	907	杀戮者大科林	27	37	2	4	6	37	33	20	38	35	4294	27	25	13	0	18	|...|	3200907
#	908	华丽小沃伦	27	44	2	4	6	44	37	33	30	38	4293	27	25	13	0	18	|...|	3200908
#	909	回首小迪伦	27	32	2	4	6	32	42	33	23	40	4292	27	25	13	0	18	|...|	3200909
#	910	忽悠大鲁宾逊	27	45	2	4	6	45	35	23	24	30	4291	27	25	13	0	18	|...|	3200910
#	911	沉默大布兰奇	27	20	2	4	6	20	30	36	27	18	4290	27	25	13	0	18	|...|	3200911
#	912	神气的劳伦斯	27	43	2	4	6	43	34	38	26	29	4289	27	25	13	0	18	|...|	3200912
#	913	夜空黛安娜	27	41	2	4	6	41	18	19	34	26	4288	27	25	13	0	18	|...|	3200913
#	914	失落小柿子	27	19	2	4	6	19	27	29	41	32	4287	27	25	13	0	18	|...|	3200914
#	915	努力大斯宾塞	27	43	2	4	6	43	24	38	41	26	4286	27	25	13	0	18	|...|	3200915
#	916	当红大黛比	27	30	2	4	6	30	26	19	44	23	4285	27	25	13	0	18	|...|	3200916
#	917	追风大安德鲁	27	17	2	4	6	17	39	33	45	23	4284	27	25	13	0	18	|...|	3200917
#	918	出局的杰西	27	21	2	4	6	21	37	35	27	44	4283	27	25	13	0	18	|...|	3200918
#	919	十方小华纳	27	31	2	4	6	31	29	17	18	34	4282	27	25	13	0	18	|...|	3200919
#	920	游荡的玛佩尔	27	38	2	4	6	38	27	37	34	31	4281	27	25	13	0	18	|...|	3200920
#	921	圣贤大堂娜	27	43	2	4	6	43	37	31	29	41	4280	27	25	13	0	18	|...|	3200921
#	922	走神的狄克	27	17	2	4	6	17	24	41	29	43	4279	27	25	13	0	18	|...|	3200922
#	923	文静小比尔	27	21	2	4	6	21	36	24	28	42	4278	27	25	13	0	18	|...|	3200923
#	924	过气小爱沙拉	27	33	2	4	6	33	42	20	44	24	4277	27	25	13	0	18	|...|	3200924
#	925	温柔小西蒙	27	18	2	4	6	18	39	37	33	17	4276	27	25	13	0	18	|...|	3200925
#	926	遗忘狄克	27	40	2	4	6	40	19	44	27	34	4275	27	25	13	0	18	|...|	3200926
#	927	暴走小伊芙	27	19	2	4	6	19	20	28	42	23	4274	27	25	13	0	18	|...|	3200927
#	928	制霸简	27	23	2	4	6	23	18	17	21	34	4273	27	25	13	0	18	|...|	3200928
#	929	卷毛阿曼达	27	38	2	4	6	38	26	44	36	19	4272	27	25	13	0	18	|...|	3200929
#	930	上进大柚子	27	29	2	4	6	29	21	30	41	31	4271	27	25	13	0	18	|...|	3200930
#	931	重磅小加百利	27	30	2	4	6	30	33	20	43	21	4270	27	25	13	0	18	|...|	3200931
#	932	沉默凯西	27	23	2	4	6	23	36	44	37	21	4269	27	25	13	0	18	|...|	3200932
#	933	非凡大卡门	27	33	2	4	6	33	17	28	41	45	4268	27	25	13	0	18	|...|	3200933
#	934	白发小黛布拉	27	38	2	4	6	38	21	36	39	43	4267	27	25	13	0	18	|...|	3200934
#	935	化身的埃迪	27	34	2	4	6	34	17	19	41	28	4266	27	25	13	0	18	|...|	3200935
#	936	奔跑小钜子	27	20	2	4	6	20	40	17	45	42	4265	27	25	13	0	18	|...|	3200936
#	937	疯狂大辛迪	27	40	2	4	6	40	20	28	39	34	4264	27	25	13	0	18	|...|	3200937
#	938	热血的本	27	30	2	4	6	30	41	36	20	29	4263	27	25	13	0	18	|...|	3200938
#	939	骗经小格林	27	27	2	4	6	27	19	42	44	35	4262	27	25	13	0	18	|...|	3200939
#	940	神奇大鲁宾逊	27	44	2	4	6	44	29	35	21	42	4261	27	25	13	0	18	|...|	3200940
#	941	正经大所罗门	27	17	2	4	6	17	37	23	26	29	4260	27	25	13	0	18	|...|	3200941
#	942	奇妙的曼迪	27	43	2	4	6	43	38	28	41	39	4259	27	25	13	0	18	|...|	3200942
#	943	影子小伊凡	27	39	2	4	6	39	20	36	26	42	4258	27	25	13	0	18	|...|	3200943
#	944	悟透大凯西	27	44	2	4	6	44	41	42	17	24	4257	27	25	13	0	18	|...|	3200944
#	945	终极的柚子	27	26	2	4	6	26	43	17	21	45	4256	27	25	13	0	18	|...|	3200945
#	946	遗忘大猩猩	27	20	2	4	6	20	42	44	35	18	4255	27	25	13	0	18	|...|	3200946
#	947	神锋的埃里克	27	18	2	4	6	18	42	44	24	45	4254	27	25	13	0	18	|...|	3200947
#	948	办证番茄	27	18	2	4	6	18	34	26	17	27	4253	27	25	13	0	18	|...|	3200948
#	949	乱世兰德尔	27	18	2	4	6	18	29	27	44	45	4252	27	25	13	0	18	|...|	3200949
#	950	热血凯特	27	27	2	4	6	27	34	18	24	26	4251	27	25	13	0	18	|...|	3200950
#	951	不破汤米	27	44	2	4	6	44	34	42	41	19	4250	27	25	13	0	18	|...|	3200951
#	952	飞翔大布伦达	27	43	2	4	6	43	44	36	27	35	4249	27	25	13	0	18	|...|	3200952
#	953	挥手海莉	27	21	2	4	6	21	17	30	31	24	4248	27	25	13	0	18	|...|	3200953
#	954	鹰眼梅甘	27	20	2	4	6	20	42	40	24	26	4247	27	25	13	0	18	|...|	3200954
#	955	帅气毛毛虫	27	28	2	4	6	28	45	24	17	18	4246	27	25	13	0	18	|...|	3200955
#	956	无敌的诺曼	27	18	2	4	6	18	32	44	24	36	4245	27	25	13	0	18	|...|	3200956
#	957	圆滑小玛丽亚	27	42	2	4	6	42	28	43	20	19	4244	27	25	13	0	18	|...|	3200957
#	958	待定的梅	27	40	2	4	6	40	33	35	38	42	4243	27	25	13	0	18	|...|	3200958
#	959	潜水小伊莱恩	27	33	2	4	6	33	23	30	34	24	4242	27	25	13	0	18	|...|	3200959
#	960	零式雷克斯	27	29	2	4	6	29	45	40	31	26	4241	27	25	13	0	18	|...|	3200960
#	961	执念的夕阳	27	43	2	4	6	43	28	41	26	37	4240	27	25	13	0	18	|...|	3200961
#	962	深沉的劳伦特	27	45	2	4	6	45	29	30	19	28	4239	27	25	13	0	18	|...|	3200962
#	963	队草小梅	27	21	2	4	6	21	27	40	31	23	4238	27	25	13	0	18	|...|	3200963
#	964	忧郁爱德华	27	27	2	4	6	27	35	39	33	40	4237	27	25	13	0	18	|...|	3200964
#	965	严肃李老师	27	41	2	4	6	41	28	44	30	42	4236	27	25	13	0	18	|...|	3200965
#	966	北欧小布伦特	27	35	2	4	6	35	24	27	19	31	4235	27	25	13	0	18	|...|	3200966
#	967	游荡小萨姆	27	24	2	4	6	24	33	35	38	31	4234	27	25	13	0	18	|...|	3200967
#	968	奔跑大水饺	27	21	2	4	6	21	36	38	28	45	4233	27	25	13	0	18	|...|	3200968
#	969	腹黑的爱沙拉	27	42	2	4	6	42	21	20	36	43	4232	27	25	13	0	18	|...|	3200969
#	970	补考大稻草	27	24	2	4	6	24	37	17	28	21	4231	27	25	13	0	18	|...|	3200970
#	971	华丽法典	27	34	2	4	6	34	18	19	35	27	4230	27	25	13	0	18	|...|	3200971
#	972	零式萨米	27	34	2	4	6	34	33	35	17	38	4229	27	25	13	0	18	|...|	3200972
#	973	小小伊娃	27	37	2	4	6	37	36	38	27	45	4228	27	25	13	0	18	|...|	3200973
#	974	百式的菲比	27	43	2	4	6	43	40	44	41	23	4227	27	25	13	0	18	|...|	3200974
#	975	傲娇大马库斯	27	31	2	4	6	31	28	32	43	34	4226	27	25	13	0	18	|...|	3200975
#	976	浮夸小马库斯	27	37	2	4	6	37	43	21	30	31	4225	27	25	13	0	18	|...|	3200976
#	977	绿色爱沙拉	27	18	2	4	6	18	33	19	30	36	4224	27	25	13	0	18	|...|	3200977
#	978	龅牙大堂娜	27	34	2	4	6	34	35	17	28	23	4223	27	25	13	0	18	|...|	3200978
#	979	重大卡罗琳	27	41	2	4	6	41	27	20	23	44	4222	27	25	13	0	18	|...|	3200979
#	980	孤傲大大熊	27	37	2	4	6	37	39	21	40	23	4221	27	25	13	0	18	|...|	3200980
#	981	灌水大达芙妮	27	26	2	4	6	26	40	41	29	34	4220	27	25	13	0	18	|...|	3200981
#	982	化身的恶魔	27	18	2	4	6	18	39	38	32	17	4219	27	25	13	0	18	|...|	3200982
#	983	娃面罗伯特	27	45	2	4	6	45	41	40	29	33	4218	27	25	13	0	18	|...|	3200983
#	984	无声小理查德	27	34	2	4	6	34	36	41	28	43	4217	27	25	13	0	18	|...|	3200984
#	985	骗经的艾莉	27	38	2	4	6	38	39	29	40	18	4216	27	25	13	0	18	|...|	3200985
#	986	忘情的劳瑞	27	44	2	4	6	44	41	28	24	36	4215	27	25	13	0	18	|...|	3200986
#	987	待定的堂娜	27	45	2	4	6	45	28	27	38	23	4214	27	25	13	0	18	|...|	3200987
#	988	乱战达芙妮	27	30	2	4	6	30	43	33	45	36	4213	27	25	13	0	18	|...|	3200988
#	989	神奇的乔治	27	18	2	4	6	18	19	40	29	43	4212	27	25	13	0	18	|...|	3200989
#	990	未来爱丽丝	27	17	2	4	6	17	39	24	19	27	4211	27	25	13	0	18	|...|	3200990
#	991	冰封的艾达	27	27	2	4	6	27	32	39	26	42	4210	27	25	13	0	18	|...|	3200991
#	992	大帝小克洛伊	27	18	2	4	6	18	43	34	26	33	4209	27	25	13	0	18	|...|	3200992
#	993	骄傲小伊娃	27	23	2	4	6	23	42	18	34	32	4208	27	25	13	0	18	|...|	3200993
#	994	孤傲芬妮	27	17	2	4	6	17	34	23	26	18	4207	27	25	13	0	18	|...|	3200994
#	995	慈善的保罗	27	42	2	4	6	42	20	43	30	17	4206	27	25	13	0	18	|...|	3200995
#	996	玻璃大艾许莉	27	23	2	4	6	23	34	38	41	33	4205	27	25	13	0	18	|...|	3200996
#	997	正义大格林顿	27	27	2	4	6	27	38	43	42	39	4204	27	25	13	0	18	|...|	3200997
#	998	孤傲梅米	27	36	2	4	6	36	45	19	33	17	4203	27	25	13	0	18	|...|	3200998
#	999	吴钩的诺亚	27	44	2	4	6	44	21	37	45	29	4202	27	25	13	0	18	|...|	3200999
#	1000	梦游的斯考特	27	21	2	4	6	21	41	23	39	19	4201	27	25	13	0	18	|...|	3201000
#	1001	终极的维克多	26	21	2	4	6	21	23	44	38	32	4200	26	24	12	0	17	|...|	3201001
#	1002	悟透西瓜	26	34	2	4	6	34	19	30	21	26	4199	26	24	12	0	17	|...|	3201002
#	1003	狂野大伊恩	26	44	2	4	6	44	20	36	35	42	4198	26	24	12	0	17	|...|	3201003
#	1004	仲裁的辛迪	26	39	2	4	6	39	37	42	26	23	4197	26	24	12	0	17	|...|	3201004
#	1005	单车小约翰	26	35	2	4	6	35	33	18	42	44	4196	26	24	12	0	17	|...|	3201005
#	1006	无间的坎蒂	26	38	2	4	6	38	20	43	18	42	4195	26	24	12	0	17	|...|	3201006
#	1007	传播者莉娜	26	33	2	4	6	33	23	39	26	32	4194	26	24	12	0	17	|...|	3201007
#	1008	白天大夏洛特	26	41	2	4	6	41	33	17	19	31	4193	26	24	12	0	17	|...|	3201008
#	1009	零式的艾德文	26	33	2	4	6	33	42	28	36	23	4192	26	24	12	0	17	|...|	3201009
#	1010	伤心大凯丽	26	35	2	4	6	35	28	42	31	26	4191	26	24	12	0	17	|...|	3201010
#	1011	正经的布莱克	26	24	2	4	6	24	34	31	23	44	4190	26	24	12	0	17	|...|	3201011
#	1012	死忠大杜克	26	28	2	4	6	28	17	19	36	24	4189	26	24	12	0	17	|...|	3201012
#	1013	游荡戴茜	26	33	2	4	6	33	21	42	35	32	4188	26	24	12	0	17	|...|	3201013
#	1014	雷霆小洛拉	26	24	2	4	6	24	20	36	45	29	4187	26	24	12	0	17	|...|	3201014
#	1015	传播者大马修	26	23	2	4	6	23	19	26	45	21	4186	26	24	12	0	17	|...|	3201015
#	1016	致命小克洛伊	26	24	2	4	6	24	45	35	27	19	4185	26	24	12	0	17	|...|	3201016
#	1017	游荡福特	26	35	2	4	6	35	33	41	32	36	4184	26	24	12	0	17	|...|	3201017
#	1018	百式范	26	18	2	4	6	18	34	35	36	21	4183	26	24	12	0	17	|...|	3201018
#	1019	今日坎蒂	26	27	2	4	6	27	32	42	17	28	4182	26	24	12	0	17	|...|	3201019
#	1020	靠谱的艾萨克	26	43	2	4	6	43	30	31	38	39	4181	26	24	12	0	17	|...|	3201020
#	1021	白天真知	26	21	2	4	6	21	41	42	37	45	4180	26	24	12	0	17	|...|	3201021
#	1022	激情的托德	26	28	2	4	6	28	44	31	41	42	4179	26	24	12	0	17	|...|	3201022
#	1023	蓝色小朱迪丝	26	27	2	4	6	27	40	37	39	30	4178	26	24	12	0	17	|...|	3201023
#	1024	乱世露茜	26	24	2	4	6	24	18	43	38	30	4177	26	24	12	0	17	|...|	3201024
#	1025	无相小安迪	26	32	2	4	6	32	38	18	33	19	4176	26	24	12	0	17	|...|	3201025
#	1026	绿色的琳达	26	30	2	4	6	30	35	41	36	44	4175	26	24	12	0	17	|...|	3201026
#	1027	腹黑大本杰明	26	45	2	4	6	45	28	32	31	17	4174	26	24	12	0	17	|...|	3201027
#	1028	重装小卡瑞娜	26	31	2	4	6	31	41	36	19	26	4173	26	24	12	0	17	|...|	3201028
#	1029	骇人的掌柜	26	31	2	4	6	31	17	41	24	44	4172	26	24	12	0	17	|...|	3201029
#	1030	神锋大拉里	26	38	2	4	6	38	37	17	31	43	4171	26	24	12	0	17	|...|	3201030
#	1031	特训的菲比	26	23	2	4	6	23	39	32	17	27	4170	26	24	12	0	17	|...|	3201031
#	1032	奇妙乔丹	26	32	2	4	6	32	35	23	40	19	4169	26	24	12	0	17	|...|	3201032
#	1033	大小莫尼卡	26	33	2	4	6	33	21	35	40	28	4168	26	24	12	0	17	|...|	3201033
#	1034	终极的斯坦利	26	28	2	4	6	28	33	45	26	24	4167	26	24	12	0	17	|...|	3201034
#	1035	丑陋小看门人	26	18	2	4	6	18	43	28	19	35	4166	26	24	12	0	17	|...|	3201035
#	1036	星月的伊夫林	26	21	2	4	6	21	18	39	37	17	4165	26	24	12	0	17	|...|	3201036
#	1037	酱油大斯帕克	26	26	2	4	6	26	40	35	32	34	4164	26	24	12	0	17	|...|	3201037
#	1038	过气小大卫	26	45	2	4	6	45	20	43	32	41	4163	26	24	12	0	17	|...|	3201038
#	1039	游荡的哈里森	26	40	2	4	6	40	36	32	33	45	4162	26	24	12	0	17	|...|	3201039
#	1040	肥大艾维	26	24	2	4	6	24	34	21	38	31	4161	26	24	12	0	17	|...|	3201040
#	1041	落泪美洛蒂	26	40	2	4	6	40	44	28	19	34	4160	26	24	12	0	17	|...|	3201041
#	1042	努力的简	26	43	2	4	6	43	38	30	29	33	4159	26	24	12	0	17	|...|	3201042
#	1043	野蛮的艾萨克	26	42	2	4	6	42	36	29	27	19	4158	26	24	12	0	17	|...|	3201043
#	1044	有病杰西	26	40	2	4	6	40	20	27	19	18	4157	26	24	12	0	17	|...|	3201044
#	1045	金发大诺亚	26	34	2	4	6	34	37	29	23	28	4156	26	24	12	0	17	|...|	3201045
#	1046	乱世的詹妮弗	26	45	2	4	6	45	35	28	39	18	4155	26	24	12	0	17	|...|	3201046
#	1047	造点巨龙	26	36	2	4	6	36	40	19	31	37	4154	26	24	12	0	17	|...|	3201047
#	1048	愤怒的托马斯	26	27	2	4	6	27	26	43	40	19	4153	26	24	12	0	17	|...|	3201048
#	1049	秃头的坎蒂	26	38	2	4	6	38	37	39	21	19	4152	26	24	12	0	17	|...|	3201049
#	1050	遗憾大马歇尔	26	43	2	4	6	43	23	42	27	40	4151	26	24	12	0	17	|...|	3201050
#	1051	旗下的雷	26	27	2	4	6	27	33	32	43	21	4150	26	24	12	0	17	|...|	3201051
#	1052	独眼法典	26	33	2	4	6	33	42	36	31	21	4149	26	24	12	0	17	|...|	3201052
#	1053	呆呆的特里	26	17	2	4	6	17	44	30	20	38	4148	26	24	12	0	17	|...|	3201053
#	1054	蓝色的马文	26	27	2	4	6	27	45	33	32	23	4147	26	24	12	0	17	|...|	3201054
#	1055	回归小本森	26	44	2	4	6	44	26	38	27	34	4146	26	24	12	0	17	|...|	3201055
#	1056	抢镜大面条	26	41	2	4	6	41	21	19	38	31	4145	26	24	12	0	17	|...|	3201056
#	1057	随行昆廷	26	31	2	4	6	31	35	40	38	20	4144	26	24	12	0	17	|...|	3201057
#	1058	全能小黛安娜	26	27	2	4	6	27	38	17	30	26	4143	26	24	12	0	17	|...|	3201058
#	1059	耍帅的采尼	26	38	2	4	6	38	36	42	20	44	4142	26	24	12	0	17	|...|	3201059
#	1060	助威的布兰登	26	45	2	4	6	45	34	24	29	37	4141	26	24	12	0	17	|...|	3201060
#	1061	制裁的艾米	26	35	2	4	6	35	33	23	18	42	4140	26	24	12	0	17	|...|	3201061
#	1062	神气小多拉	26	44	2	4	6	44	35	26	32	42	4139	26	24	12	0	17	|...|	3201062
#	1063	沉默小特伦斯	26	33	2	4	6	33	18	36	23	38	4138	26	24	12	0	17	|...|	3201063
#	1064	奇怪大米兰达	26	17	2	4	6	17	27	40	33	26	4137	26	24	12	0	17	|...|	3201064
#	1065	冷血大橄榄	26	40	2	4	6	40	39	33	41	37	4136	26	24	12	0	17	|...|	3201065
#	1066	终极大希尔顿	26	41	2	4	6	41	35	42	44	20	4135	26	24	12	0	17	|...|	3201066
#	1067	前场电灯泡	26	33	2	4	6	33	44	31	38	35	4134	26	24	12	0	17	|...|	3201067
#	1068	不攻比利	26	24	2	4	6	24	27	28	18	21	4133	26	24	12	0	17	|...|	3201068
#	1069	奇妙大克莉丝	26	18	2	4	6	18	38	23	17	41	4132	26	24	12	0	17	|...|	3201069
#	1070	重小玛佩尔	26	41	2	4	6	41	45	34	31	19	4131	26	24	12	0	17	|...|	3201070
#	1071	理发小唐纳德	26	41	2	4	6	41	23	27	35	30	4130	26	24	12	0	17	|...|	3201071
#	1072	正义大拉里	26	30	2	4	6	30	18	27	37	44	4129	26	24	12	0	17	|...|	3201072
#	1073	有病小马驹	26	44	2	4	6	44	35	19	41	18	4128	26	24	12	0	17	|...|	3201073
#	1074	硬糖欧文	26	27	2	4	6	27	26	45	17	32	4127	26	24	12	0	17	|...|	3201074
#	1075	龅牙肖恩	26	33	2	4	6	33	39	44	18	21	4126	26	24	12	0	17	|...|	3201075
#	1076	造点大爱丝特	26	20	2	4	6	20	30	21	31	36	4125	26	24	12	0	17	|...|	3201076
#	1077	奇妙小埃莉卡	26	18	2	4	6	18	20	28	45	29	4124	26	24	12	0	17	|...|	3201077
#	1078	励志大柚子	26	24	2	4	6	24	38	18	45	40	4123	26	24	12	0	17	|...|	3201078
#	1079	闪电大海蒂	26	21	2	4	6	21	29	17	32	36	4122	26	24	12	0	17	|...|	3201079
#	1080	无相橄榄	26	30	2	4	6	30	36	43	45	19	4121	26	24	12	0	17	|...|	3201080
#	1081	愤怒希拉里	26	43	2	4	6	43	34	18	45	23	4120	26	24	12	0	17	|...|	3201081
#	1082	探险基蒂	26	45	2	4	6	45	43	27	44	41	4119	26	24	12	0	17	|...|	3201082
#	1083	百式大鲍伯	26	29	2	4	6	29	23	42	45	24	4118	26	24	12	0	17	|...|	3201083
#	1084	登顶的尼克	26	44	2	4	6	44	41	42	34	24	4117	26	24	12	0	17	|...|	3201084
#	1085	青训大理查德	26	28	2	4	6	28	31	40	44	37	4116	26	24	12	0	17	|...|	3201085
#	1086	传播者的卡洛斯	26	29	2	4	6	29	34	24	40	37	4115	26	24	12	0	17	|...|	3201086
#	1087	零式小海顿	26	36	2	4	6	36	31	44	40	38	4114	26	24	12	0	17	|...|	3201087
#	1088	出局大凯琳	26	24	2	4	6	24	39	26	45	36	4113	26	24	12	0	17	|...|	3201088
#	1089	落泪大尼克	26	23	2	4	6	23	18	30	21	24	4112	26	24	12	0	17	|...|	3201089
#	1090	热血小梅甘	26	32	2	4	6	32	39	28	30	40	4111	26	24	12	0	17	|...|	3201090
#	1091	呆呆卡门	26	26	2	4	6	26	40	28	31	23	4110	26	24	12	0	17	|...|	3201091
#	1092	疗养大亨利	26	28	2	4	6	28	39	24	26	34	4109	26	24	12	0	17	|...|	3201092
#	1093	正经小大卫	26	28	2	4	6	28	18	26	36	32	4108	26	24	12	0	17	|...|	3201093
#	1094	滑稽小恶魔	26	29	2	4	6	29	18	17	27	19	4107	26	24	12	0	17	|...|	3201094
#	1095	带刀小稻草	26	30	2	4	6	30	27	26	18	24	4106	26	24	12	0	17	|...|	3201095
#	1096	圆滑大卢克	26	23	2	4	6	23	33	29	27	36	4105	26	24	12	0	17	|...|	3201096
#	1097	双刀雨果	26	18	2	4	6	18	30	41	34	27	4104	26	24	12	0	17	|...|	3201097
#	1098	滚滚小安迪	26	40	2	4	6	40	18	44	20	23	4103	26	24	12	0	17	|...|	3201098
#	1099	未来杰伊	26	41	2	4	6	41	44	45	23	30	4102	26	24	12	0	17	|...|	3201099
#	1100	温暖小梅甘	26	24	2	4	6	24	42	35	32	34	4101	26	24	12	0	17	|...|	3201100
#	1101	队草小小玉	26	39	2	4	6	39	36	34	21	37	4100	26	24	12	0	17	|...|	3201101
#	1102	首任的科拉	26	42	2	4	6	42	24	29	32	20	4099	26	24	12	0	17	|...|	3201102
#	1103	酱油大方舟	26	24	2	4	6	24	20	28	41	38	4098	26	24	12	0	17	|...|	3201103
#	1104	全能查尔斯	26	43	2	4	6	43	24	28	18	31	4097	26	24	12	0	17	|...|	3201104
#	1105	青训小露茜	26	28	2	4	6	28	26	41	35	37	4096	26	24	12	0	17	|...|	3201105
#	1106	伤感的凯文	26	24	2	4	6	24	23	39	35	32	4095	26	24	12	0	17	|...|	3201106
#	1107	制霸大凯茜	26	34	2	4	6	34	39	32	35	38	4094	26	24	12	0	17	|...|	3201107
#	1108	爆裂弹大赫柏	26	38	2	4	6	38	39	42	44	20	4093	26	24	12	0	17	|...|	3201108
#	1109	光头的所罗门	26	33	2	4	6	33	17	20	18	37	4092	26	24	12	0	17	|...|	3201109
#	1110	牛皮糖笆笆拉	26	44	2	4	6	44	29	27	17	24	4091	26	24	12	0	17	|...|	3201110
#	1111	强悍劳瑞恩	26	40	2	4	6	40	23	27	39	28	4090	26	24	12	0	17	|...|	3201111
#	1112	优雅马德琳	26	27	2	4	6	27	40	21	43	33	4089	26	24	12	0	17	|...|	3201112
#	1113	忘情安	26	36	2	4	6	36	27	23	32	38	4088	26	24	12	0	17	|...|	3201113
#	1114	奶油大詹姆士	26	45	2	4	6	45	39	30	27	23	4087	26	24	12	0	17	|...|	3201114
#	1115	伤感的玛丽莲	26	20	2	4	6	20	27	40	28	26	4086	26	24	12	0	17	|...|	3201115
#	1116	霸气垒爷	26	26	2	4	6	26	21	27	24	20	4085	26	24	12	0	17	|...|	3201116
#	1117	出局的安尼塔	26	31	2	4	6	31	43	18	24	42	4084	26	24	12	0	17	|...|	3201117
#	1118	狂野的莰蒂丝	26	20	2	4	6	20	35	24	27	38	4083	26	24	12	0	17	|...|	3201118
#	1119	绿色的罗伊	26	24	2	4	6	24	26	30	36	35	4082	26	24	12	0	17	|...|	3201119
#	1120	圆梦的文森特	26	43	2	4	6	43	39	24	30	20	4081	26	24	12	0	17	|...|	3201120
#	1121	巅峰大阿诺德	26	27	2	4	6	27	24	41	42	28	4080	26	24	12	0	17	|...|	3201121
#	1122	天生的布拉德	26	33	2	4	6	33	40	34	36	41	4079	26	24	12	0	17	|...|	3201122
#	1123	军中小华纳	26	41	2	4	6	41	20	34	36	40	4078	26	24	12	0	17	|...|	3201123
#	1124	重小埃拉	26	44	2	4	6	44	41	36	30	31	4077	26	24	12	0	17	|...|	3201124
#	1125	不羁达茜	26	28	2	4	6	28	19	31	37	21	4076	26	24	12	0	17	|...|	3201125
#	1126	多面小加百利	26	35	2	4	6	35	31	20	40	26	4075	26	24	12	0	17	|...|	3201126
#	1127	冷面大莫尼卡	26	42	2	4	6	42	41	45	19	17	4074	26	24	12	0	17	|...|	3201127
#	1128	不攻詹米	26	29	2	4	6	29	21	43	31	35	4073	26	24	12	0	17	|...|	3201128
#	1129	孤独小欧蕊	26	19	2	4	6	19	27	32	37	33	4072	26	24	12	0	17	|...|	3201129
#	1130	暴走的圣经	26	31	2	4	6	31	23	32	37	39	4071	26	24	12	0	17	|...|	3201130
#	1131	乱世德里克	26	38	2	4	6	38	21	41	44	35	4070	26	24	12	0	17	|...|	3201131
#	1132	爆裂弹大凯西	26	31	2	4	6	31	19	37	45	38	4069	26	24	12	0	17	|...|	3201132
#	1133	未来的艾伦	26	30	2	4	6	30	31	17	18	23	4068	26	24	12	0	17	|...|	3201133
#	1134	矜持的菲奥纳	26	24	2	4	6	24	37	23	18	32	4067	26	24	12	0	17	|...|	3201134
#	1135	一个大雄鹰	26	33	2	4	6	33	43	26	45	18	4066	26	24	12	0	17	|...|	3201135
#	1136	南方安倪	26	39	2	4	6	39	37	20	35	26	4065	26	24	12	0	17	|...|	3201136
#	1137	游荡小安伯	26	17	2	4	6	17	44	21	18	37	4064	26	24	12	0	17	|...|	3201137
#	1138	圣贤的奥斯汀	26	19	2	4	6	19	28	39	17	38	4063	26	24	12	0	17	|...|	3201138
#	1139	传奇大肯尼迪	26	37	2	4	6	37	28	36	18	23	4062	26	24	12	0	17	|...|	3201139
#	1140	军中大伊甸园	26	28	2	4	6	28	18	37	19	41	4061	26	24	12	0	17	|...|	3201140
#	1141	嗜血小茉莉	26	34	2	4	6	34	37	38	19	30	4060	26	24	12	0	17	|...|	3201141
#	1142	梦游吉米	26	30	2	4	6	30	17	19	23	21	4059	26	24	12	0	17	|...|	3201142
#	1143	魔相大马库斯	26	41	2	4	6	41	38	30	28	40	4058	26	24	12	0	17	|...|	3201143
#	1144	下凡鲁宾逊	26	34	2	4	6	34	35	38	29	17	4057	26	24	12	0	17	|...|	3201144
#	1145	死神小小米糕	26	19	2	4	6	19	17	23	38	18	4056	26	24	12	0	17	|...|	3201145
#	1146	神秘小海莉	26	38	2	4	6	38	33	29	18	42	4055	26	24	12	0	17	|...|	3201146
#	1147	橡皮的橄榄	26	36	2	4	6	36	41	42	20	43	4054	26	24	12	0	17	|...|	3201147
#	1148	凝固的罗伊	26	44	2	4	6	44	45	41	18	17	4053	26	24	12	0	17	|...|	3201148
#	1149	白天的瑞利	26	32	2	4	6	32	29	31	26	19	4052	26	24	12	0	17	|...|	3201149
#	1150	神圣大凯斯	26	32	2	4	6	32	36	21	28	44	4051	26	24	12	0	17	|...|	3201150
#	1151	刻章的绝顶	26	29	2	4	6	29	17	36	34	43	4050	26	24	12	0	17	|...|	3201151
#	1152	优雅的茉莉	26	30	2	4	6	30	34	33	17	36	4049	26	24	12	0	17	|...|	3201152
#	1153	理智大詹妮弗	26	39	2	4	6	39	40	24	20	41	4048	26	24	12	0	17	|...|	3201153
#	1154	伤心杰克	26	18	2	4	6	18	19	44	40	27	4047	26	24	12	0	17	|...|	3201154
#	1155	萌萌小伊夫林	26	21	2	4	6	21	27	43	33	23	4046	26	24	12	0	17	|...|	3201155
#	1156	吴钩小布鲁斯	26	36	2	4	6	36	20	37	33	34	4045	26	24	12	0	17	|...|	3201156
#	1157	无间雷纳德	26	19	2	4	6	19	27	26	33	41	4044	26	24	12	0	17	|...|	3201157
#	1158	救世大亨利	26	29	2	4	6	29	30	35	28	39	4043	26	24	12	0	17	|...|	3201158
#	1159	关键小乔伊	26	44	2	4	6	44	37	17	24	20	4042	26	24	12	0	17	|...|	3201159
#	1160	金发的小米糕	26	23	2	4	6	23	33	39	38	36	4041	26	24	12	0	17	|...|	3201160
#	1161	助威大黛博拉	26	17	2	4	6	17	27	29	36	18	4040	26	24	12	0	17	|...|	3201161
#	1162	落泪大凯斯	26	27	2	4	6	27	23	45	43	31	4039	26	24	12	0	17	|...|	3201162
#	1163	悲情小加比	26	17	2	4	6	17	43	30	27	29	4038	26	24	12	0	17	|...|	3201163
#	1164	笑面露西娅	26	32	2	4	6	32	41	38	35	36	4037	26	24	12	0	17	|...|	3201164
#	1165	追风丹尼	26	19	2	4	6	19	44	20	43	35	4036	26	24	12	0	17	|...|	3201165
#	1166	光头小玛丽	26	17	2	4	6	17	41	43	23	42	4035	26	24	12	0	17	|...|	3201166
#	1167	助攻小拉里	26	30	2	4	6	30	40	38	43	45	4034	26	24	12	0	17	|...|	3201167
#	1168	白发的海蒂	26	33	2	4	6	33	31	20	43	26	4033	26	24	12	0	17	|...|	3201168
#	1169	正经的切莉	26	20	2	4	6	20	44	19	43	41	4032	26	24	12	0	17	|...|	3201169
#	1170	丑陋小狄克	26	35	2	4	6	35	21	34	30	36	4031	26	24	12	0	17	|...|	3201170
#	1171	南方的约瑟芬	26	45	2	4	6	45	44	31	32	30	4030	26	24	12	0	17	|...|	3201171
#	1172	走神小尼尔森	26	36	2	4	6	36	30	32	19	45	4029	26	24	12	0	17	|...|	3201172
#	1173	小玛克辛	26	36	2	4	6	36	30	41	34	19	4028	26	24	12	0	17	|...|	3201173
#	1174	绝世大菲利普	26	45	2	4	6	45	42	32	19	35	4027	26	24	12	0	17	|...|	3201174
#	1175	叛逆卡罗琳	26	24	2	4	6	24	19	38	39	40	4026	26	24	12	0	17	|...|	3201175
#	1176	南方丹尼	26	32	2	4	6	32	24	27	45	38	4025	26	24	12	0	17	|...|	3201176
#	1177	独眼的欧文	26	28	2	4	6	28	38	18	29	23	4024	26	24	12	0	17	|...|	3201177
#	1178	巨型布兰登	26	34	2	4	6	34	40	24	37	28	4023	26	24	12	0	17	|...|	3201178
#	1179	独眼的洛拉	26	41	2	4	6	41	43	33	31	28	4022	26	24	12	0	17	|...|	3201179
#	1180	霹雳迦勒	26	17	2	4	6	17	44	43	34	41	4021	26	24	12	0	17	|...|	3201180
#	1181	被爱米迦勒	26	39	2	4	6	39	41	20	28	23	4020	26	24	12	0	17	|...|	3201181
#	1182	执念切莉	26	18	2	4	6	18	30	41	38	42	4019	26	24	12	0	17	|...|	3201182
#	1183	耍帅托尼	26	19	2	4	6	19	37	35	38	41	4018	26	24	12	0	17	|...|	3201183
#	1184	小凯莉	26	39	2	4	6	39	21	28	35	42	4017	26	24	12	0	17	|...|	3201184
#	1185	不羁大艾许莉	26	24	2	4	6	24	17	36	32	35	4016	26	24	12	0	17	|...|	3201185
#	1186	不破大曼迪	26	27	2	4	6	27	38	39	36	19	4015	26	24	12	0	17	|...|	3201186
#	1187	登顶的蕾西	26	38	2	4	6	38	34	39	26	45	4014	26	24	12	0	17	|...|	3201187
#	1188	度假小基蒂	26	37	2	4	6	37	24	44	45	18	4013	26	24	12	0	17	|...|	3201188
#	1189	圆梦的禅	26	23	2	4	6	23	40	30	21	39	4012	26	24	12	0	17	|...|	3201189
#	1190	乱战小荔枝	26	36	2	4	6	36	32	17	26	31	4011	26	24	12	0	17	|...|	3201190
#	1191	奶油大路易莎	26	30	2	4	6	30	32	19	20	21	4010	26	24	12	0	17	|...|	3201191
#	1192	白天的斯坦利	26	29	2	4	6	29	32	17	30	38	4009	26	24	12	0	17	|...|	3201192
#	1193	无相的马丁	26	32	2	4	6	32	17	34	28	37	4008	26	24	12	0	17	|...|	3201193
#	1194	星月的兰斯	26	24	2	4	6	24	37	19	39	41	4007	26	24	12	0	17	|...|	3201194
#	1195	冷血的凯尔西	26	34	2	4	6	34	38	35	30	42	4006	26	24	12	0	17	|...|	3201195
#	1196	传奇的尼克	26	29	2	4	6	29	39	41	42	35	4005	26	24	12	0	17	|...|	3201196
#	1197	乱战小朱迪丝	26	40	2	4	6	40	17	34	43	39	4004	26	24	12	0	17	|...|	3201197
#	1198	疗养的布伦达	26	41	2	4	6	41	20	35	17	27	4003	26	24	12	0	17	|...|	3201198
#	1199	唯一小本	26	21	2	4	6	21	23	30	45	18	4002	26	24	12	0	17	|...|	3201199
#	1200	化身大李	26	19	2	4	6	19	44	39	37	30	4001	26	24	12	0	17	|...|	3201200
#	1201	未来小霍华德	25	38	2	4	5	38	34	27	41	45	4000	25	23	11	0	16	|...|	3201201
#	1202	肥的狄克	25	35	2	4	5	35	44	40	34	30	3999	25	23	11	0	16	|...|	3201202
#	1203	特别小卢克	25	42	2	4	5	42	19	34	29	30	3998	25	23	11	0	16	|...|	3201203
#	1204	大帝的杰伊	25	23	2	4	5	23	29	40	30	43	3997	25	23	11	0	16	|...|	3201204
#	1205	积极的艾比	25	39	2	4	5	39	38	40	37	33	3996	25	23	11	0	16	|...|	3201205
#	1206	无敌的巨龙	25	42	2	4	5	42	17	29	26	24	3995	25	23	11	0	16	|...|	3201206
#	1207	幽灵小沃伦	25	29	2	4	5	29	45	32	38	18	3994	25	23	11	0	16	|...|	3201207
#	1208	袖珍法典	25	37	2	4	5	37	34	33	42	39	3993	25	23	11	0	16	|...|	3201208
#	1209	白色小荔枝	25	40	2	4	5	40	21	29	35	28	3992	25	23	11	0	16	|...|	3201209
#	1210	温暖的洛克	25	33	2	4	5	33	29	34	45	24	3991	25	23	11	0	16	|...|	3201210
#	1211	影子小伊迪萨	25	40	2	4	5	40	17	37	42	35	3990	25	23	11	0	16	|...|	3201211
#	1212	极速小西蒙	25	37	2	4	5	37	19	38	30	36	3989	25	23	11	0	16	|...|	3201212
#	1213	仁义小爱丝特	25	26	2	4	5	26	24	43	27	19	3988	25	23	11	0	16	|...|	3201213
#	1214	遗憾的海伦娜	25	30	2	4	5	30	29	42	44	35	3987	25	23	11	0	16	|...|	3201214
#	1215	军中的埃迪	25	17	2	4	5	17	29	23	38	27	3986	25	23	11	0	16	|...|	3201215
#	1216	星月小安妮	25	29	2	4	5	29	20	23	36	33	3985	25	23	11	0	16	|...|	3201216
#	1217	叛逆小莱斯利	25	18	2	4	5	18	17	41	35	23	3984	25	23	11	0	16	|...|	3201217
#	1218	神圣小劳伦特	25	34	2	4	5	34	23	35	24	42	3983	25	23	11	0	16	|...|	3201218
#	1219	慈善朱蒂	25	35	2	4	5	35	40	41	44	17	3982	25	23	11	0	16	|...|	3201219
#	1220	神圣小贝拉	25	17	2	4	5	17	44	29	35	26	3981	25	23	11	0	16	|...|	3201220
#	1221	奶油欧蕊	25	28	2	4	5	28	20	24	34	27	3980	25	23	11	0	16	|...|	3201221
#	1222	单车的艾琳娜	25	23	2	4	5	23	37	40	17	20	3979	25	23	11	0	16	|...|	3201222
#	1223	遗忘大米奇	25	26	2	4	5	26	32	45	30	21	3978	25	23	11	0	16	|...|	3201223
#	1224	零式的欧文	25	36	2	4	5	36	27	34	35	42	3977	25	23	11	0	16	|...|	3201224
#	1225	狂野大凯拉	25	18	2	4	5	18	24	21	44	17	3976	25	23	11	0	16	|...|	3201225
#	1226	前场小柠檬	25	42	2	4	5	42	17	29	40	28	3975	25	23	11	0	16	|...|	3201226
#	1227	无声的詹森	25	45	2	4	5	45	26	24	21	30	3974	25	23	11	0	16	|...|	3201227
#	1228	傲娇小玛丽亚	25	40	2	4	5	40	39	29	42	34	3973	25	23	11	0	16	|...|	3201228
#	1229	传奇大埃里克	25	31	2	4	5	31	30	28	26	17	3972	25	23	11	0	16	|...|	3201229
#	1230	制霸大托马斯	25	45	2	4	5	45	28	35	21	40	3971	25	23	11	0	16	|...|	3201230
#	1231	奇妙小柠檬	25	45	2	4	5	45	40	24	32	31	3970	25	23	11	0	16	|...|	3201231
#	1232	旗下小罗琳	25	17	2	4	5	17	43	38	23	39	3969	25	23	11	0	16	|...|	3201232
#	1233	化身的雷克斯	25	26	2	4	5	26	29	30	39	24	3968	25	23	11	0	16	|...|	3201233
#	1234	冷面戴夫	25	36	2	4	5	36	28	19	18	43	3967	25	23	11	0	16	|...|	3201234
#	1235	狂贼番茄	25	35	2	4	5	35	32	42	44	18	3966	25	23	11	0	16	|...|	3201235
#	1236	爱大凯里	25	34	2	4	5	34	39	30	26	18	3965	25	23	11	0	16	|...|	3201236
#	1237	强悍大吉娜	25	17	2	4	5	17	34	23	33	20	3964	25	23	11	0	16	|...|	3201237
#	1238	零式小晓恩	25	42	2	4	5	42	41	23	33	35	3963	25	23	11	0	16	|...|	3201238
#	1239	升华瑞利	25	45	2	4	5	45	20	23	40	17	3962	25	23	11	0	16	|...|	3201239
#	1240	北欧小梅维丝	25	26	2	4	5	26	17	34	24	21	3961	25	23	11	0	16	|...|	3201240
#	1241	无间大安妮	25	38	2	4	5	38	34	27	26	43	3960	25	23	11	0	16	|...|	3201241
#	1242	上进艾基尔莉尔	25	38	2	4	5	38	40	17	30	28	3959	25	23	11	0	16	|...|	3201242
#	1243	正经大姬恩	25	41	2	4	5	41	42	33	38	37	3958	25	23	11	0	16	|...|	3201243
#	1244	丑陋小方舟	25	34	2	4	5	34	20	29	21	18	3957	25	23	11	0	16	|...|	3201244
#	1245	滑稽大杰奎琳	25	35	2	4	5	35	29	30	42	41	3956	25	23	11	0	16	|...|	3201245
#	1246	圣爱伦	25	20	2	4	5	20	44	26	17	37	3955	25	23	11	0	16	|...|	3201246
#	1247	北欧小罗纳德	25	29	2	4	5	29	40	43	35	31	3954	25	23	11	0	16	|...|	3201247
#	1248	光头艾美	25	26	2	4	5	26	21	30	39	33	3953	25	23	11	0	16	|...|	3201248
#	1249	玻璃大埃尔莎	25	30	2	4	5	30	40	29	31	26	3952	25	23	11	0	16	|...|	3201249
#	1250	升华梅维丝	25	34	2	4	5	34	27	30	28	31	3951	25	23	11	0	16	|...|	3201250
#	1251	丑陋大贾斯敏	25	32	2	4	5	32	33	26	21	23	3950	25	23	11	0	16	|...|	3201251
#	1252	登顶大山楂	25	19	2	4	5	19	44	33	27	30	3949	25	23	11	0	16	|...|	3201252
#	1253	秃头大姬恩	25	19	2	4	5	19	42	18	17	43	3948	25	23	11	0	16	|...|	3201253
#	1254	悲情斯帕克	25	39	2	4	5	39	44	36	31	19	3947	25	23	11	0	16	|...|	3201254
#	1255	助攻的斯宾塞	25	19	2	4	5	19	38	41	32	31	3946	25	23	11	0	16	|...|	3201255
#	1256	橡皮小玉	25	27	2	4	5	27	26	37	41	39	3945	25	23	11	0	16	|...|	3201256
#	1257	无敌小海蒂	25	32	2	4	5	32	35	29	30	42	3944	25	23	11	0	16	|...|	3201257
#	1258	零式的詹森	25	36	2	4	5	36	19	20	31	43	3943	25	23	11	0	16	|...|	3201258
#	1259	独眼的玛莎	25	35	2	4	5	35	38	31	44	30	3942	25	23	11	0	16	|...|	3201259
#	1260	十方大西德尼	25	34	2	4	5	34	19	35	44	27	3941	25	23	11	0	16	|...|	3201260
#	1261	芭蕾小螺丝钉	25	23	2	4	5	23	39	44	24	26	3940	25	23	11	0	16	|...|	3201261
#	1262	悲情艾许莉	25	30	2	4	5	30	44	39	42	37	3939	25	23	11	0	16	|...|	3201262
#	1263	卷毛大梅米	25	37	2	4	5	37	32	42	43	30	3938	25	23	11	0	16	|...|	3201263
#	1264	致命小山楂	25	24	2	4	5	24	19	30	33	43	3937	25	23	11	0	16	|...|	3201264
#	1265	有病贾斯敏	25	26	2	4	5	26	30	43	20	34	3936	25	23	11	0	16	|...|	3201265
#	1266	无妄小梅维丝	25	42	2	4	5	42	28	19	44	26	3935	25	23	11	0	16	|...|	3201266
#	1267	杀戮者小肖恩	25	37	2	4	5	37	38	30	45	24	3934	25	23	11	0	16	|...|	3201267
#	1268	伪善大弗农	25	44	2	4	5	44	30	27	23	33	3933	25	23	11	0	16	|...|	3201268
#	1269	巨型特里娜	25	35	2	4	5	35	37	19	42	38	3932	25	23	11	0	16	|...|	3201269
#	1270	刻苦雷宇	25	26	2	4	5	26	43	17	44	41	3931	25	23	11	0	16	|...|	3201270
#	1271	芭蕾真知	25	38	2	4	5	38	23	35	24	31	3930	25	23	11	0	16	|...|	3201271
#	1272	呆呆大卡斯帕	25	19	2	4	5	19	24	35	17	32	3929	25	23	11	0	16	|...|	3201272
#	1273	逝去大谷仓	25	40	2	4	5	40	43	38	21	28	3928	25	23	11	0	16	|...|	3201273
#	1274	复出小莉娜	25	38	2	4	5	38	28	42	43	30	3927	25	23	11	0	16	|...|	3201274
#	1275	酱油的艾莉莎	25	23	2	4	5	23	37	26	24	19	3926	25	23	11	0	16	|...|	3201275
#	1276	浮夸大保罗	25	29	2	4	5	29	30	23	20	38	3925	25	23	11	0	16	|...|	3201276
#	1277	大的德里克	25	27	2	4	5	27	17	34	45	19	3924	25	23	11	0	16	|...|	3201277
#	1278	从容大丹尼	25	33	2	4	5	33	44	40	38	27	3923	25	23	11	0	16	|...|	3201278
#	1279	仁义大梅利莎	25	39	2	4	5	39	20	36	18	19	3922	25	23	11	0	16	|...|	3201279
#	1280	传播者笆笆拉	25	41	2	4	5	41	38	35	28	31	3921	25	23	11	0	16	|...|	3201280
#	1281	冰冷的弗瑞德	25	39	2	4	5	39	27	34	42	43	3920	25	23	11	0	16	|...|	3201281
#	1282	闷骚的赖安	25	17	2	4	5	17	41	44	30	45	3919	25	23	11	0	16	|...|	3201282
#	1283	冷血芒果	25	40	2	4	5	40	35	29	27	33	3918	25	23	11	0	16	|...|	3201283
#	1284	牛皮糖大朱迪丝	25	24	2	4	5	24	36	17	23	21	3917	25	23	11	0	16	|...|	3201284
#	1285	文静大芬妮	25	37	2	4	5	37	40	35	20	27	3916	25	23	11	0	16	|...|	3201285
#	1286	吴钩的爱丽丝	25	30	2	4	5	30	26	33	17	40	3915	25	23	11	0	16	|...|	3201286
#	1287	魔相小雅各布	25	38	2	4	5	38	23	21	31	43	3914	25	23	11	0	16	|...|	3201287
#	1288	死神的布赖恩	25	40	2	4	5	40	33	20	17	34	3913	25	23	11	0	16	|...|	3201288
#	1289	温暖的詹米	25	18	2	4	5	18	23	26	44	40	3912	25	23	11	0	16	|...|	3201289
#	1290	遗忘小斯考特	25	36	2	4	5	36	26	41	29	40	3911	25	23	11	0	16	|...|	3201290
#	1291	幽灵托德	25	17	2	4	5	17	20	41	18	35	3910	25	23	11	0	16	|...|	3201291
#	1292	迟到小深渊	25	19	2	4	5	19	26	35	40	33	3909	25	23	11	0	16	|...|	3201292
#	1293	挥手的简	25	17	2	4	5	17	28	18	24	34	3908	25	23	11	0	16	|...|	3201293
#	1294	失落梅森	25	44	2	4	5	44	42	27	18	32	3907	25	23	11	0	16	|...|	3201294
#	1295	死神肯	25	34	2	4	5	34	31	18	30	42	3906	25	23	11	0	16	|...|	3201295
#	1296	天生布伦特	25	32	2	4	5	32	33	36	29	24	3905	25	23	11	0	16	|...|	3201296
#	1297	唯一小卡门	25	32	2	4	5	32	35	18	44	31	3904	25	23	11	0	16	|...|	3201297
#	1298	硬糖大本杰明	25	34	2	4	5	34	38	33	21	31	3903	25	23	11	0	16	|...|	3201298
#	1299	正义小布伦特	25	31	2	4	5	31	30	33	28	41	3902	25	23	11	0	16	|...|	3201299
#	1300	金色科兹莫	25	27	2	4	5	27	41	39	20	23	3901	25	23	11	0	16	|...|	3201300
#	1301	吟游的米莉	25	31	2	4	5	31	27	29	37	30	3900	25	23	11	0	16	|...|	3201301
#	1302	待定小结衣	25	43	2	4	5	43	21	18	32	30	3899	25	23	11	0	16	|...|	3201302
#	1303	代言特里	25	29	2	4	5	29	27	26	35	30	3898	25	23	11	0	16	|...|	3201303
#	1304	西部黛布拉	25	36	2	4	5	36	27	28	17	40	3897	25	23	11	0	16	|...|	3201304
#	1305	演技小伊迪丝	25	34	2	4	5	34	39	40	21	24	3896	25	23	11	0	16	|...|	3201305
#	1306	愤怒的水蜜桃	25	33	2	4	5	33	29	44	31	30	3895	25	23	11	0	16	|...|	3201306
#	1307	微笑大娜塔莉	25	28	2	4	5	28	29	45	31	33	3894	25	23	11	0	16	|...|	3201307
#	1308	华丽大布兰登	25	38	2	4	5	38	20	30	43	28	3893	25	23	11	0	16	|...|	3201308
#	1309	死忠大艾莉尔	25	33	2	4	5	33	39	30	32	21	3892	25	23	11	0	16	|...|	3201309
#	1310	笑面埃莉诺	25	33	2	4	5	33	42	28	26	35	3891	25	23	11	0	16	|...|	3201310
#	1311	秃头大安娜	25	38	2	4	5	38	37	41	30	42	3890	25	23	11	0	16	|...|	3201311
#	1312	冷血小爱迪生	25	37	2	4	5	37	35	44	23	26	3889	25	23	11	0	16	|...|	3201312
#	1313	白天小迪伦	25	23	2	4	5	23	24	26	32	42	3888	25	23	11	0	16	|...|	3201313
#	1314	傲娇大福罗拉	25	36	2	4	5	36	43	20	29	17	3887	25	23	11	0	16	|...|	3201314
#	1315	慈善姬尔	25	31	2	4	5	31	42	19	24	43	3886	25	23	11	0	16	|...|	3201315
#	1316	遗忘的杰弗里	25	29	2	4	5	29	30	24	37	43	3885	25	23	11	0	16	|...|	3201316
#	1317	盗梦小加百利	25	18	2	4	5	18	34	32	43	42	3884	25	23	11	0	16	|...|	3201317
#	1318	橡皮小凯琳	25	28	2	4	5	28	21	27	37	17	3883	25	23	11	0	16	|...|	3201318
#	1319	执念深渊	25	41	2	4	5	41	27	44	39	24	3882	25	23	11	0	16	|...|	3201319
#	1320	吟游林恩	25	30	2	4	5	30	33	24	28	41	3881	25	23	11	0	16	|...|	3201320
#	1321	陨落大柿子	25	38	2	4	5	38	44	28	29	33	3880	25	23	11	0	16	|...|	3201321
#	1322	努力弗恩	25	35	2	4	5	35	23	32	28	42	3879	25	23	11	0	16	|...|	3201322
#	1323	下凡大欧蕊	25	36	2	4	5	36	41	32	26	19	3878	25	23	11	0	16	|...|	3201323
#	1324	冷血大高原	25	41	2	4	5	41	42	23	43	35	3877	25	23	11	0	16	|...|	3201324
#	1325	圆梦小琳赛	25	30	2	4	5	30	35	41	36	19	3876	25	23	11	0	16	|...|	3201325
#	1326	孤傲大安吉拉	25	33	2	4	5	33	32	36	23	41	3875	25	23	11	0	16	|...|	3201326
#	1327	散步的鲍伯	25	40	2	4	5	40	24	19	28	43	3874	25	23	11	0	16	|...|	3201327
#	1328	神圣罗文	25	26	2	4	5	26	27	37	31	35	3873	25	23	11	0	16	|...|	3201328
#	1329	哭泣的罗杰	25	20	2	4	5	20	28	29	31	32	3872	25	23	11	0	16	|...|	3201329
#	1330	待定小大卫	25	32	2	4	5	32	23	31	28	38	3871	25	23	11	0	16	|...|	3201330
#	1331	游荡艾基尔琳	25	36	2	4	5	36	24	17	40	27	3870	25	23	11	0	16	|...|	3201331
#	1332	极速的里奇	25	38	2	4	5	38	30	26	34	18	3869	25	23	11	0	16	|...|	3201332
#	1333	白天大娜塔莉	25	26	2	4	5	26	33	31	29	30	3868	25	23	11	0	16	|...|	3201333
#	1334	努力艾基尔许莉	25	45	2	4	5	45	38	20	27	43	3867	25	23	11	0	16	|...|	3201334
#	1335	大帝的米歇尔	25	17	2	4	5	17	45	33	41	32	3866	25	23	11	0	16	|...|	3201335
#	1336	极速大尼尔森	25	28	2	4	5	28	34	31	21	23	3865	25	23	11	0	16	|...|	3201336
#	1337	阳光艾伯特	25	31	2	4	5	31	33	18	38	28	3864	25	23	11	0	16	|...|	3201337
#	1338	不破杰罗姆	25	21	2	4	5	21	45	29	28	23	3863	25	23	11	0	16	|...|	3201338
#	1339	绿色的史蒂夫	25	23	2	4	5	23	41	26	32	39	3862	25	23	11	0	16	|...|	3201339
#	1340	优雅大斯宾塞	25	24	2	4	5	24	21	35	26	20	3861	25	23	11	0	16	|...|	3201340
#	1341	随行的凯尔	25	28	2	4	5	28	41	37	21	39	3860	25	23	11	0	16	|...|	3201341
#	1342	不羁大爱丝特	25	18	2	4	5	18	35	37	36	34	3859	25	23	11	0	16	|...|	3201342
#	1343	杀戮者的乔纳森	25	17	2	4	5	17	20	33	32	40	3858	25	23	11	0	16	|...|	3201343
#	1344	贤者的本杰明	25	21	2	4	5	21	33	38	37	19	3857	25	23	11	0	16	|...|	3201344
#	1345	希望大笆笆拉	25	40	2	4	5	40	23	42	36	31	3856	25	23	11	0	16	|...|	3201345
#	1346	军中的雷纳德	25	32	2	4	5	32	26	39	34	43	3855	25	23	11	0	16	|...|	3201346
#	1347	白发小路易丝	25	44	2	4	5	44	39	36	32	23	3854	25	23	11	0	16	|...|	3201347
#	1348	青训大米迦勒	25	19	2	4	5	19	39	27	35	42	3853	25	23	11	0	16	|...|	3201348
#	1349	疯狂小深渊	25	41	2	4	5	41	21	17	37	19	3852	25	23	11	0	16	|...|	3201349
#	1350	遗忘的迪伦	25	21	2	4	5	21	44	35	37	38	3851	25	23	11	0	16	|...|	3201350
#	1351	忧郁的泰德	25	33	2	4	5	33	27	29	24	21	3850	25	23	11	0	16	|...|	3201351
#	1352	从容的樱桃	25	17	2	4	5	17	41	20	35	26	3849	25	23	11	0	16	|...|	3201352
#	1353	仁义小凯莉	25	34	2	4	5	34	35	19	30	37	3848	25	23	11	0	16	|...|	3201353
#	1354	全能大凯瑟琳	25	20	2	4	5	20	31	45	18	42	3847	25	23	11	0	16	|...|	3201354
#	1355	白色小雷纳德	25	38	2	4	5	38	31	44	29	42	3846	25	23	11	0	16	|...|	3201355
#	1356	神秘的夕阳	25	33	2	4	5	33	41	17	26	39	3845	25	23	11	0	16	|...|	3201356
#	1357	十方阿诺德	25	19	2	4	5	19	44	29	34	33	3844	25	23	11	0	16	|...|	3201357
#	1358	一个小乔伊	25	28	2	4	5	28	17	31	43	27	3843	25	23	11	0	16	|...|	3201358
#	1359	带刀的劳伦斯	25	27	2	4	5	27	30	36	20	33	3842	25	23	11	0	16	|...|	3201359
#	1360	迟到艾基尔莉	25	41	2	4	5	41	36	37	38	45	3841	25	23	11	0	16	|...|	3201360
#	1361	绿色的采尼	25	26	2	4	5	26	34	37	27	43	3840	25	23	11	0	16	|...|	3201361
#	1362	闪电大安迪	25	20	2	4	5	20	17	43	40	21	3839	25	23	11	0	16	|...|	3201362
#	1363	激情玛米	25	45	2	4	5	45	41	21	35	30	3838	25	23	11	0	16	|...|	3201363
#	1364	贤者费怡	25	19	2	4	5	19	32	17	30	38	3837	25	23	11	0	16	|...|	3201364
#	1365	回首大迦勒	25	41	2	4	5	41	29	27	26	37	3836	25	23	11	0	16	|...|	3201365
#	1366	霹雳小爱伦	25	35	2	4	5	35	30	45	26	24	3835	25	23	11	0	16	|...|	3201366
#	1367	夜空黛布拉	25	20	2	4	5	20	17	36	43	39	3834	25	23	11	0	16	|...|	3201367
#	1368	骇人的伯特	25	21	2	4	5	21	24	41	27	17	3833	25	23	11	0	16	|...|	3201368
#	1369	快乐大杰瑞	25	35	2	4	5	35	19	29	30	34	3832	25	23	11	0	16	|...|	3201369
#	1370	硬糖大布伦特	25	34	2	4	5	34	21	35	23	28	3831	25	23	11	0	16	|...|	3201370
#	1371	大大路易斯	25	19	2	4	5	19	31	44	32	37	3830	25	23	11	0	16	|...|	3201371
#	1372	励志大贝斯	25	38	2	4	5	38	27	17	30	44	3829	25	23	11	0	16	|...|	3201372
#	1373	公正小小米糕	25	33	2	4	5	33	41	37	18	38	3828	25	23	11	0	16	|...|	3201373
#	1374	忘情大乔	25	23	2	4	5	23	21	19	29	18	3827	25	23	11	0	16	|...|	3201374
#	1375	刻章的埃莉诺	25	30	2	4	5	30	27	36	41	18	3826	25	23	11	0	16	|...|	3201375
#	1376	正经大赫柏	25	31	2	4	5	31	36	17	26	27	3825	25	23	11	0	16	|...|	3201376
#	1377	三生的格林	25	35	2	4	5	35	31	21	43	26	3824	25	23	11	0	16	|...|	3201377
#	1378	悲情的尤杜拉	25	36	2	4	5	36	29	26	21	20	3823	25	23	11	0	16	|...|	3201378
#	1379	肥山楂	25	43	2	4	5	43	20	38	32	39	3822	25	23	11	0	16	|...|	3201379
#	1380	励志大艾许莉	25	42	2	4	5	42	23	33	27	32	3821	25	23	11	0	16	|...|	3201380
#	1381	幽灵大所罗门	25	20	2	4	5	20	26	33	43	41	3820	25	23	11	0	16	|...|	3201381
#	1382	恐怖的卡蒂	25	35	2	4	5	35	40	30	23	37	3819	25	23	11	0	16	|...|	3201382
#	1383	死忠的亚伯	25	18	2	4	5	18	45	39	37	28	3818	25	23	11	0	16	|...|	3201383
#	1384	忠义的马丁	25	28	2	4	5	28	21	26	29	38	3817	25	23	11	0	16	|...|	3201384
#	1385	刻章大凯琳	25	17	2	4	5	17	29	38	19	21	3816	25	23	11	0	16	|...|	3201385
#	1386	骇人大堂娜	25	26	2	4	5	26	45	34	43	19	3815	25	23	11	0	16	|...|	3201386
#	1387	出头小埃德加	25	39	2	4	5	39	17	38	36	27	3814	25	23	11	0	16	|...|	3201387
#	1388	羞羞大基诺	25	41	2	4	5	41	19	26	29	20	3813	25	23	11	0	16	|...|	3201388
#	1389	雷霆小贝蒂	25	41	2	4	5	41	30	17	23	37	3812	25	23	11	0	16	|...|	3201389
#	1390	低调小青春	25	19	2	4	5	19	34	29	35	33	3811	25	23	11	0	16	|...|	3201390
#	1391	神锋小玛丽亚	25	42	2	4	5	42	43	18	27	30	3810	25	23	11	0	16	|...|	3201391
#	1392	重装大福特	25	37	2	4	5	37	17	42	41	38	3809	25	23	11	0	16	|...|	3201392
#	1393	激情小雅各布	25	31	2	4	5	31	18	19	17	38	3808	25	23	11	0	16	|...|	3201393
#	1394	肥大莫尼卡	25	18	2	4	5	18	20	26	37	32	3807	25	23	11	0	16	|...|	3201394
#	1395	白色大梅琳达	25	33	2	4	5	33	20	40	45	30	3806	25	23	11	0	16	|...|	3201395
#	1396	圣的诺曼	25	40	2	4	5	40	17	32	33	23	3805	25	23	11	0	16	|...|	3201396
#	1397	夜空大菲利普	25	28	2	4	5	28	45	41	29	39	3804	25	23	11	0	16	|...|	3201397
#	1398	百式的华纳	25	26	2	4	5	26	38	31	34	40	3803	25	23	11	0	16	|...|	3201398
#	1399	致命大启示录	25	30	2	4	5	30	37	44	38	45	3802	25	23	11	0	16	|...|	3201399
#	1400	天空大凯拉	25	17	2	4	5	17	26	20	37	27	3801	25	23	11	0	16	|...|	3201400
#	1401	招牌小谷仓	24	26	2	4	4	26	37	40	39	36	3800	24	22	10	0	15	|...|	3201401
#	1402	有病米奇	24	40	2	4	4	40	26	31	33	27	3799	24	22	10	0	15	|...|	3201402
#	1403	遗忘的梅维丝	24	30	2	4	4	30	20	18	44	32	3798	24	22	10	0	15	|...|	3201403
#	1404	影子的欧蕊	24	38	2	4	4	38	28	44	20	23	3797	24	22	10	0	15	|...|	3201404
#	1405	军中克莉丝	24	44	2	4	4	44	23	31	24	21	3796	24	22	10	0	15	|...|	3201405
#	1406	天才大简	24	41	2	4	4	41	45	26	17	19	3795	24	22	10	0	15	|...|	3201406
#	1407	温暖大路易莎	24	23	2	4	4	23	24	33	18	31	3794	24	22	10	0	15	|...|	3201407
#	1408	冰封小劳瑞恩	24	17	2	4	4	17	32	31	37	44	3793	24	22	10	0	15	|...|	3201408
#	1409	秘密小西瓜	24	20	2	4	4	20	41	17	23	18	3792	24	22	10	0	15	|...|	3201409
#	1410	冰冷大艾丽莎	24	29	2	4	4	29	45	18	28	24	3791	24	22	10	0	15	|...|	3201410
#	1411	前场小守望者	24	34	2	4	4	34	20	35	41	38	3790	24	22	10	0	15	|...|	3201411
#	1412	滚滚大卡尔	24	26	2	4	4	26	43	23	18	44	3789	24	22	10	0	15	|...|	3201412
#	1413	种田的格林顿	24	44	2	4	4	44	26	41	21	17	3788	24	22	10	0	15	|...|	3201413
#	1414	骗经大加比	24	17	2	4	4	17	38	27	24	30	3787	24	22	10	0	15	|...|	3201414
#	1415	魔幻的贾斯敏	24	45	2	4	4	45	24	35	20	17	3786	24	22	10	0	15	|...|	3201415
#	1416	极速吉米	24	35	2	4	4	35	38	30	31	28	3785	24	22	10	0	15	|...|	3201416
#	1417	小小姬恩	24	28	2	4	4	28	29	21	39	18	3784	24	22	10	0	15	|...|	3201417
#	1418	奔跑劳伦斯	24	40	2	4	4	40	43	19	37	21	3783	24	22	10	0	15	|...|	3201418
#	1419	游荡的布伦达	24	17	2	4	4	17	23	27	42	35	3782	24	22	10	0	15	|...|	3201419
#	1420	圣贤的杰瑞	24	34	2	4	4	34	43	19	20	36	3781	24	22	10	0	15	|...|	3201420
#	1421	演技兰德尔	24	40	2	4	4	40	26	27	43	42	3780	24	22	10	0	15	|...|	3201421
#	1422	奇妙安伯	24	43	2	4	4	43	35	37	45	34	3779	24	22	10	0	15	|...|	3201422
#	1423	多面美洛蒂	24	40	2	4	4	40	39	44	36	34	3778	24	22	10	0	15	|...|	3201423
#	1424	暴走小吉米	24	38	2	4	4	38	43	26	23	36	3777	24	22	10	0	15	|...|	3201424
#	1425	无间小方舟	24	21	2	4	4	21	43	34	42	35	3776	24	22	10	0	15	|...|	3201425
#	1426	鹰眼小拉里	24	21	2	4	4	21	20	35	36	34	3775	24	22	10	0	15	|...|	3201426
#	1427	走神小亚伯	24	32	2	4	4	32	40	23	17	26	3774	24	22	10	0	15	|...|	3201427
#	1428	大爱迪生	24	30	2	4	4	30	27	39	23	44	3773	24	22	10	0	15	|...|	3201428
#	1429	文静凯琳	24	29	2	4	4	29	17	43	24	30	3772	24	22	10	0	15	|...|	3201429
#	1430	白天切莉	24	28	2	4	4	28	35	34	27	24	3771	24	22	10	0	15	|...|	3201430
#	1431	正义大安倪	24	29	2	4	4	29	43	32	42	17	3770	24	22	10	0	15	|...|	3201431
#	1432	浮夸大乔纳森	24	36	2	4	4	36	40	24	30	43	3769	24	22	10	0	15	|...|	3201432
#	1433	沉默小斯坦利	24	39	2	4	4	39	29	26	36	17	3768	24	22	10	0	15	|...|	3201433
#	1434	办证安格斯	24	35	2	4	4	35	45	41	30	34	3767	24	22	10	0	15	|...|	3201434
#	1435	仲裁小诺亚	24	18	2	4	4	18	31	39	30	20	3766	24	22	10	0	15	|...|	3201435
#	1436	丑陋科兹莫	24	32	2	4	4	32	39	21	45	36	3765	24	22	10	0	15	|...|	3201436
#	1437	梦游的杰弗瑞	24	20	2	4	4	20	29	28	45	40	3764	24	22	10	0	15	|...|	3201437
#	1438	靠谱的贝拉	24	35	2	4	4	35	20	42	33	19	3763	24	22	10	0	15	|...|	3201438
#	1439	从容大雷	24	38	2	4	4	38	18	40	23	24	3762	24	22	10	0	15	|...|	3201439
#	1440	温暖的莫琳	24	35	2	4	4	35	32	24	38	36	3761	24	22	10	0	15	|...|	3201440
#	1441	双刀大看门人	24	36	2	4	4	36	31	35	45	41	3760	24	22	10	0	15	|...|	3201441
#	1442	巨型大安德鲁	24	29	2	4	4	29	43	35	23	18	3759	24	22	10	0	15	|...|	3201442
#	1443	潜水马克	24	29	2	4	4	29	42	35	37	33	3758	24	22	10	0	15	|...|	3201443
#	1444	肥小水饺	24	39	2	4	4	39	19	44	42	29	3757	24	22	10	0	15	|...|	3201444
#	1445	传播者大哈帝	24	24	2	4	4	24	30	37	44	43	3756	24	22	10	0	15	|...|	3201445
#	1446	巨型大巨龙	24	40	2	4	4	40	45	21	27	35	3755	24	22	10	0	15	|...|	3201446
#	1447	审结艾基尔莉森	24	45	2	4	4	45	43	41	20	33	3754	24	22	10	0	15	|...|	3201447
#	1448	不攻的稻草	24	21	2	4	4	21	33	45	27	19	3753	24	22	10	0	15	|...|	3201448
#	1449	单车小乔斯林	24	21	2	4	4	21	19	27	26	38	3752	24	22	10	0	15	|...|	3201449
#	1450	牛皮糖大多拉	24	34	2	4	4	34	21	18	45	35	3751	24	22	10	0	15	|...|	3201450
#	1451	神之手大罗兰	24	17	2	4	4	17	43	24	28	31	3750	24	22	10	0	15	|...|	3201451
#	1452	骇人姬恩	24	23	2	4	4	23	31	20	17	28	3749	24	22	10	0	15	|...|	3201452
#	1453	全能大罗伊	24	23	2	4	4	23	17	32	31	21	3748	24	22	10	0	15	|...|	3201453
#	1454	落泪路易斯	24	24	2	4	4	24	32	40	27	34	3747	24	22	10	0	15	|...|	3201454
#	1455	疗伤黛布拉	24	36	2	4	4	36	27	29	41	31	3746	24	22	10	0	15	|...|	3201455
#	1456	矜持小亚瑟	24	18	2	4	4	18	38	34	35	37	3745	24	22	10	0	15	|...|	3201456
#	1457	杀戮者的塞西	24	39	2	4	4	39	44	29	40	23	3744	24	22	10	0	15	|...|	3201457
#	1458	英俊弗恩	24	29	2	4	4	29	26	45	36	32	3743	24	22	10	0	15	|...|	3201458
#	1459	无妄小珍娜	24	37	2	4	4	37	38	20	31	36	3742	24	22	10	0	15	|...|	3201459
#	1460	忧郁大查尔斯	24	36	2	4	4	36	43	37	19	28	3741	24	22	10	0	15	|...|	3201460
#	1461	今日小达茜	24	17	2	4	4	17	35	33	31	38	3740	24	22	10	0	15	|...|	3201461
#	1462	轻小埃文	24	18	2	4	4	18	23	41	31	30	3739	24	22	10	0	15	|...|	3201462
#	1463	唯一大凯尔西	24	31	2	4	4	31	21	35	41	43	3738	24	22	10	0	15	|...|	3201463
#	1464	被爱小奥特曼	24	17	2	4	4	17	37	38	18	30	3737	24	22	10	0	15	|...|	3201464
#	1465	奇怪小奥斯汀	24	20	2	4	4	20	43	28	17	45	3736	24	22	10	0	15	|...|	3201465
#	1466	红色大阿维娃	24	30	2	4	4	30	28	21	35	41	3735	24	22	10	0	15	|...|	3201466
#	1467	秃头小杰克	24	18	2	4	4	18	27	39	17	44	3734	24	22	10	0	15	|...|	3201467
#	1468	上进小杰克逊	24	32	2	4	4	32	41	17	30	45	3733	24	22	10	0	15	|...|	3201468
#	1469	旗下凯西	24	41	2	4	4	41	17	35	19	28	3732	24	22	10	0	15	|...|	3201469
#	1470	独眼大约翰	24	32	2	4	4	32	21	34	24	45	3731	24	22	10	0	15	|...|	3201470
#	1471	补考大欧蕊	24	27	2	4	4	27	37	33	36	24	3730	24	22	10	0	15	|...|	3201471
#	1472	独眼小安迪	24	31	2	4	4	31	42	20	34	28	3729	24	22	10	0	15	|...|	3201472
#	1473	傲娇螺丝钉	24	40	2	4	4	40	36	23	44	39	3728	24	22	10	0	15	|...|	3201473
#	1474	待定小马克	24	40	2	4	4	40	19	38	28	29	3727	24	22	10	0	15	|...|	3201474
#	1475	无敌龙辉	24	21	2	4	4	21	23	19	44	33	3726	24	22	10	0	15	|...|	3201475
#	1476	文静大艾比	24	29	2	4	4	29	17	43	42	23	3725	24	22	10	0	15	|...|	3201476
#	1477	北欧的雷纳德	24	29	2	4	4	29	24	32	41	28	3724	24	22	10	0	15	|...|	3201477
#	1478	霹雳小奥斯卡	24	24	2	4	4	24	26	31	35	18	3723	24	22	10	0	15	|...|	3201478
#	1479	残剑大罗伯特	24	19	2	4	4	19	29	17	35	27	3722	24	22	10	0	15	|...|	3201479
#	1480	制霸的丽莎	24	26	2	4	4	26	17	42	20	27	3721	24	22	10	0	15	|...|	3201480
#	1481	娃面小列得	24	36	2	4	4	36	45	23	29	40	3720	24	22	10	0	15	|...|	3201481
#	1482	不羁尼尔森	24	35	2	4	4	35	29	37	33	39	3719	24	22	10	0	15	|...|	3201482
#	1483	龅牙艾琳	24	44	2	4	4	44	27	17	31	38	3718	24	22	10	0	15	|...|	3201483
#	1484	急速小鲍比	24	32	2	4	4	32	23	18	41	38	3717	24	22	10	0	15	|...|	3201484
#	1485	走神达芙妮	24	21	2	4	4	21	32	31	24	37	3716	24	22	10	0	15	|...|	3201485
#	1486	疗伤的伊迪丝	24	18	2	4	4	18	43	37	19	45	3715	24	22	10	0	15	|...|	3201486
#	1487	饥饿大面条	24	26	2	4	4	26	27	30	32	34	3714	24	22	10	0	15	|...|	3201487
#	1488	野蛮小布莱克	24	24	2	4	4	24	31	21	32	44	3713	24	22	10	0	15	|...|	3201488
#	1489	秃头小阿曼达	24	17	2	4	4	17	35	42	33	20	3712	24	22	10	0	15	|...|	3201489
#	1490	轻的克里斯	24	42	2	4	4	42	38	36	23	29	3711	24	22	10	0	15	|...|	3201490
#	1491	励志亚瑟	24	36	2	4	4	36	31	33	24	19	3710	24	22	10	0	15	|...|	3201491
#	1492	特别大曼达	24	31	2	4	4	31	38	26	21	34	3709	24	22	10	0	15	|...|	3201492
#	1493	唯一大乔茜	24	26	2	4	4	26	18	41	20	43	3708	24	22	10	0	15	|...|	3201493
#	1494	低调小莫尼卡	24	27	2	4	4	27	38	43	31	18	3707	24	22	10	0	15	|...|	3201494
#	1495	落泪的劳瑞恩	24	31	2	4	4	31	18	30	17	33	3706	24	22	10	0	15	|...|	3201495
#	1496	疗伤小唐纳德	24	32	2	4	4	32	37	45	43	18	3705	24	22	10	0	15	|...|	3201496
#	1497	滑稽安尼塔	24	30	2	4	4	30	38	44	31	20	3704	24	22	10	0	15	|...|	3201497
#	1498	圆滑幸迪	24	23	2	4	4	23	41	42	40	33	3703	24	22	10	0	15	|...|	3201498
#	1499	圣贤大马文	24	28	2	4	4	28	41	33	26	17	3702	24	22	10	0	15	|...|	3201499
#	1500	制霸大哈里森	24	29	2	4	4	29	21	37	40	27	3701	24	22	10	0	15	|...|	3201500
#	1501	南方大格林	24	30	2	4	4	30	31	18	44	43	3700	24	22	10	0	15	|...|	3201501
#	1502	希望大艾达	24	21	2	4	4	21	36	38	24	44	3699	24	22	10	0	15	|...|	3201502
#	1503	玻璃的斯帕克	24	18	2	4	4	18	28	43	38	33	3698	24	22	10	0	15	|...|	3201503
#	1504	恐怖的海伦娜	24	31	2	4	4	31	24	18	43	33	3697	24	22	10	0	15	|...|	3201504
#	1505	无畏小罗伊	24	33	2	4	4	33	32	38	18	30	3696	24	22	10	0	15	|...|	3201505
#	1506	忠义小滑板	24	43	2	4	4	43	35	21	20	17	3695	24	22	10	0	15	|...|	3201506
#	1507	红色小安伯	24	43	2	4	4	43	41	33	35	24	3694	24	22	10	0	15	|...|	3201507
#	1508	神奇大杜克	24	44	2	4	4	44	45	31	26	34	3693	24	22	10	0	15	|...|	3201508
#	1509	温柔黛比	24	26	2	4	4	26	30	35	40	38	3692	24	22	10	0	15	|...|	3201509
#	1510	圆滑的柯利弗	24	38	2	4	4	38	43	37	21	26	3691	24	22	10	0	15	|...|	3201510
#	1511	一个的杰西	24	43	2	4	4	43	45	39	37	35	3690	24	22	10	0	15	|...|	3201511
#	1512	当红小格瑞塔	24	26	2	4	4	26	40	44	42	36	3689	24	22	10	0	15	|...|	3201512
#	1513	做梦的艾丽莎	24	33	2	4	4	33	32	21	43	34	3688	24	22	10	0	15	|...|	3201513
#	1514	传播者小萨米	24	35	2	4	4	35	19	38	26	20	3687	24	22	10	0	15	|...|	3201514
#	1515	救世大辛迪	24	40	2	4	4	40	36	24	19	29	3686	24	22	10	0	15	|...|	3201515
#	1516	走神罗宾	24	19	2	4	4	19	29	28	30	21	3685	24	22	10	0	15	|...|	3201516
#	1517	抢镜的希尔顿	24	41	2	4	4	41	24	20	42	32	3684	24	22	10	0	15	|...|	3201517
#	1518	面具小凯特	24	28	2	4	4	28	43	34	30	33	3683	24	22	10	0	15	|...|	3201518
#	1519	秘密小降落伞	24	42	2	4	4	42	32	33	18	45	3682	24	22	10	0	15	|...|	3201519
#	1520	独眼卡罗琳	24	28	2	4	4	28	39	24	21	41	3681	24	22	10	0	15	|...|	3201520
#	1521	逝去小康妮	24	29	2	4	4	29	21	45	44	41	3680	24	22	10	0	15	|...|	3201521
#	1522	乱世大林恩	24	41	2	4	4	41	24	36	29	30	3679	24	22	10	0	15	|...|	3201522
#	1523	微笑的杰伊	24	21	2	4	4	21	45	27	33	19	3678	24	22	10	0	15	|...|	3201523
#	1524	升华小格瑞丝	24	33	2	4	4	33	19	26	39	42	3677	24	22	10	0	15	|...|	3201524
#	1525	迟到小加里	24	19	2	4	4	19	24	21	26	29	3676	24	22	10	0	15	|...|	3201525
#	1526	光头的乔斯林	24	19	2	4	4	19	37	39	44	27	3675	24	22	10	0	15	|...|	3201526
#	1527	龅牙小滑板	24	42	2	4	4	42	21	36	41	27	3674	24	22	10	0	15	|...|	3201527
#	1528	潜水的梅	24	45	2	4	4	45	40	42	21	20	3673	24	22	10	0	15	|...|	3201528
#	1529	化身的保罗	24	28	2	4	4	28	31	44	29	36	3672	24	22	10	0	15	|...|	3201529
#	1530	温柔小椰子	24	39	2	4	4	39	18	19	23	29	3671	24	22	10	0	15	|...|	3201530
#	1531	魔幻大柠檬	24	39	2	4	4	39	35	45	24	44	3670	24	22	10	0	15	|...|	3201531
#	1532	神锋小凯斯	24	17	2	4	4	17	19	29	32	28	3669	24	22	10	0	15	|...|	3201532
#	1533	军中大圣经	24	31	2	4	4	31	38	40	30	20	3668	24	22	10	0	15	|...|	3201533
#	1534	面具安妮	24	43	2	4	4	43	37	26	29	20	3667	24	22	10	0	15	|...|	3201534
#	1535	梦游大稻草	24	33	2	4	4	33	29	18	20	36	3666	24	22	10	0	15	|...|	3201535
#	1536	随行艾基尔美	24	18	2	4	4	18	23	30	36	32	3665	24	22	10	0	15	|...|	3201536
#	1537	关键的罗伊	24	44	2	4	4	44	24	28	34	45	3664	24	22	10	0	15	|...|	3201537
#	1538	孤傲姬恩	24	35	2	4	4	35	40	42	34	37	3663	24	22	10	0	15	|...|	3201538
#	1539	残剑大约瑟芬	24	24	2	4	4	24	39	33	26	30	3662	24	22	10	0	15	|...|	3201539
#	1540	金色的埃莉诺	24	34	2	4	4	34	27	43	26	41	3661	24	22	10	0	15	|...|	3201540
#	1541	散步小伊迪萨	24	30	2	4	4	30	24	38	27	36	3660	24	22	10	0	15	|...|	3201541
#	1542	残剑伊迪丝	24	40	2	4	4	40	39	32	36	28	3659	24	22	10	0	15	|...|	3201542
#	1543	西部詹森	24	32	2	4	4	32	23	17	26	39	3658	24	22	10	0	15	|...|	3201543
#	1544	豪爽玛姬	24	42	2	4	4	42	29	41	32	21	3657	24	22	10	0	15	|...|	3201544
#	1545	励志大萨米	24	35	2	4	4	35	41	38	42	28	3656	24	22	10	0	15	|...|	3201545
#	1546	圣贤小默示录	24	18	2	4	4	18	40	36	23	30	3655	24	22	10	0	15	|...|	3201546
#	1547	狂贼大艾达	24	35	2	4	4	35	30	20	42	43	3654	24	22	10	0	15	|...|	3201547
#	1548	随行吉米	24	18	2	4	4	18	44	33	38	27	3653	24	22	10	0	15	|...|	3201548
#	1549	慈爱的布朗	24	27	2	4	4	27	28	17	36	44	3652	24	22	10	0	15	|...|	3201549
#	1550	待定小安倪	24	40	2	4	4	40	38	32	34	35	3651	24	22	10	0	15	|...|	3201550
#	1551	闷骚大电灯泡	24	26	2	4	4	26	45	44	31	24	3650	24	22	10	0	15	|...|	3201551
#	1552	西部的基蒂	24	39	2	4	4	39	18	17	23	42	3649	24	22	10	0	15	|...|	3201552
#	1553	传奇的托马斯	24	20	2	4	4	20	21	39	23	30	3648	24	22	10	0	15	|...|	3201553
#	1554	沉默的爱伦	24	40	2	4	4	40	35	34	45	28	3647	24	22	10	0	15	|...|	3201554
#	1555	魔幻大艾莉莎	24	32	2	4	4	32	37	33	28	45	3646	24	22	10	0	15	|...|	3201555
#	1556	冷静大约瑟芬	24	17	2	4	4	17	31	38	34	33	3645	24	22	10	0	15	|...|	3201556
#	1557	爆裂弹小椰子	24	37	2	4	4	37	23	17	36	28	3644	24	22	10	0	15	|...|	3201557
#	1558	圆梦大玛丽莲	24	35	2	4	4	35	45	37	40	41	3643	24	22	10	0	15	|...|	3201558
#	1559	死忠的黛安娜	24	36	2	4	4	36	43	40	19	33	3642	24	22	10	0	15	|...|	3201559
#	1560	急速的艾达	24	32	2	4	4	32	29	37	26	39	3641	24	22	10	0	15	|...|	3201560
#	1561	靠谱大约翰	24	31	2	4	4	31	42	35	23	45	3640	24	22	10	0	15	|...|	3201561
#	1562	励志的飞车	24	24	2	4	4	24	44	19	41	21	3639	24	22	10	0	15	|...|	3201562
#	1563	补考小萨姆	24	17	2	4	4	17	36	42	23	43	3638	24	22	10	0	15	|...|	3201563
#	1564	助威小莉娜	24	31	2	4	4	31	37	33	38	29	3637	24	22	10	0	15	|...|	3201564
#	1565	火爆大马克斯	24	41	2	4	4	41	35	24	43	23	3636	24	22	10	0	15	|...|	3201565
#	1566	绿色大艾莉	24	39	2	4	4	39	21	33	38	30	3635	24	22	10	0	15	|...|	3201566
#	1567	仁义大杏仁	24	42	2	4	4	42	30	18	32	36	3634	24	22	10	0	15	|...|	3201567
#	1568	单车小罗文	24	31	2	4	4	31	45	39	40	28	3633	24	22	10	0	15	|...|	3201568
#	1569	橡皮禅	24	36	2	4	4	36	44	19	23	33	3632	24	22	10	0	15	|...|	3201569
#	1570	弹簧大马克斯	24	39	2	4	4	39	45	38	29	26	3631	24	22	10	0	15	|...|	3201570
#	1571	走神大埃迪	24	41	2	4	4	41	30	45	38	43	3630	24	22	10	0	15	|...|	3201571
#	1572	死神大史蒂夫	24	42	2	4	4	42	33	29	20	44	3629	24	22	10	0	15	|...|	3201572
#	1573	狂野加百利	24	28	2	4	4	28	37	17	21	18	3628	24	22	10	0	15	|...|	3201573
#	1574	凝固的乔治	24	26	2	4	4	26	39	32	24	43	3627	24	22	10	0	15	|...|	3201574
#	1575	孤傲莫尼卡	24	35	2	4	4	35	39	20	31	26	3626	24	22	10	0	15	|...|	3201575
#	1576	急速的朱莉	24	39	2	4	4	39	28	34	20	26	3625	24	22	10	0	15	|...|	3201576
#	1577	完美理查德	24	18	2	4	4	18	44	42	41	24	3624	24	22	10	0	15	|...|	3201577
#	1578	腹黑的艾莉	24	43	2	4	4	43	32	24	20	19	3623	24	22	10	0	15	|...|	3201578
#	1579	当红桃花源	24	30	2	4	4	30	24	45	21	36	3622	24	22	10	0	15	|...|	3201579
#	1580	白发大凯琳	24	37	2	4	4	37	43	19	27	36	3621	24	22	10	0	15	|...|	3201580
#	1581	独裁者小安德鲁	24	19	2	4	4	19	29	41	18	30	3620	24	22	10	0	15	|...|	3201581
#	1582	慈善的莉迪娅	24	17	2	4	4	17	33	30	44	40	3619	24	22	10	0	15	|...|	3201582
#	1583	西部科兹莫	24	45	2	4	4	45	35	30	20	26	3618	24	22	10	0	15	|...|	3201583
#	1584	肥小弗兰克	24	18	2	4	4	18	28	39	30	38	3617	24	22	10	0	15	|...|	3201584
#	1585	肆虐艾基尔德琳	24	17	2	4	4	17	19	38	26	32	3616	24	22	10	0	15	|...|	3201585
#	1586	红白的柳真	24	39	2	4	4	39	42	38	37	29	3615	24	22	10	0	15	|...|	3201586
#	1587	疗养小马库斯	24	43	2	4	4	43	24	18	44	32	3614	24	22	10	0	15	|...|	3201587
#	1588	光头大奥利弗	24	27	2	4	4	27	21	37	45	43	3613	24	22	10	0	15	|...|	3201588
#	1589	笑面梅利莎	24	31	2	4	4	31	40	41	21	29	3612	24	22	10	0	15	|...|	3201589
#	1590	杀戮者奥斯汀	24	20	2	4	4	20	38	44	17	42	3611	24	22	10	0	15	|...|	3201590
#	1591	叛逆小文森特	24	29	2	4	4	29	27	19	42	43	3610	24	22	10	0	15	|...|	3201591
#	1592	大嗓门浩天	24	31	2	4	4	31	44	27	23	38	3609	24	22	10	0	15	|...|	3201592
#	1593	魔相的米兰达	24	35	2	4	4	35	43	26	30	33	3608	24	22	10	0	15	|...|	3201593
#	1594	西部肯尼迪	24	30	2	4	4	30	34	32	37	26	3607	24	22	10	0	15	|...|	3201594
#	1595	执念小兰迪	24	30	2	4	4	30	18	43	26	42	3606	24	22	10	0	15	|...|	3201595
#	1596	滑稽小看门人	24	33	2	4	4	33	24	20	37	30	3605	24	22	10	0	15	|...|	3201596
#	1597	龅牙小肯尼斯	24	17	2	4	4	17	19	42	35	27	3604	24	22	10	0	15	|...|	3201597
#	1598	凝固大詹妮弗	24	43	2	4	4	43	40	20	24	28	3603	24	22	10	0	15	|...|	3201598
#	1599	阔绰沃伦	24	41	2	4	4	41	18	40	21	27	3602	24	22	10	0	15	|...|	3201599
#	1600	圣光小玉	24	30	2	4	4	30	41	43	36	42	3601	24	22	10	0	15	|...|	3201600
#	1601	救世丹尼	23	30	1	4	3	30	36	20	33	38	3600	23	21	9	0	14	|...|	3201601
#	1602	霹雳的赖安	23	45	1	4	3	45	33	35	18	30	3599	23	21	9	0	14	|...|	3201602
#	1603	玻璃曼迪	23	38	1	4	3	38	30	43	17	39	3598	23	21	9	0	14	|...|	3201603
#	1604	诚信的凯瑟琳	23	29	1	4	3	29	21	27	18	45	3597	23	21	9	0	14	|...|	3201604
#	1605	助攻小面条	23	31	1	4	3	31	38	35	39	36	3596	23	21	9	0	14	|...|	3201605
#	1606	孤傲大尼尔	23	43	1	4	3	43	39	40	34	35	3595	23	21	9	0	14	|...|	3201606
#	1607	无相的爱丝特	23	33	1	4	3	33	45	36	37	30	3594	23	21	9	0	14	|...|	3201607
#	1608	迟到的钜子	23	20	1	4	3	20	38	19	44	27	3593	23	21	9	0	14	|...|	3201608
#	1609	疯狂小吉姆	23	23	1	4	3	23	43	38	39	26	3592	23	21	9	0	14	|...|	3201609
#	1610	无相的安娜	23	35	1	4	3	35	19	24	32	34	3591	23	21	9	0	14	|...|	3201610
#	1611	不屈小弗农	23	36	1	4	3	36	29	34	38	20	3590	23	21	9	0	14	|...|	3201611
#	1612	恋恋艾伯特	23	44	1	4	3	44	23	20	33	45	3589	23	21	9	0	14	|...|	3201612
#	1613	三生小玛丽	23	31	1	4	3	31	45	44	20	26	3588	23	21	9	0	14	|...|	3201613
#	1614	探险的基蒂	23	40	1	4	3	40	36	34	23	30	3587	23	21	9	0	14	|...|	3201614
#	1615	奇怪的查尔斯	23	45	1	4	3	45	21	19	18	44	3586	23	21	9	0	14	|...|	3201615
#	1616	雷霆梅米	23	45	1	4	3	45	43	28	19	40	3585	23	21	9	0	14	|...|	3201616
#	1617	文静大罗伊	23	23	1	4	3	23	37	31	20	32	3584	23	21	9	0	14	|...|	3201617
#	1618	升华大雅各布	23	17	1	4	3	17	30	29	27	26	3583	23	21	9	0	14	|...|	3201618
#	1619	队草黛博拉	23	31	1	4	3	31	34	45	42	35	3582	23	21	9	0	14	|...|	3201619
#	1620	未来水饺	23	30	1	4	3	30	38	37	43	20	3581	23	21	9	0	14	|...|	3201620
#	1621	杀戮者塞缪尔	23	31	1	4	3	31	38	44	19	24	3580	23	21	9	0	14	|...|	3201621
#	1622	小大丹尼尔	23	35	1	4	3	35	36	44	39	28	3579	23	21	9	0	14	|...|	3201622
#	1623	星月大梅甘	23	43	1	4	3	43	44	28	29	36	3578	23	21	9	0	14	|...|	3201623
#	1624	夜空小螺丝钉	23	26	1	4	3	26	38	31	21	41	3577	23	21	9	0	14	|...|	3201624
#	1625	灌水琳达	23	20	1	4	3	20	19	43	40	17	3576	23	21	9	0	14	|...|	3201625
#	1626	今日小安尼塔	23	40	1	4	3	40	32	44	36	34	3575	23	21	9	0	14	|...|	3201626
#	1627	登顶大哈帝	23	24	1	4	3	24	34	37	27	40	3574	23	21	9	0	14	|...|	3201627
#	1628	忧郁大菲利普	23	38	1	4	3	38	44	32	34	41	3573	23	21	9	0	14	|...|	3201628
#	1629	孤独伊恩	23	36	1	4	3	36	35	40	37	18	3572	23	21	9	0	14	|...|	3201629
#	1630	恋恋希尔顿	23	20	1	4	3	20	44	26	23	27	3571	23	21	9	0	14	|...|	3201630
#	1631	慈爱小柯利弗	23	45	1	4	3	45	42	36	24	32	3570	23	21	9	0	14	|...|	3201631
#	1632	小凯文	23	29	1	4	3	29	43	26	21	30	3569	23	21	9	0	14	|...|	3201632
#	1633	杀戮者西德尼	23	21	1	4	3	21	37	36	17	28	3568	23	21	9	0	14	|...|	3201633
#	1634	理发小乔伊	23	30	1	4	3	30	37	32	33	23	3567	23	21	9	0	14	|...|	3201634
#	1635	酱油大兰德尔	23	38	1	4	3	38	37	30	36	28	3566	23	21	9	0	14	|...|	3201635
#	1636	造点小梅甘	23	20	1	4	3	20	24	44	36	45	3565	23	21	9	0	14	|...|	3201636
#	1637	西部凯尔	23	38	1	4	3	38	32	42	37	36	3564	23	21	9	0	14	|...|	3201637
#	1638	奔跑的伯特	23	18	1	4	3	18	33	20	23	40	3563	23	21	9	0	14	|...|	3201638
#	1639	疯狂荔枝	23	29	1	4	3	29	26	41	19	20	3562	23	21	9	0	14	|...|	3201639
#	1640	微笑小玛姬	23	30	1	4	3	30	31	18	43	38	3561	23	21	9	0	14	|...|	3201640
#	1641	圣光的露茜	23	36	1	4	3	36	28	38	32	45	3560	23	21	9	0	14	|...|	3201641
#	1642	死忠亚瑟	23	40	1	4	3	40	33	41	37	36	3559	23	21	9	0	14	|...|	3201642
#	1643	酱油布朗	23	43	1	4	3	43	44	27	23	36	3558	23	21	9	0	14	|...|	3201643
#	1644	未来小布朗	23	21	1	4	3	21	39	33	41	34	3557	23	21	9	0	14	|...|	3201644
#	1645	笑面小本杰明	23	20	1	4	3	20	44	26	32	21	3556	23	21	9	0	14	|...|	3201645
#	1646	灌水本	23	41	1	4	3	41	23	33	37	45	3555	23	21	9	0	14	|...|	3201646
#	1647	华丽的兰斯	23	36	1	4	3	36	17	45	27	29	3554	23	21	9	0	14	|...|	3201647
#	1648	冰封小鬣狗	23	37	1	4	3	37	32	31	44	27	3553	23	21	9	0	14	|...|	3201648
#	1649	迟到罗兰	23	45	1	4	3	45	21	35	27	26	3552	23	21	9	0	14	|...|	3201649
#	1650	疯狂切尔西	23	37	1	4	3	37	19	41	44	20	3551	23	21	9	0	14	|...|	3201650
#	1651	终极大艾琳	23	39	1	4	3	39	24	19	42	44	3550	23	21	9	0	14	|...|	3201651
#	1652	化身达芙妮	23	33	1	4	3	33	34	29	43	20	3549	23	21	9	0	14	|...|	3201652
#	1653	圣亨利	23	23	1	4	3	23	32	43	17	24	3548	23	21	9	0	14	|...|	3201653
#	1654	独裁者大凯莉	23	35	1	4	3	35	27	43	24	29	3547	23	21	9	0	14	|...|	3201654
#	1655	公正的姬尔	23	31	1	4	3	31	17	37	24	38	3546	23	21	9	0	14	|...|	3201655
#	1656	神圣达尔文	23	21	1	4	3	21	35	31	28	37	3545	23	21	9	0	14	|...|	3201656
#	1657	仁义的凯里	23	17	1	4	3	17	36	43	27	18	3544	23	21	9	0	14	|...|	3201657
#	1658	爱的柯利弗	23	40	1	4	3	40	43	21	31	27	3543	23	21	9	0	14	|...|	3201658
#	1659	龅牙大克洛伊	23	36	1	4	3	36	28	41	35	39	3542	23	21	9	0	14	|...|	3201659
#	1660	走神大艾丽丝	23	24	1	4	3	24	40	39	19	44	3541	23	21	9	0	14	|...|	3201660
#	1661	优雅的茉莉	23	36	1	4	3	36	21	19	34	24	3540	23	21	9	0	14	|...|	3201661
#	1662	正义的艾维	23	17	1	4	3	17	45	38	28	24	3539	23	21	9	0	14	|...|	3201662
#	1663	娃面的姬恩	23	39	1	4	3	39	23	36	41	24	3538	23	21	9	0	14	|...|	3201663
#	1664	多面海蒂	23	44	1	4	3	44	17	33	31	29	3537	23	21	9	0	14	|...|	3201664
#	1665	走神所罗门	23	41	1	4	3	41	28	23	35	18	3536	23	21	9	0	14	|...|	3201665
#	1666	逝去大阿曼达	23	30	1	4	3	30	21	35	41	18	3535	23	21	9	0	14	|...|	3201666
#	1667	努力小本	23	35	1	4	3	35	30	41	19	39	3534	23	21	9	0	14	|...|	3201667
#	1668	绝世大格瑞丝	23	42	1	4	3	42	43	34	37	31	3533	23	21	9	0	14	|...|	3201668
#	1669	浮夸大伊娃	23	27	1	4	3	27	20	41	33	38	3532	23	21	9	0	14	|...|	3201669
#	1670	清纯大马克	23	18	1	4	3	18	36	33	32	37	3531	23	21	9	0	14	|...|	3201670
#	1671	大小茉莉	23	18	1	4	3	18	35	39	17	23	3530	23	21	9	0	14	|...|	3201671
#	1672	雷霆的吉莉安	23	20	1	4	3	20	40	26	32	18	3529	23	21	9	0	14	|...|	3201672
#	1673	沉默大科兹莫	23	37	1	4	3	37	19	23	43	29	3528	23	21	9	0	14	|...|	3201673
#	1674	冰冷大劳拉	23	43	1	4	3	43	19	38	24	23	3527	23	21	9	0	14	|...|	3201674
#	1675	救世稻草	23	40	1	4	3	40	39	24	26	36	3526	23	21	9	0	14	|...|	3201675
#	1676	阳光椰子	23	31	1	4	3	31	36	37	44	18	3525	23	21	9	0	14	|...|	3201676
#	1677	冷血大海莉	23	28	1	4	3	28	32	20	45	24	3524	23	21	9	0	14	|...|	3201677
#	1678	光头小加百列	23	45	1	4	3	45	35	23	37	19	3523	23	21	9	0	14	|...|	3201678
#	1679	芭蕾的布伦达	23	21	1	4	3	21	17	26	30	32	3522	23	21	9	0	14	|...|	3201679
#	1680	悟透琳赛	23	21	1	4	3	21	42	31	36	44	3521	23	21	9	0	14	|...|	3201680
#	1681	闷骚的梅	23	18	1	4	3	18	45	41	44	33	3520	23	21	9	0	14	|...|	3201681
#	1682	灌水大基诺	23	20	1	4	3	20	37	33	28	19	3519	23	21	9	0	14	|...|	3201682
#	1683	探险小黛安娜	23	38	1	4	3	38	42	30	24	37	3518	23	21	9	0	14	|...|	3201683
#	1684	蓝色大朱莉娅	23	24	1	4	3	24	44	41	33	21	3517	23	21	9	0	14	|...|	3201684
#	1685	优雅大邦妮	23	39	1	4	3	39	34	42	35	33	3516	23	21	9	0	14	|...|	3201685
#	1686	代言小杰瑞	23	34	1	4	3	34	27	21	30	26	3515	23	21	9	0	14	|...|	3201686
#	1687	从容布兰特	23	20	1	4	3	20	18	43	19	23	3514	23	21	9	0	14	|...|	3201687
#	1688	激情的伊迪丝	23	37	1	4	3	37	41	19	39	30	3513	23	21	9	0	14	|...|	3201688
#	1689	面具朱迪丝	23	39	1	4	3	39	28	27	17	30	3512	23	21	9	0	14	|...|	3201689
#	1690	伤心大杜克	23	24	1	4	3	24	38	21	34	36	3511	23	21	9	0	14	|...|	3201690
#	1691	玻璃小肯尼迪	23	29	1	4	3	29	31	41	38	45	3510	23	21	9	0	14	|...|	3201691
#	1692	特别小海莉	23	37	1	4	3	37	17	45	24	27	3509	23	21	9	0	14	|...|	3201692
#	1693	绝世大弗农	23	32	1	4	3	32	42	31	29	28	3508	23	21	9	0	14	|...|	3201693
#	1694	落泪的基蒂	23	23	1	4	3	23	39	30	38	24	3507	23	21	9	0	14	|...|	3201694
#	1695	冰封伊莱恩	23	27	1	4	3	27	28	36	42	29	3506	23	21	9	0	14	|...|	3201695
#	1696	首任大吉娜	23	26	1	4	3	26	29	32	23	19	3505	23	21	9	0	14	|...|	3201696
#	1697	神锋大史蒂文	23	42	1	4	3	42	45	26	31	28	3504	23	21	9	0	14	|...|	3201697
#	1698	霹雳基蒂	23	29	1	4	3	29	41	20	32	44	3503	23	21	9	0	14	|...|	3201698
#	1699	硬糖的玛莎	23	29	1	4	3	29	42	24	43	23	3502	23	21	9	0	14	|...|	3201699
#	1700	凝固大爱沙拉	23	37	1	4	3	37	29	36	20	17	3501	23	21	9	0	14	|...|	3201700
#	1701	冰封的水蜜桃	23	20	1	4	3	20	29	21	35	31	3500	23	21	9	0	14	|...|	3201701
#	1702	希望大姬尔	23	35	1	4	3	35	30	40	24	33	3499	23	21	9	0	14	|...|	3201702
#	1703	滑稽大伊凡	23	23	1	4	3	23	18	44	43	19	3498	23	21	9	0	14	|...|	3201703
#	1704	奇妙伊甸园	23	37	1	4	3	37	33	36	19	30	3497	23	21	9	0	14	|...|	3201704
#	1705	吴钩洛克	23	33	1	4	3	33	19	35	27	41	3496	23	21	9	0	14	|...|	3201705
#	1706	残剑的伊妮德	23	30	1	4	3	30	26	45	27	40	3495	23	21	9	0	14	|...|	3201706
#	1707	疯狂小埃里克	23	42	1	4	3	42	19	36	31	23	3494	23	21	9	0	14	|...|	3201707
#	1708	神锋的黛比	23	20	1	4	3	20	33	35	31	17	3493	23	21	9	0	14	|...|	3201708
#	1709	理智小卡斯帕	23	44	1	4	3	44	34	40	33	17	3492	23	21	9	0	14	|...|	3201709
#	1710	盗梦艾米	23	34	1	4	3	34	33	29	41	39	3491	23	21	9	0	14	|...|	3201710
#	1711	深沉戴夫	23	45	1	4	3	45	21	24	35	28	3490	23	21	9	0	14	|...|	3201711
#	1712	梦游的吉娜	23	31	1	4	3	31	29	23	42	30	3489	23	21	9	0	14	|...|	3201712
#	1713	青训大米歇尔	23	24	1	4	3	24	31	45	30	36	3488	23	21	9	0	14	|...|	3201713
#	1714	红色的马西	23	23	1	4	3	23	27	18	21	36	3487	23	21	9	0	14	|...|	3201714
#	1715	袖珍的伊迪丝	23	18	1	4	3	18	34	42	26	37	3486	23	21	9	0	14	|...|	3201715
#	1716	助威的荔枝	23	26	1	4	3	26	17	29	41	43	3485	23	21	9	0	14	|...|	3201716
#	1717	悟透大番茄	23	20	1	4	3	20	40	30	33	32	3484	23	21	9	0	14	|...|	3201717
#	1718	军中的艾莉	23	24	1	4	3	24	38	17	21	44	3483	23	21	9	0	14	|...|	3201718
#	1719	伤心小卡尔	23	34	1	4	3	34	39	19	43	31	3482	23	21	9	0	14	|...|	3201719
#	1720	无畏的乔安娜	23	39	1	4	3	39	26	18	29	28	3481	23	21	9	0	14	|...|	3201720
#	1721	走神小马科斯	23	40	1	4	3	40	39	34	17	27	3480	23	21	9	0	14	|...|	3201721
#	1722	秘密大拉里	23	19	1	4	3	19	34	29	42	26	3479	23	21	9	0	14	|...|	3201722
#	1723	冷静的达茜	23	32	1	4	3	32	35	28	33	37	3478	23	21	9	0	14	|...|	3201723
#	1724	圣光大丹尼尔	23	30	1	4	3	30	45	38	24	35	3477	23	21	9	0	14	|...|	3201724
#	1725	金发的埃文	23	24	1	4	3	24	41	35	39	19	3476	23	21	9	0	14	|...|	3201725
#	1726	吴钩的欧蕊	23	32	1	4	3	32	19	23	31	35	3475	23	21	9	0	14	|...|	3201726
#	1727	奇怪大斯考特	23	27	1	4	3	27	45	44	26	40	3474	23	21	9	0	14	|...|	3201727
#	1728	伪善小天使	23	23	1	4	3	23	28	45	17	39	3473	23	21	9	0	14	|...|	3201728
#	1729	全能小劳瑞恩	23	29	1	4	3	29	34	26	44	28	3472	23	21	9	0	14	|...|	3201729
#	1730	华丽卡洛斯	23	44	1	4	3	44	42	28	41	19	3471	23	21	9	0	14	|...|	3201730
#	1731	袖珍小海伦	23	32	1	4	3	32	18	45	38	27	3470	23	21	9	0	14	|...|	3201731
#	1732	代言凯罗尔	23	38	1	4	3	38	41	39	34	21	3469	23	21	9	0	14	|...|	3201732
#	1733	大的马库斯	23	29	1	4	3	29	44	41	19	35	3468	23	21	9	0	14	|...|	3201733
#	1734	大小罗伊	23	28	1	4	3	28	40	17	31	18	3467	23	21	9	0	14	|...|	3201734
#	1735	不破大雨果	23	41	1	4	3	41	32	34	33	36	3466	23	21	9	0	14	|...|	3201735
#	1736	霹雳伊娃	23	44	1	4	3	44	43	34	27	24	3465	23	21	9	0	14	|...|	3201736
#	1737	棉花糖大劳伦斯	23	24	1	4	3	24	37	35	23	32	3464	23	21	9	0	14	|...|	3201737
#	1738	回归的莉莉	23	37	1	4	3	37	36	23	26	24	3463	23	21	9	0	14	|...|	3201738
#	1739	制霸小布伦达	23	33	1	4	3	33	21	43	24	36	3462	23	21	9	0	14	|...|	3201739
#	1740	幽默马科斯	23	35	1	4	3	35	40	38	29	28	3461	23	21	9	0	14	|...|	3201740
#	1741	抽风大艾萨克	23	41	1	4	3	41	21	45	36	44	3460	23	21	9	0	14	|...|	3201741
#	1742	死忠小范	23	44	1	4	3	44	30	21	43	33	3459	23	21	9	0	14	|...|	3201742
#	1743	不羁艾莉尔	23	29	1	4	3	29	20	33	23	26	3458	23	21	9	0	14	|...|	3201743
#	1744	冷血米奇	23	37	1	4	3	37	38	30	33	28	3457	23	21	9	0	14	|...|	3201744
#	1745	龅牙艾伦	23	40	1	4	3	40	18	26	39	44	3456	23	21	9	0	14	|...|	3201745
#	1746	军中克莉丝	23	42	1	4	3	42	31	28	27	32	3455	23	21	9	0	14	|...|	3201746
#	1747	特训大马歇尔	23	28	1	4	3	28	43	31	39	17	3454	23	21	9	0	14	|...|	3201747
#	1748	非凡的雪莉尔	23	44	1	4	3	44	40	33	37	30	3453	23	21	9	0	14	|...|	3201748
#	1749	巨型大阿诺德	23	24	1	4	3	24	39	31	44	33	3452	23	21	9	0	14	|...|	3201749
#	1750	芭蕾小莫尼卡	23	34	1	4	3	34	21	38	33	39	3451	23	21	9	0	14	|...|	3201750
#	1751	执念的杯具	23	27	1	4	3	27	26	28	23	31	3450	23	21	9	0	14	|...|	3201751
#	1752	过气的马科斯	23	32	1	4	3	32	38	18	26	29	3449	23	21	9	0	14	|...|	3201752
#	1753	白色小包子	23	29	1	4	3	29	31	35	40	23	3448	23	21	9	0	14	|...|	3201753
#	1754	雷霆小贾斯敏	23	19	1	4	3	19	36	18	32	26	3447	23	21	9	0	14	|...|	3201754
#	1755	完美的弗瑞德	23	18	1	4	3	18	20	37	44	43	3446	23	21	9	0	14	|...|	3201755
#	1756	不破大降落伞	23	27	1	4	3	27	19	42	35	44	3445	23	21	9	0	14	|...|	3201756
#	1757	被爱大亨利	23	21	1	4	3	21	19	44	27	29	3444	23	21	9	0	14	|...|	3201757
#	1758	待定的埃尔莎	23	26	1	4	3	26	42	28	24	17	3443	23	21	9	0	14	|...|	3201758
#	1759	暴走的莉莲	23	40	1	4	3	40	24	35	31	17	3442	23	21	9	0	14	|...|	3201759
#	1760	无妄小面条	23	24	1	4	3	24	27	37	39	34	3441	23	21	9	0	14	|...|	3201760
#	1761	白天丹尼	23	36	1	4	3	36	17	27	32	33	3440	23	21	9	0	14	|...|	3201761
#	1762	光速大塞西	23	35	1	4	3	35	44	36	21	28	3439	23	21	9	0	14	|...|	3201762
#	1763	潜水小米迦勒	23	39	1	4	3	39	20	18	26	41	3438	23	21	9	0	14	|...|	3201763
#	1764	种田詹妮弗	23	37	1	4	3	37	27	44	30	33	3437	23	21	9	0	14	|...|	3201764
#	1765	的禅	23	24	1	4	3	24	20	18	17	32	3436	23	21	9	0	14	|...|	3201765
#	1766	南方小泰勒	23	33	1	4	3	33	45	32	20	35	3435	23	21	9	0	14	|...|	3201766
#	1767	冰封小凯琳	23	23	1	4	3	23	38	18	29	32	3434	23	21	9	0	14	|...|	3201767
#	1768	圣光大真知	23	29	1	4	3	29	36	20	17	41	3433	23	21	9	0	14	|...|	3201768
#	1769	北欧琼	23	31	1	4	3	31	45	24	32	38	3432	23	21	9	0	14	|...|	3201769
#	1770	悟透的詹姆士	23	31	1	4	3	31	24	35	34	32	3431	23	21	9	0	14	|...|	3201770
#	1771	蓝眼莉莉	23	30	1	4	3	30	26	45	38	32	3430	23	21	9	0	14	|...|	3201771
#	1772	萌萌大艾塞亚	23	21	1	4	3	21	30	29	18	24	3429	23	21	9	0	14	|...|	3201772
#	1773	牛皮糖安东尼	23	27	1	4	3	27	35	42	36	39	3428	23	21	9	0	14	|...|	3201773
#	1774	无妄大克里斯	23	26	1	4	3	26	39	23	33	19	3427	23	21	9	0	14	|...|	3201774
#	1775	制霸罗兰	23	32	1	4	3	32	19	45	34	39	3426	23	21	9	0	14	|...|	3201775
#	1776	星界贾斯汀	23	29	1	4	3	29	18	41	35	21	3425	23	21	9	0	14	|...|	3201776
#	1777	过气大伦道夫	23	26	1	4	3	26	23	36	40	32	3424	23	21	9	0	14	|...|	3201777
#	1778	希望伊恩	23	33	1	4	3	33	43	39	38	36	3423	23	21	9	0	14	|...|	3201778
#	1779	魔幻的卡蒂	23	24	1	4	3	24	23	40	38	42	3422	23	21	9	0	14	|...|	3201779
#	1780	棉花糖的奥特曼	23	44	1	4	3	44	43	29	17	31	3421	23	21	9	0	14	|...|	3201780
#	1781	仲裁大阿维娃	23	45	1	4	3	45	19	33	39	40	3420	23	21	9	0	14	|...|	3201781
#	1782	白色的乔伊	23	21	1	4	3	21	23	34	26	20	3419	23	21	9	0	14	|...|	3201782
#	1783	非常哈利	23	30	1	4	3	30	41	42	29	32	3418	23	21	9	0	14	|...|	3201783
#	1784	理智大埃迪	23	17	1	4	3	17	21	19	38	36	3417	23	21	9	0	14	|...|	3201784
#	1785	多面小亚伯	23	38	1	4	3	38	32	40	43	45	3416	23	21	9	0	14	|...|	3201785
#	1786	陨落丹尼	23	42	1	4	3	42	33	32	28	44	3415	23	21	9	0	14	|...|	3201786
#	1787	关键小蒂莫西	23	43	1	4	3	43	20	30	26	34	3414	23	21	9	0	14	|...|	3201787
#	1788	冷面的劳瑞恩	23	28	1	4	3	28	24	33	39	43	3413	23	21	9	0	14	|...|	3201788
#	1789	吴钩梅琳达	23	32	1	4	3	32	26	27	30	28	3412	23	21	9	0	14	|...|	3201789
#	1790	幽灵小列得	23	40	1	4	3	40	41	17	27	35	3411	23	21	9	0	14	|...|	3201790
#	1791	优雅大姬恩	23	38	1	4	3	38	30	24	34	45	3410	23	21	9	0	14	|...|	3201791
#	1792	娃面的凯瑟琳	23	27	1	4	3	27	45	31	21	35	3409	23	21	9	0	14	|...|	3201792
#	1793	嗜血南茜	23	35	1	4	3	35	18	27	36	30	3408	23	21	9	0	14	|...|	3201793
#	1794	大的黛博拉	23	19	1	4	3	19	41	31	27	44	3407	23	21	9	0	14	|...|	3201794
#	1795	笑面小伊娃	23	23	1	4	3	23	41	40	35	45	3406	23	21	9	0	14	|...|	3201795
#	1796	执念的亚当	23	33	1	4	3	33	43	45	44	32	3405	23	21	9	0	14	|...|	3201796
#	1797	唯一莉迪娅	23	39	1	4	3	39	31	33	35	40	3404	23	21	9	0	14	|...|	3201797
#	1798	无声大南茜	23	36	1	4	3	36	38	33	45	23	3403	23	21	9	0	14	|...|	3201798
#	1799	潜水大多拉	23	35	1	4	3	35	44	33	32	19	3402	23	21	9	0	14	|...|	3201799
#	1800	夜空内森	23	39	1	4	3	39	36	43	44	34	3401	23	21	9	0	14	|...|	3201800
#	1801	造点大布兰妮	22	45	1	4	2	45	34	24	33	32	3400	22	20	8	0	13	|...|	3201801
#	1802	红白亚伯	22	34	1	4	2	34	45	44	37	21	3399	22	20	8	0	13	|...|	3201802
#	1803	火爆小哈帝	22	20	1	4	2	20	38	40	33	19	3398	22	20	8	0	13	|...|	3201803
#	1804	正义大杰弗瑞	22	18	1	4	2	18	32	37	23	21	3397	22	20	8	0	13	|...|	3201804
#	1805	大大塞缪尔	22	19	1	4	2	19	28	17	37	36	3396	22	20	8	0	13	|...|	3201805
#	1806	前场大文森特	22	26	1	4	2	26	38	32	42	20	3395	22	20	8	0	13	|...|	3201806
#	1807	难舍荔枝	22	41	1	4	2	41	26	31	34	19	3394	22	20	8	0	13	|...|	3201807
#	1808	白色小笆笆拉	22	17	1	4	2	17	41	26	43	18	3393	22	20	8	0	13	|...|	3201808
#	1809	杀戮者的康妮	22	38	1	4	2	38	39	30	18	41	3392	22	20	8	0	13	|...|	3201809
#	1810	招牌的马尔斯	22	34	1	4	2	34	21	43	41	32	3391	22	20	8	0	13	|...|	3201810
#	1811	盗梦的文森特	22	31	1	4	2	31	18	32	24	20	3390	22	20	8	0	13	|...|	3201811
#	1812	伪善的凯文	22	36	1	4	2	36	21	29	44	28	3389	22	20	8	0	13	|...|	3201812
#	1813	阳光大切莉	22	39	1	4	2	39	45	29	31	26	3388	22	20	8	0	13	|...|	3201813
#	1814	骗经奥利弗	22	45	1	4	2	45	36	18	37	33	3387	22	20	8	0	13	|...|	3201814
#	1815	西部大埃莉卡	22	23	1	4	2	23	26	41	18	32	3386	22	20	8	0	13	|...|	3201815
#	1816	低调露茜	22	43	1	4	2	43	36	29	26	38	3385	22	20	8	0	13	|...|	3201816
#	1817	爆裂弹扳手	22	24	1	4	2	24	44	20	38	43	3384	22	20	8	0	13	|...|	3201817
#	1818	闪电结衣	22	21	1	4	2	21	44	24	45	34	3383	22	20	8	0	13	|...|	3201818
#	1819	复出小法典	22	29	1	4	2	29	20	33	23	36	3382	22	20	8	0	13	|...|	3201819
#	1820	传播者的雷克斯	22	23	1	4	2	23	24	42	34	40	3381	22	20	8	0	13	|...|	3201820
#	1821	不羁大安迪	22	34	1	4	2	34	35	30	23	38	3380	22	20	8	0	13	|...|	3201821
#	1822	上进大伊桑	22	27	1	4	2	27	41	36	37	39	3379	22	20	8	0	13	|...|	3201822
#	1823	无相的马德琳	22	40	1	4	2	40	20	28	39	23	3378	22	20	8	0	13	|...|	3201823
#	1824	走神大艾美	22	19	1	4	2	19	20	35	29	37	3377	22	20	8	0	13	|...|	3201824
#	1825	上进大朱蒂	22	42	1	4	2	42	18	35	45	24	3376	22	20	8	0	13	|...|	3201825
#	1826	完美的扳手	22	29	1	4	2	29	34	33	39	32	3375	22	20	8	0	13	|...|	3201826
#	1827	乱战的安	22	21	1	4	2	21	42	28	18	35	3374	22	20	8	0	13	|...|	3201827
#	1828	迟到小杰弗瑞	22	29	1	4	2	29	31	20	39	27	3373	22	20	8	0	13	|...|	3201828
#	1829	代言路易莎	22	43	1	4	2	43	27	39	45	23	3372	22	20	8	0	13	|...|	3201829
#	1830	疯狂的玛莎	22	42	1	4	2	42	27	29	17	36	3371	22	20	8	0	13	|...|	3201830
#	1831	恐怖艾萨克	22	37	1	4	2	37	36	30	18	40	3370	22	20	8	0	13	|...|	3201831
#	1832	奶油科迪	22	31	1	4	2	31	39	24	19	20	3369	22	20	8	0	13	|...|	3201832
#	1833	闪电路易斯	22	26	1	4	2	26	27	21	30	18	3368	22	20	8	0	13	|...|	3201833
#	1834	随行凯琳	22	27	1	4	2	27	34	26	37	40	3367	22	20	8	0	13	|...|	3201834
#	1835	不羁小肖恩	22	38	1	4	2	38	19	40	35	44	3366	22	20	8	0	13	|...|	3201835
#	1836	吴钩的电灯泡	22	39	1	4	2	39	32	30	21	28	3365	22	20	8	0	13	|...|	3201836
#	1837	飞翔真知	22	29	1	4	2	29	20	45	40	17	3364	22	20	8	0	13	|...|	3201837
#	1838	首任的爱丝特	22	30	1	4	2	30	31	28	36	41	3363	22	20	8	0	13	|...|	3201838
#	1839	神奇黛米	22	32	1	4	2	32	37	36	29	40	3362	22	20	8	0	13	|...|	3201839
#	1840	疯狂爱沙拉	22	23	1	4	2	23	44	18	19	31	3361	22	20	8	0	13	|...|	3201840
#	1841	绝世格瑞丝	22	30	1	4	2	30	40	21	29	37	3360	22	20	8	0	13	|...|	3201841
#	1842	强悍小安迪	22	36	1	4	2	36	17	28	32	29	3359	22	20	8	0	13	|...|	3201842
#	1843	挥手小劳拉	22	36	1	4	2	36	31	34	21	32	3358	22	20	8	0	13	|...|	3201843
#	1844	重磅小李	22	26	1	4	2	26	20	43	30	31	3357	22	20	8	0	13	|...|	3201844
#	1845	热血的乔安娜	22	41	1	4	2	41	18	20	17	35	3356	22	20	8	0	13	|...|	3201845
#	1846	回首的埃拉	22	36	1	4	2	36	18	33	32	43	3355	22	20	8	0	13	|...|	3201846
#	1847	贤者的法典	22	36	1	4	2	36	39	19	38	37	3354	22	20	8	0	13	|...|	3201847
#	1848	双刀的堂娜	22	29	1	4	2	29	44	27	30	19	3353	22	20	8	0	13	|...|	3201848
#	1849	潜水小真相	22	17	1	4	2	17	38	35	31	32	3352	22	20	8	0	13	|...|	3201849
#	1850	风流小启示录	22	42	1	4	2	42	36	19	29	40	3351	22	20	8	0	13	|...|	3201850
#	1851	重拉里	22	26	1	4	2	26	31	40	28	33	3350	22	20	8	0	13	|...|	3201851
#	1852	沉闷斌仔	22	17	1	4	2	17	35	39	20	44	3349	22	20	8	0	13	|...|	3201852
#	1853	回归小爱伦	22	44	1	4	2	44	45	31	26	27	3348	22	20	8	0	13	|...|	3201853
#	1854	带刀小伊迪萨	22	23	1	4	2	23	21	34	38	44	3347	22	20	8	0	13	|...|	3201854
#	1855	执念小杰克	22	24	1	4	2	24	35	20	34	23	3346	22	20	8	0	13	|...|	3201855
#	1856	难舍哈帝	22	31	1	4	2	31	34	30	27	32	3345	22	20	8	0	13	|...|	3201856
#	1857	制霸小安德鲁	22	41	1	4	2	41	40	43	34	19	3344	22	20	8	0	13	|...|	3201857
#	1858	理智大汤姆	22	37	1	4	2	37	32	30	17	35	3343	22	20	8	0	13	|...|	3201858
#	1859	深沉小卡瑞达	22	37	1	4	2	37	23	18	44	38	3342	22	20	8	0	13	|...|	3201859
#	1860	慈善大芭比	22	24	1	4	2	24	40	27	17	26	3341	22	20	8	0	13	|...|	3201860
#	1861	探险大约瑟夫	22	44	1	4	2	44	27	21	38	20	3340	22	20	8	0	13	|...|	3201861
#	1862	冰冷的米兰达	22	30	1	4	2	30	45	21	29	24	3339	22	20	8	0	13	|...|	3201862
#	1863	补考大唐纳德	22	44	1	4	2	44	24	32	45	40	3338	22	20	8	0	13	|...|	3201863
#	1864	前场大埃迪	22	41	1	4	2	41	19	30	21	27	3337	22	20	8	0	13	|...|	3201864
#	1865	升华的劳拉	22	27	1	4	2	27	19	35	40	37	3336	22	20	8	0	13	|...|	3201865
#	1866	圣贤大尤杜拉	22	39	1	4	2	39	29	30	26	38	3335	22	20	8	0	13	|...|	3201866
#	1867	轻的艾琳	22	35	1	4	2	35	34	33	39	37	3334	22	20	8	0	13	|...|	3201867
#	1868	酱油大卡门	22	43	1	4	2	43	19	20	36	45	3333	22	20	8	0	13	|...|	3201868
#	1869	失落小格林	22	20	1	4	2	20	37	28	43	24	3332	22	20	8	0	13	|...|	3201869
#	1870	浮夸大布伦特	22	24	1	4	2	24	36	21	19	31	3331	22	20	8	0	13	|...|	3201870
#	1871	特别的克洛伊	22	29	1	4	2	29	38	17	24	33	3330	22	20	8	0	13	|...|	3201871
#	1872	非常的泰勒	22	24	1	4	2	24	42	35	37	23	3329	22	20	8	0	13	|...|	3201872
#	1873	盗梦的洛克	22	26	1	4	2	26	20	27	40	44	3328	22	20	8	0	13	|...|	3201873
#	1874	袖珍贝迪	22	41	1	4	2	41	32	43	17	34	3327	22	20	8	0	13	|...|	3201874
#	1875	遗忘的小二	22	32	1	4	2	32	29	31	42	17	3326	22	20	8	0	13	|...|	3201875
#	1876	死神大伊桑	22	44	1	4	2	44	39	33	32	18	3325	22	20	8	0	13	|...|	3201876
#	1877	弹簧奥斯卡	22	41	1	4	2	41	19	37	30	29	3324	22	20	8	0	13	|...|	3201877
#	1878	骄傲大蕾西	22	42	1	4	2	42	29	26	20	44	3323	22	20	8	0	13	|...|	3201878
#	1879	化身的丹尼	22	37	1	4	2	37	27	36	39	20	3322	22	20	8	0	13	|...|	3201879
#	1880	回归大坎蒂	22	33	1	4	2	33	30	31	37	40	3321	22	20	8	0	13	|...|	3201880
#	1881	大的雷纳德	22	20	1	4	2	20	26	37	34	36	3320	22	20	8	0	13	|...|	3201881
#	1882	十方乔安娜	22	26	1	4	2	26	28	40	30	34	3319	22	20	8	0	13	|...|	3201882
#	1883	难舍的托德	22	33	1	4	2	33	24	35	29	21	3318	22	20	8	0	13	|...|	3201883
#	1884	努力小马德琳	22	32	1	4	2	32	34	42	45	38	3317	22	20	8	0	13	|...|	3201884
#	1885	孤傲加百利	22	31	1	4	2	31	23	21	40	42	3316	22	20	8	0	13	|...|	3201885
#	1886	孤独大艾达	22	26	1	4	2	26	23	21	31	37	3315	22	20	8	0	13	|...|	3201886
#	1887	温暖的琳赛	22	33	1	4	2	33	39	23	21	26	3314	22	20	8	0	13	|...|	3201887
#	1888	落泪大斯宾塞	22	23	1	4	2	23	19	27	17	26	3313	22	20	8	0	13	|...|	3201888
#	1889	仲裁珍妮特	22	17	1	4	2	17	23	28	21	40	3312	22	20	8	0	13	|...|	3201889
#	1890	慈善大布兰妮	22	43	1	4	2	43	38	20	17	18	3311	22	20	8	0	13	|...|	3201890
#	1891	长缨小路易丝	22	17	1	4	2	17	21	27	20	42	3310	22	20	8	0	13	|...|	3201891
#	1892	暴君的罗琳	22	29	1	4	2	29	30	39	41	20	3309	22	20	8	0	13	|...|	3201892
#	1893	独眼的科兹莫	22	34	1	4	2	34	33	18	19	43	3308	22	20	8	0	13	|...|	3201893
#	1894	多面小埃拉	22	37	1	4	2	37	28	24	45	20	3307	22	20	8	0	13	|...|	3201894
#	1895	天空的丽莎	22	24	1	4	2	24	26	19	36	41	3306	22	20	8	0	13	|...|	3201895
#	1896	圣光辛迪	22	33	1	4	2	33	45	31	29	38	3305	22	20	8	0	13	|...|	3201896
#	1897	招牌小大卫	22	44	1	4	2	44	29	31	34	37	3304	22	20	8	0	13	|...|	3201897
#	1898	耍帅小桃瑞丝	22	29	1	4	2	29	27	32	18	26	3303	22	20	8	0	13	|...|	3201898
#	1899	暴君的昆廷	22	23	1	4	2	23	27	34	35	37	3302	22	20	8	0	13	|...|	3201899
#	1900	探险大朱莉娅	22	43	1	4	2	43	44	21	18	38	3301	22	20	8	0	13	|...|	3201900
#	1901	悲情大海伦	22	44	1	4	2	44	24	20	18	36	3300	22	20	8	0	13	|...|	3201901
#	1902	助攻露西妮	22	23	1	4	2	23	21	27	43	29	3299	22	20	8	0	13	|...|	3201902
#	1903	终极小爱丝特	22	41	1	4	2	41	43	35	17	18	3298	22	20	8	0	13	|...|	3201903
#	1904	嗜血小科林	22	29	1	4	2	29	24	30	23	39	3297	22	20	8	0	13	|...|	3201904
#	1905	灌水小欧文	22	37	1	4	2	37	38	24	29	30	3296	22	20	8	0	13	|...|	3201905
#	1906	独眼小特里	22	35	1	4	2	35	19	31	30	40	3295	22	20	8	0	13	|...|	3201906
#	1907	积极大莱斯利	22	19	1	4	2	19	35	37	29	38	3294	22	20	8	0	13	|...|	3201907
#	1908	夜空的布伦达	22	40	1	4	2	40	17	19	41	45	3293	22	20	8	0	13	|...|	3201908
#	1909	小的布拉德	22	18	1	4	2	18	27	28	23	29	3292	22	20	8	0	13	|...|	3201909
#	1910	补考的爱丝特	22	36	1	4	2	36	31	38	37	30	3291	22	20	8	0	13	|...|	3201910
#	1911	白发采尼	22	28	1	4	2	28	36	23	21	31	3290	22	20	8	0	13	|...|	3201911
#	1912	大罗琳	22	36	1	4	2	36	32	35	34	18	3289	22	20	8	0	13	|...|	3201912
#	1913	百式大方舟	22	24	1	4	2	24	41	36	43	37	3288	22	20	8	0	13	|...|	3201913
#	1914	不迫的亨利	22	34	1	4	2	34	30	39	42	45	3287	22	20	8	0	13	|...|	3201914
#	1915	散步马西	22	35	1	4	2	35	26	31	29	24	3286	22	20	8	0	13	|...|	3201915
#	1916	无声朱恩	22	21	1	4	2	21	35	32	37	27	3285	22	20	8	0	13	|...|	3201916
#	1917	小的梅维丝	22	42	1	4	2	42	45	44	37	28	3284	22	20	8	0	13	|...|	3201917
#	1918	闪电大沃伦	22	44	1	4	2	44	42	39	23	33	3283	22	20	8	0	13	|...|	3201918
#	1919	星界的费怡	22	43	1	4	2	43	29	19	41	37	3282	22	20	8	0	13	|...|	3201919
#	1920	豪爽小萨姆	22	34	1	4	2	34	31	29	23	37	3281	22	20	8	0	13	|...|	3201920
#	1921	审结贾斯敏	22	27	1	4	2	27	29	39	31	44	3280	22	20	8	0	13	|...|	3201921
#	1922	冰冷史蒂夫	22	44	1	4	2	44	36	23	34	42	3279	22	20	8	0	13	|...|	3201922
#	1923	爆裂弹的大卫	22	33	1	4	2	33	41	23	38	19	3278	22	20	8	0	13	|...|	3201923
#	1924	懒散小阿曼达	22	19	1	4	2	19	18	33	41	37	3277	22	20	8	0	13	|...|	3201924
#	1925	走神的卢克	22	20	1	4	2	20	40	41	38	30	3276	22	20	8	0	13	|...|	3201925
#	1926	天空的尤杜拉	22	37	1	4	2	37	39	26	19	28	3275	22	20	8	0	13	|...|	3201926
#	1927	独眼大罗纳德	22	27	1	4	2	27	28	17	30	39	3274	22	20	8	0	13	|...|	3201927
#	1928	奶油大大猩猩	22	19	1	4	2	19	34	29	18	40	3273	22	20	8	0	13	|...|	3201928
#	1929	滚滚青春	22	41	1	4	2	41	38	21	37	45	3272	22	20	8	0	13	|...|	3201929
#	1930	被爱桃花源	22	24	1	4	2	24	37	43	19	40	3271	22	20	8	0	13	|...|	3201930
#	1931	靠谱爱伦	22	17	1	4	2	17	37	28	34	38	3270	22	20	8	0	13	|...|	3201931
#	1932	冷面小马克斯	22	32	1	4	2	32	26	38	31	40	3269	22	20	8	0	13	|...|	3201932
#	1933	白天的杯具	22	26	1	4	2	26	35	33	41	36	3268	22	20	8	0	13	|...|	3201933
#	1934	忘情小布兰奇	22	29	1	4	2	29	19	39	28	17	3267	22	20	8	0	13	|...|	3201934
#	1935	贤者的小二	22	19	1	4	2	19	26	35	18	39	3266	22	20	8	0	13	|...|	3201935
#	1936	理发凯里	22	21	1	4	2	21	29	35	31	44	3265	22	20	8	0	13	|...|	3201936
#	1937	升华大伯特	22	28	1	4	2	28	42	36	45	44	3264	22	20	8	0	13	|...|	3201937
#	1938	飞翔罗杰	22	31	1	4	2	31	18	30	41	29	3263	22	20	8	0	13	|...|	3201938
#	1939	无妄小吉姆	22	42	1	4	2	42	33	28	17	27	3262	22	20	8	0	13	|...|	3201939
#	1940	巅峰达芙妮	22	31	1	4	2	31	32	35	27	29	3261	22	20	8	0	13	|...|	3201940
#	1941	独裁者大格瑞塔	22	21	1	4	2	21	35	44	17	19	3260	22	20	8	0	13	|...|	3201941
#	1942	今日的降落伞	22	36	1	4	2	36	32	30	40	41	3259	22	20	8	0	13	|...|	3201942
#	1943	孤独大爱丽丝	22	20	1	4	2	20	27	18	34	42	3258	22	20	8	0	13	|...|	3201943
#	1944	抢镜小鲁宾逊	22	34	1	4	2	34	17	40	20	18	3257	22	20	8	0	13	|...|	3201944
#	1945	冷面大橄榄	22	42	1	4	2	42	33	27	38	34	3256	22	20	8	0	13	|...|	3201945
#	1946	忘情的肯尼	22	31	1	4	2	31	35	44	42	43	3255	22	20	8	0	13	|...|	3201946
#	1947	回首小卡罗琳	22	26	1	4	2	26	18	34	20	44	3254	22	20	8	0	13	|...|	3201947
#	1948	奇妙小柚子	22	23	1	4	2	23	45	37	26	30	3253	22	20	8	0	13	|...|	3201948
#	1949	无声的阿诺德	22	39	1	4	2	39	20	42	17	43	3252	22	20	8	0	13	|...|	3201949
#	1950	助威的海顿	22	17	1	4	2	17	30	18	19	24	3251	22	20	8	0	13	|...|	3201950
#	1951	懒散的朱恩	22	43	1	4	2	43	36	20	32	26	3250	22	20	8	0	13	|...|	3201951
#	1952	无相肯尼斯	22	33	1	4	2	33	24	32	21	42	3249	22	20	8	0	13	|...|	3201952
#	1953	沉默大托德	22	26	1	4	2	26	29	24	31	21	3248	22	20	8	0	13	|...|	3201953
#	1954	制霸本杰明	22	17	1	4	2	17	40	41	26	30	3247	22	20	8	0	13	|...|	3201954
#	1955	遗忘小肯尼斯	22	37	1	4	2	37	24	26	42	19	3246	22	20	8	0	13	|...|	3201955
#	1956	守望小柠檬	22	39	1	4	2	39	36	26	35	23	3245	22	20	8	0	13	|...|	3201956
#	1957	乱战真知	22	35	1	4	2	35	17	20	33	42	3244	22	20	8	0	13	|...|	3201957
#	1958	温暖小朱蒂	22	34	1	4	2	34	29	26	43	35	3243	22	20	8	0	13	|...|	3201958
#	1959	贤者大圣经	22	30	1	4	2	30	19	42	35	45	3242	22	20	8	0	13	|...|	3201959
#	1960	升华艾基尔许莉	22	45	1	4	2	45	38	34	35	33	3241	22	20	8	0	13	|...|	3201960
#	1961	天才艾维	22	42	1	4	2	42	19	23	33	40	3240	22	20	8	0	13	|...|	3201961
#	1962	龅牙小飞车	22	35	1	4	2	35	44	41	45	37	3239	22	20	8	0	13	|...|	3201962
#	1963	蓝色大达芙妮	22	24	1	4	2	24	17	18	44	35	3238	22	20	8	0	13	|...|	3201963
#	1964	骗经的乔伊	22	44	1	4	2	44	28	42	29	26	3237	22	20	8	0	13	|...|	3201964
#	1965	玻璃杰克逊	22	44	1	4	2	44	40	36	29	17	3236	22	20	8	0	13	|...|	3201965
#	1966	幽灵小所罗门	22	32	1	4	2	32	27	33	35	44	3235	22	20	8	0	13	|...|	3201966
#	1967	白发大凯斯	22	27	1	4	2	27	32	38	36	29	3234	22	20	8	0	13	|...|	3201967
#	1968	光速小莱斯利	22	23	1	4	2	23	28	42	35	45	3233	22	20	8	0	13	|...|	3201968
#	1969	急速的杰西	22	45	1	4	2	45	30	39	29	31	3232	22	20	8	0	13	|...|	3201969
#	1970	零式大马科斯	22	30	1	4	2	30	34	40	27	26	3231	22	20	8	0	13	|...|	3201970
#	1971	神奇大琳赛	22	43	1	4	2	43	23	40	38	36	3230	22	20	8	0	13	|...|	3201971
#	1972	遗忘的特里娜	22	32	1	4	2	32	36	39	44	18	3229	22	20	8	0	13	|...|	3201972
#	1973	残剑的琳达	22	26	1	4	2	26	41	33	38	19	3228	22	20	8	0	13	|...|	3201973
#	1974	理智大泰德	22	20	1	4	2	20	36	40	45	32	3227	22	20	8	0	13	|...|	3201974
#	1975	终极小马丁	22	44	1	4	2	44	29	36	27	34	3226	22	20	8	0	13	|...|	3201975
#	1976	飞翔艾伯特	22	43	1	4	2	43	30	20	31	23	3225	22	20	8	0	13	|...|	3201976
#	1977	硬糖小海莉	22	20	1	4	2	20	21	45	33	23	3224	22	20	8	0	13	|...|	3201977
#	1978	做梦大艾达	22	30	1	4	2	30	36	20	26	27	3223	22	20	8	0	13	|...|	3201978
#	1979	助攻大艾维	22	23	1	4	2	23	18	20	38	40	3222	22	20	8	0	13	|...|	3201979
#	1980	矜持大雷	22	42	1	4	2	42	36	24	30	17	3221	22	20	8	0	13	|...|	3201980
#	1981	伤心查尔斯	22	24	1	4	2	24	20	42	39	36	3220	22	20	8	0	13	|...|	3201981
#	1982	面具大斯宾塞	22	44	1	4	2	44	38	32	20	35	3219	22	20	8	0	13	|...|	3201982
#	1983	不迫小莉兹	22	29	1	4	2	29	44	35	37	34	3218	22	20	8	0	13	|...|	3201983
#	1984	当红大伊芙	22	27	1	4	2	27	44	34	31	24	3217	22	20	8	0	13	|...|	3201984
#	1985	执念的玛克辛	22	31	1	4	2	31	27	37	32	23	3216	22	20	8	0	13	|...|	3201985
#	1986	探险的凯文	22	40	1	4	2	40	31	42	20	21	3215	22	20	8	0	13	|...|	3201986
#	1987	娃面大	22	17	1	4	2	17	29	32	42	44	3214	22	20	8	0	13	|...|	3201987
#	1988	乱世的杰弗里	22	38	1	4	2	38	28	34	17	19	3213	22	20	8	0	13	|...|	3201988
#	1989	神锋樱桃	22	38	1	4	2	38	33	27	43	30	3212	22	20	8	0	13	|...|	3201989
#	1990	前场大守望者	22	23	1	4	2	23	27	24	37	45	3211	22	20	8	0	13	|...|	3201990
#	1991	代言的弗兰克	22	33	1	4	2	33	19	37	29	26	3210	22	20	8	0	13	|...|	3201991
#	1992	被爱小梅利莎	22	26	1	4	2	26	31	29	32	21	3209	22	20	8	0	13	|...|	3201992
#	1993	独裁者的罗兰	22	19	1	4	2	19	41	29	18	17	3208	22	20	8	0	13	|...|	3201993
#	1994	笑面大比尔	22	32	1	4	2	32	33	34	37	43	3207	22	20	8	0	13	|...|	3201994
#	1995	悲情安尼塔	22	45	1	4	2	45	28	34	17	44	3206	22	20	8	0	13	|...|	3201995
#	1996	萌萌弗农	22	45	1	4	2	45	19	28	30	26	3205	22	20	8	0	13	|...|	3201996
#	1997	芭蕾的杰克逊	22	23	1	4	2	23	31	37	44	33	3204	22	20	8	0	13	|...|	3201997
#	1998	低调的安尼塔	22	44	1	4	2	44	43	28	39	17	3203	22	20	8	0	13	|...|	3201998
#	1999	耍帅大艾米	22	34	1	4	2	34	24	43	35	23	3202	22	20	8	0	13	|...|	3201999
#	2000	光头菲奥纳	22	17	1	4	2	17	20	24	42	27	3201	22	20	8	0	13	|...|	3202000
#	2001	慈善的斯考特	21	38	1	4	1	38	30	35	28	20	3200	21	19	7	0	12	|...|	3202001
#	2002	完美小路易斯	21	43	1	4	1	43	26	31	28	42	3199	21	19	7	0	12	|...|	3202002
#	2003	慈爱的露西娅	21	24	1	4	1	24	42	34	27	40	3198	21	19	7	0	12	|...|	3202003
#	2004	奶油的采尼	21	37	1	4	1	37	26	29	41	31	3197	21	19	7	0	12	|...|	3202004
#	2005	绝世大布鲁斯	21	18	1	4	1	18	29	45	39	24	3196	21	19	7	0	12	|...|	3202005
#	2006	未来大哈利	21	26	1	4	1	26	35	34	33	20	3195	21	19	7	0	12	|...|	3202006
#	2007	嗜血大柯利弗	21	18	1	4	1	18	32	21	23	20	3194	21	19	7	0	12	|...|	3202007
#	2008	理智的鬣狗	21	43	1	4	1	43	32	41	36	44	3193	21	19	7	0	12	|...|	3202008
#	2009	滚滚娜塔莉	21	36	1	4	1	36	42	33	30	21	3192	21	19	7	0	12	|...|	3202009
#	2010	救世的卡洛斯	21	43	1	4	1	43	19	20	21	38	3191	21	19	7	0	12	|...|	3202010
#	2011	理发艾基尔莉尔	21	30	1	4	1	30	41	44	38	37	3190	21	19	7	0	12	|...|	3202011
#	2012	棉花糖大茉莉	21	41	1	4	1	41	19	26	24	29	3189	21	19	7	0	12	|...|	3202012
#	2013	走神的丹尼斯	21	45	1	4	1	45	31	19	21	18	3188	21	19	7	0	12	|...|	3202013
#	2014	完美的劳伦斯	21	27	1	4	1	27	30	33	23	34	3187	21	19	7	0	12	|...|	3202014
#	2015	魔相多拉	21	41	1	4	1	41	17	38	20	19	3186	21	19	7	0	12	|...|	3202015
#	2016	北欧的莰蒂丝	21	36	1	4	1	36	41	23	21	42	3185	21	19	7	0	12	|...|	3202016
#	2017	审结小阿波罗	21	21	1	4	1	21	33	29	17	39	3184	21	19	7	0	12	|...|	3202017
#	2018	双刀的珍妮特	21	43	1	4	1	43	41	44	18	45	3183	21	19	7	0	12	|...|	3202018
#	2019	糊涂的文森特	21	24	1	4	1	24	18	38	21	26	3182	21	19	7	0	12	|...|	3202019
#	2020	回归的露西娅	21	24	1	4	1	24	20	23	21	29	3181	21	19	7	0	12	|...|	3202020
#	2021	闷骚的橄榄	21	29	1	4	1	29	34	36	26	43	3180	21	19	7	0	12	|...|	3202021
#	2022	肆虐吉莉安	21	38	1	4	1	38	37	30	23	44	3179	21	19	7	0	12	|...|	3202022
#	2023	激情的科林	21	42	1	4	1	42	28	35	20	21	3178	21	19	7	0	12	|...|	3202023
#	2024	南方小埃尔莎	21	21	1	4	1	21	17	23	44	41	3177	21	19	7	0	12	|...|	3202024
#	2025	不羁的汉娜	21	44	1	4	1	44	42	18	30	43	3176	21	19	7	0	12	|...|	3202025
#	2026	阳光海伦娜	21	21	1	4	1	21	17	31	26	39	3175	21	19	7	0	12	|...|	3202026
#	2027	度假的弗瑞德	21	21	1	4	1	21	24	26	44	28	3174	21	19	7	0	12	|...|	3202027
#	2028	飞翔小戴茜	21	37	1	4	1	37	23	32	39	31	3173	21	19	7	0	12	|...|	3202028
#	2029	正经大鬣狗	21	21	1	4	1	21	17	24	28	41	3172	21	19	7	0	12	|...|	3202029
#	2030	肆虐小安格斯	21	28	1	4	1	28	37	45	30	31	3171	21	19	7	0	12	|...|	3202030
#	2031	慈爱大小米糕	21	39	1	4	1	39	34	24	30	43	3170	21	19	7	0	12	|...|	3202031
#	2032	优雅的埃尔莎	21	24	1	4	1	24	18	36	31	26	3169	21	19	7	0	12	|...|	3202032
#	2033	不羁小布拉德	21	19	1	4	1	19	29	20	42	44	3168	21	19	7	0	12	|...|	3202033
#	2034	梦游的史蒂夫	21	34	1	4	1	34	39	40	45	20	3167	21	19	7	0	12	|...|	3202034
#	2035	杀戮者大梅甘	21	44	1	4	1	44	19	31	29	24	3166	21	19	7	0	12	|...|	3202035
#	2036	种田小查尔斯	21	20	1	4	1	20	35	27	37	29	3165	21	19	7	0	12	|...|	3202036
#	2037	传播者的雨果	21	27	1	4	1	27	19	17	37	43	3164	21	19	7	0	12	|...|	3202037
#	2038	无相大乔治	21	26	1	4	1	26	43	45	23	44	3163	21	19	7	0	12	|...|	3202038
#	2039	非常劳伦特	21	30	1	4	1	30	27	18	23	32	3162	21	19	7	0	12	|...|	3202039
#	2040	从容大布兰登	21	38	1	4	1	38	17	42	31	30	3161	21	19	7	0	12	|...|	3202040
#	2041	孤独西蒙	21	42	1	4	1	42	39	40	24	26	3160	21	19	7	0	12	|...|	3202041
#	2042	青训小科林	21	21	1	4	1	21	45	34	18	26	3159	21	19	7	0	12	|...|	3202042
#	2043	无敌玛丽莲	21	28	1	4	1	28	44	42	45	38	3158	21	19	7	0	12	|...|	3202043
#	2044	全能大詹森	21	39	1	4	1	39	30	35	34	41	3157	21	19	7	0	12	|...|	3202044
#	2045	龅牙小泰德	21	23	1	4	1	23	31	40	42	19	3156	21	19	7	0	12	|...|	3202045
#	2046	失落的芒果	21	20	1	4	1	20	17	36	33	34	3155	21	19	7	0	12	|...|	3202046
#	2047	独裁者小格林顿	21	30	1	4	1	30	32	23	27	34	3154	21	19	7	0	12	|...|	3202047
#	2048	度假小汉克	21	30	1	4	1	30	34	44	35	42	3153	21	19	7	0	12	|...|	3202048
#	2049	励志小卡瑞达	21	43	1	4	1	43	21	31	39	45	3152	21	19	7	0	12	|...|	3202049
#	2050	非常贾斯汀	21	43	1	4	1	43	34	39	30	35	3151	21	19	7	0	12	|...|	3202050
#	2051	致命大弗兰克	21	33	1	4	1	33	38	19	17	28	3150	21	19	7	0	12	|...|	3202051
#	2052	仁义大格瑞丝	21	35	1	4	1	35	41	43	27	29	3149	21	19	7	0	12	|...|	3202052
#	2053	军中大马库斯	21	28	1	4	1	28	23	20	36	18	3148	21	19	7	0	12	|...|	3202053
#	2054	传播者小罗琳	21	17	1	4	1	17	21	36	23	30	3147	21	19	7	0	12	|...|	3202054
#	2055	重磅洛克	21	21	1	4	1	21	23	40	34	39	3146	21	19	7	0	12	|...|	3202055
#	2056	愤怒小珍妮特	21	26	1	4	1	26	42	39	40	31	3145	21	19	7	0	12	|...|	3202056
#	2057	圆梦小青春	21	31	1	4	1	31	40	33	20	18	3144	21	19	7	0	12	|...|	3202057
#	2058	影子的鲁宾逊	21	33	1	4	1	33	43	30	23	21	3143	21	19	7	0	12	|...|	3202058
#	2059	暴君大艾萨克	21	17	1	4	1	17	27	21	39	20	3142	21	19	7	0	12	|...|	3202059
#	2060	影子大李	21	43	1	4	1	43	20	36	33	34	3141	21	19	7	0	12	|...|	3202060
#	2061	遗憾加百利	21	37	1	4	1	37	31	36	43	17	3140	21	19	7	0	12	|...|	3202061
#	2062	理智的葡萄	21	39	1	4	1	39	28	24	17	21	3139	21	19	7	0	12	|...|	3202062
#	2063	南方椰子	21	19	1	4	1	19	28	44	34	27	3138	21	19	7	0	12	|...|	3202063
#	2064	抽风小马库斯	21	44	1	4	1	44	20	37	23	42	3137	21	19	7	0	12	|...|	3202064
#	2065	笑面小椰子	21	36	1	4	1	36	38	17	34	45	3136	21	19	7	0	12	|...|	3202065
#	2066	冰冷的钜子	21	41	1	4	1	41	35	26	28	38	3135	21	19	7	0	12	|...|	3202066
#	2067	代言的凯西	21	39	1	4	1	39	45	24	35	26	3134	21	19	7	0	12	|...|	3202067
#	2068	逝去卡门	21	31	1	4	1	31	21	20	35	28	3133	21	19	7	0	12	|...|	3202068
#	2069	弹簧梅甘	21	17	1	4	1	17	28	38	30	37	3132	21	19	7	0	12	|...|	3202069
#	2070	恋恋的乔纳森	21	37	1	4	1	37	39	19	33	20	3131	21	19	7	0	12	|...|	3202070
#	2071	圣贤大斯派克	21	44	1	4	1	44	29	34	27	33	3130	21	19	7	0	12	|...|	3202071
#	2072	化身小劳瑞	21	30	1	4	1	30	23	45	43	29	3129	21	19	7	0	12	|...|	3202072
#	2073	幽默大小米糕	21	26	1	4	1	26	24	21	41	36	3128	21	19	7	0	12	|...|	3202073
#	2074	吟游塞缪尔	21	21	1	4	1	21	36	43	18	26	3127	21	19	7	0	12	|...|	3202074
#	2075	悲情大史蒂文	21	26	1	4	1	26	31	38	28	35	3126	21	19	7	0	12	|...|	3202075
#	2076	重大掌柜	21	18	1	4	1	18	27	29	23	30	3125	21	19	7	0	12	|...|	3202076
#	2077	金发小史蒂夫	21	40	1	4	1	40	19	41	38	39	3124	21	19	7	0	12	|...|	3202077
#	2078	呆呆大柚子	21	40	1	4	1	40	43	41	34	27	3123	21	19	7	0	12	|...|	3202078
#	2079	重磅小梅甘	21	43	1	4	1	43	41	45	20	34	3122	21	19	7	0	12	|...|	3202079
#	2080	不破大露茜	21	37	1	4	1	37	21	33	39	20	3121	21	19	7	0	12	|...|	3202080
#	2081	文静大梅琳达	21	19	1	4	1	19	29	30	36	20	3120	21	19	7	0	12	|...|	3202081
#	2082	靠谱加比	21	32	1	4	1	32	37	23	40	20	3119	21	19	7	0	12	|...|	3202082
#	2083	呆呆斯宾塞	21	30	1	4	1	30	31	41	37	42	3118	21	19	7	0	12	|...|	3202083
#	2084	稳定的雷纳德	21	17	1	4	1	17	37	41	36	28	3117	21	19	7	0	12	|...|	3202084
#	2085	队草的肯尼迪	21	42	1	4	1	42	37	43	28	17	3116	21	19	7	0	12	|...|	3202085
#	2086	励志大卡罗琳	21	30	1	4	1	30	40	39	37	42	3115	21	19	7	0	12	|...|	3202086
#	2087	橡皮小彼得	21	23	1	4	1	23	26	44	39	38	3114	21	19	7	0	12	|...|	3202087
#	2088	神秘的唐纳德	21	35	1	4	1	35	41	39	37	24	3113	21	19	7	0	12	|...|	3202088
#	2089	执念的谷仓	21	23	1	4	1	23	43	41	36	19	3112	21	19	7	0	12	|...|	3202089
#	2090	唯一小莉莲	21	18	1	4	1	18	35	45	26	27	3111	21	19	7	0	12	|...|	3202090
#	2091	硬糖乔治	21	44	1	4	1	44	33	21	27	17	3110	21	19	7	0	12	|...|	3202091
#	2092	红色大安妮	21	24	1	4	1	24	30	38	41	18	3109	21	19	7	0	12	|...|	3202092
#	2093	孤独肖恩	21	35	1	4	1	35	41	19	34	39	3108	21	19	7	0	12	|...|	3202093
#	2094	出头小玛米	21	37	1	4	1	37	18	34	27	36	3107	21	19	7	0	12	|...|	3202094
#	2095	灌水小高原	21	34	1	4	1	34	18	44	32	42	3106	21	19	7	0	12	|...|	3202095
#	2096	低调小希拉里	21	35	1	4	1	35	23	32	42	41	3105	21	19	7	0	12	|...|	3202096
#	2097	卡尔	21	17	1	4	1	17	35	23	20	34	3104	21	19	7	0	12	|...|	3202097
#	2098	呆呆大罗兰	21	17	1	4	1	17	41	43	31	45	3103	21	19	7	0	12	|...|	3202098
#	2099	野蛮小爱伦	21	36	1	4	1	36	41	40	37	30	3102	21	19	7	0	12	|...|	3202099
#	2100	愤怒小贾斯汀	21	40	1	4	1	40	18	38	21	27	3101	21	19	7	0	12	|...|	3202100
#	2101	孤独的邦妮	21	37	1	4	1	37	31	27	23	28	3100	21	19	7	0	12	|...|	3202101
#	2102	不羁小阿曼达	21	40	1	4	1	40	36	31	20	24	3099	21	19	7	0	12	|...|	3202102
#	2103	圣光小哈利	21	21	1	4	1	21	28	23	44	31	3098	21	19	7	0	12	|...|	3202103
#	2104	理发希拉里	21	30	1	4	1	30	31	33	18	40	3097	21	19	7	0	12	|...|	3202104
#	2105	暴君詹妮弗	21	30	1	4	1	30	39	20	27	37	3096	21	19	7	0	12	|...|	3202105
#	2106	独裁者的琼	21	36	1	4	1	36	41	32	30	42	3095	21	19	7	0	12	|...|	3202106
#	2107	忧郁的安娜	21	17	1	4	1	17	37	18	36	21	3094	21	19	7	0	12	|...|	3202107
#	2108	星月切莉	21	17	1	4	1	17	40	29	26	41	3093	21	19	7	0	12	|...|	3202108
#	2109	希望的欧文	21	19	1	4	1	19	43	26	28	29	3092	21	19	7	0	12	|...|	3202109
#	2110	不羁小朱蒂	21	35	1	4	1	35	26	17	34	36	3091	21	19	7	0	12	|...|	3202110
#	2111	随行小卡蒂	21	41	1	4	1	41	40	23	26	39	3090	21	19	7	0	12	|...|	3202111
#	2112	关键大伊妮德	21	38	1	4	1	38	27	32	26	45	3089	21	19	7	0	12	|...|	3202112
#	2113	温柔大莉莲	21	43	1	4	1	43	29	37	35	34	3088	21	19	7	0	12	|...|	3202113
#	2114	审结小凯莉	21	39	1	4	1	39	24	34	36	27	3087	21	19	7	0	12	|...|	3202114
#	2115	帐下弗里达	21	29	1	4	1	29	27	35	38	34	3086	21	19	7	0	12	|...|	3202115
#	2116	袖珍的斯宾塞	21	31	1	4	1	31	27	29	35	21	3085	21	19	7	0	12	|...|	3202116
#	2117	忽悠小爱伦	21	42	1	4	1	42	18	32	21	35	3084	21	19	7	0	12	|...|	3202117
#	2118	不攻小李	21	24	1	4	1	24	19	29	34	20	3083	21	19	7	0	12	|...|	3202118
#	2119	绝世大海	21	30	1	4	1	30	39	32	43	37	3082	21	19	7	0	12	|...|	3202119
#	2120	当红珍妮特	21	29	1	4	1	29	40	27	43	34	3081	21	19	7	0	12	|...|	3202120
#	2121	失落小大卫	21	30	1	4	1	30	29	28	36	17	3080	21	19	7	0	12	|...|	3202121
#	2122	优雅谷仓	21	32	1	4	1	32	37	44	34	35	3079	21	19	7	0	12	|...|	3202122
#	2123	耍帅小黛博拉	21	24	1	4	1	24	41	29	43	26	3078	21	19	7	0	12	|...|	3202123
#	2124	青训大多拉	21	26	1	4	1	26	43	21	24	28	3077	21	19	7	0	12	|...|	3202124
#	2125	抽风伊夫林	21	40	1	4	1	40	39	36	35	23	3076	21	19	7	0	12	|...|	3202125
#	2126	忘情小切莉	21	33	1	4	1	33	44	28	24	35	3075	21	19	7	0	12	|...|	3202126
#	2127	骗经小阿尔瓦	21	34	1	4	1	34	26	37	32	45	3074	21	19	7	0	12	|...|	3202127
#	2128	迟到艾基尔略特	21	18	1	4	1	18	34	33	20	28	3073	21	19	7	0	12	|...|	3202128
#	2129	娃面的夏洛特	21	38	1	4	1	38	28	20	24	41	3072	21	19	7	0	12	|...|	3202129
#	2130	遗憾结衣	21	31	1	4	1	31	18	37	43	20	3071	21	19	7	0	12	|...|	3202130
#	2131	守望小小二	21	30	1	4	1	30	38	34	19	17	3070	21	19	7	0	12	|...|	3202131
#	2132	慈爱的莫琳	21	39	1	4	1	39	44	20	32	19	3069	21	19	7	0	12	|...|	3202132
#	2133	神秘小凯斯	21	34	1	4	1	34	43	32	26	40	3068	21	19	7	0	12	|...|	3202133
#	2134	夜空大阿维娃	21	28	1	4	1	28	26	18	29	17	3067	21	19	7	0	12	|...|	3202134
#	2135	落泪肯	21	26	1	4	1	26	18	28	30	31	3066	21	19	7	0	12	|...|	3202135
#	2136	梦游大橄榄	21	37	1	4	1	37	26	27	24	20	3065	21	19	7	0	12	|...|	3202136
#	2137	追风的斯考特	21	35	1	4	1	35	41	24	19	17	3064	21	19	7	0	12	|...|	3202137
#	2138	冰封梅	21	40	1	4	1	40	45	19	33	31	3063	21	19	7	0	12	|...|	3202138
#	2139	热血大卢克	21	18	1	4	1	18	40	41	26	43	3062	21	19	7	0	12	|...|	3202139
#	2140	潜水罗兰	21	39	1	4	1	39	40	19	29	36	3061	21	19	7	0	12	|...|	3202140
#	2141	奔跑的丽莎	21	32	1	4	1	32	24	30	21	17	3060	21	19	7	0	12	|...|	3202141
#	2142	终极杰瑞	21	31	1	4	1	31	37	18	36	44	3059	21	19	7	0	12	|...|	3202142
#	2143	橡皮的伊迪丝	21	24	1	4	1	24	35	38	41	39	3058	21	19	7	0	12	|...|	3202143
#	2144	急速小斯考特	21	39	1	4	1	39	35	18	24	40	3057	21	19	7	0	12	|...|	3202144
#	2145	悟透小劳伦斯	21	17	1	4	1	17	21	19	24	23	3056	21	19	7	0	12	|...|	3202145
#	2146	度假大雪莉尔	21	30	1	4	1	30	23	32	42	29	3055	21	19	7	0	12	|...|	3202146
#	2147	非凡大罗琳	21	32	1	4	1	32	24	18	44	41	3054	21	19	7	0	12	|...|	3202147
#	2148	走神小玉	21	39	1	4	1	39	38	20	42	21	3053	21	19	7	0	12	|...|	3202148
#	2149	灌水大露西娅	21	17	1	4	1	17	41	21	45	35	3052	21	19	7	0	12	|...|	3202149
#	2150	种田大史蒂夫	21	23	1	4	1	23	42	24	37	39	3051	21	19	7	0	12	|...|	3202150
#	2151	出头大罗兰	21	31	1	4	1	31	43	36	18	24	3050	21	19	7	0	12	|...|	3202151
#	2152	北欧大艾琳娜	21	42	1	4	1	42	19	20	18	30	3049	21	19	7	0	12	|...|	3202152
#	2153	军中路易莎	21	32	1	4	1	32	40	35	29	20	3048	21	19	7	0	12	|...|	3202153
#	2154	仲裁的德里克	21	36	1	4	1	36	24	31	30	35	3047	21	19	7	0	12	|...|	3202154
#	2155	演技安琪	21	19	1	4	1	19	17	38	44	28	3046	21	19	7	0	12	|...|	3202155
#	2156	肥的莉莉	21	23	1	4	1	23	24	31	17	20	3045	21	19	7	0	12	|...|	3202156
#	2157	不迫小鲁宾逊	21	23	1	4	1	23	36	30	28	33	3044	21	19	7	0	12	|...|	3202157
#	2158	傲娇斯宾塞	21	33	1	4	1	33	40	32	27	19	3043	21	19	7	0	12	|...|	3202158
#	2159	红色的托德	21	27	1	4	1	27	20	24	34	42	3042	21	19	7	0	12	|...|	3202159
#	2160	戴夫	21	42	1	4	1	42	20	41	39	36	3041	21	19	7	0	12	|...|	3202160
#	2161	哭泣柚子	21	42	1	4	1	42	36	28	39	40	3040	21	19	7	0	12	|...|	3202161
#	2162	百式的达尔文	21	20	1	4	1	20	24	26	23	33	3039	21	19	7	0	12	|...|	3202162
#	2163	优雅安	21	32	1	4	1	32	26	44	38	39	3038	21	19	7	0	12	|...|	3202163
#	2164	做梦的贾斯汀	21	29	1	4	1	29	26	39	33	34	3037	21	19	7	0	12	|...|	3202164
#	2165	传播者小布鲁斯	21	37	1	4	1	37	26	28	31	30	3036	21	19	7	0	12	|...|	3202165
#	2166	棉花糖禅	21	17	1	4	1	17	29	39	34	37	3035	21	19	7	0	12	|...|	3202166
#	2167	不屈杰克	21	31	1	4	1	31	20	38	21	30	3034	21	19	7	0	12	|...|	3202167
#	2168	风流大凯斯	21	20	1	4	1	20	24	32	30	34	3033	21	19	7	0	12	|...|	3202168
#	2169	霹雳的露茜	21	34	1	4	1	34	21	29	36	19	3032	21	19	7	0	12	|...|	3202169
#	2170	忧郁的本	21	29	1	4	1	29	27	31	39	21	3031	21	19	7	0	12	|...|	3202170
#	2171	野蛮的诺亚	21	17	1	4	1	17	30	44	41	38	3030	21	19	7	0	12	|...|	3202171
#	2172	代言大诺曼	21	31	1	4	1	31	33	24	21	32	3029	21	19	7	0	12	|...|	3202172
#	2173	致命小芬妮	21	34	1	4	1	34	45	42	18	28	3028	21	19	7	0	12	|...|	3202173
#	2174	面具大迪伦	21	34	1	4	1	34	32	45	19	44	3027	21	19	7	0	12	|...|	3202174
#	2175	温暖托尼	21	38	1	4	1	38	34	37	19	41	3026	21	19	7	0	12	|...|	3202175
#	2176	升华小弗里达	21	17	1	4	1	17	35	45	37	27	3025	21	19	7	0	12	|...|	3202176
#	2177	深沉的唐纳德	21	18	1	4	1	18	38	24	36	21	3024	21	19	7	0	12	|...|	3202177
#	2178	无妄亚当	21	28	1	4	1	28	36	38	20	29	3023	21	19	7	0	12	|...|	3202178
#	2179	乱战伊甸园	21	36	1	4	1	36	30	20	29	35	3022	21	19	7	0	12	|...|	3202179
#	2180	追风诺曼	21	41	1	4	1	41	34	33	37	32	3021	21	19	7	0	12	|...|	3202180
#	2181	梦幻卡梅伦	21	40	1	4	1	40	23	44	18	27	3020	21	19	7	0	12	|...|	3202181
#	2182	希望小菲奥纳	21	27	1	4	1	27	43	30	31	29	3019	21	19	7	0	12	|...|	3202182
#	2183	袖珍杰西	21	28	1	4	1	28	33	21	26	44	3018	21	19	7	0	12	|...|	3202183
#	2184	萌萌的彼得	21	27	1	4	1	27	36	42	39	31	3017	21	19	7	0	12	|...|	3202184
#	2185	无声大雅各布	21	18	1	4	1	18	26	41	40	45	3016	21	19	7	0	12	|...|	3202185
#	2186	南方小西瓜	21	45	1	4	1	45	43	42	37	31	3015	21	19	7	0	12	|...|	3202186
#	2187	死忠的赫柏	21	18	1	4	1	18	24	37	31	23	3014	21	19	7	0	12	|...|	3202187
#	2188	冷面大布莱克	21	28	1	4	1	28	42	39	34	37	3013	21	19	7	0	12	|...|	3202188
#	2189	伤感的朱迪丝	21	45	1	4	1	45	34	18	37	17	3012	21	19	7	0	12	|...|	3202189
#	2190	乱世大卡梅伦	21	19	1	4	1	19	34	28	17	37	3011	21	19	7	0	12	|...|	3202190
#	2191	抽风丽莎	21	34	1	4	1	34	27	19	37	42	3010	21	19	7	0	12	|...|	3202191
#	2192	绝世的艾德琳	21	20	1	4	1	20	41	17	35	44	3009	21	19	7	0	12	|...|	3202192
#	2193	上进小安德鲁	21	33	1	4	1	33	41	42	30	34	3008	21	19	7	0	12	|...|	3202193
#	2194	公正艾德琳	21	35	1	4	1	35	23	38	45	32	3007	21	19	7	0	12	|...|	3202194
#	2195	独眼小所罗门	21	23	1	4	1	23	41	30	45	36	3006	21	19	7	0	12	|...|	3202195
#	2196	不羁小黛博拉	21	27	1	4	1	27	40	35	38	24	3005	21	19	7	0	12	|...|	3202196
#	2197	白发电灯泡	21	27	1	4	1	27	39	41	26	40	3004	21	19	7	0	12	|...|	3202197
#	2198	冷血罗纳德	21	41	1	4	1	41	24	28	17	19	3003	21	19	7	0	12	|...|	3202198
#	2199	稳定小莱斯利	21	17	1	4	1	17	32	23	43	42	3002	21	19	7	0	12	|...|	3202199
#	2200	弹簧戴茜	21	27	1	4	1	27	43	33	42	19	3001	21	19	7	0	12	|...|	3202200
#	2201	随行的希尔顿	20	35	1	4	0	35	42	18	27	17	3000	20	18	6	0	11	|...|	3202201
#	2202	重的吉莉安	20	35	1	4	0	35	19	30	23	31	2999	20	18	6	0	11	|...|	3202202
#	2203	金色的雷克斯	20	36	1	4	0	36	40	26	33	28	2998	20	18	6	0	11	|...|	3202203
#	2204	理智的凯瑟琳	20	19	1	4	0	19	34	26	27	44	2997	20	18	6	0	11	|...|	3202204
#	2205	凝固的杏仁	20	19	1	4	0	19	41	34	33	26	2996	20	18	6	0	11	|...|	3202205
#	2206	做梦小亨利	20	36	1	4	0	36	28	35	17	39	2995	20	18	6	0	11	|...|	3202206
#	2207	多面的格瑞塔	20	24	1	4	0	24	39	35	23	34	2994	20	18	6	0	11	|...|	3202207
#	2208	秃头小梅米	20	19	1	4	0	19	37	41	27	23	2993	20	18	6	0	11	|...|	3202208
#	2209	冷面大布兰奇	20	35	1	4	0	35	29	40	24	18	2992	20	18	6	0	11	|...|	3202209
#	2210	夜空大艾莉	20	38	1	4	0	38	21	26	39	35	2991	20	18	6	0	11	|...|	3202210
#	2211	理发大菲奥纳	20	17	1	4	0	17	40	42	20	36	2990	20	18	6	0	11	|...|	3202211
#	2212	硬糖小蕾西	20	35	1	4	0	35	40	43	42	38	2989	20	18	6	0	11	|...|	3202212
#	2213	肥大布鲁斯	20	20	1	4	0	20	27	32	17	19	2988	20	18	6	0	11	|...|	3202213
#	2214	帐下的斯帕克	20	43	1	4	0	43	28	30	23	36	2987	20	18	6	0	11	|...|	3202214
#	2215	乱世大欧文	20	45	1	4	0	45	24	44	23	18	2986	20	18	6	0	11	|...|	3202215
#	2216	非常夏洛特	20	26	1	4	0	26	21	35	38	33	2985	20	18	6	0	11	|...|	3202216
#	2217	笑面大科拉	20	27	1	4	0	27	45	21	41	28	2984	20	18	6	0	11	|...|	3202217
#	2218	全能的水蜜桃	20	27	1	4	0	27	18	31	43	34	2983	20	18	6	0	11	|...|	3202218
#	2219	暴走的福特	20	38	1	4	0	38	29	34	31	37	2982	20	18	6	0	11	|...|	3202219
#	2220	稳定琳赛	20	43	1	4	0	43	17	27	45	38	2981	20	18	6	0	11	|...|	3202220
#	2221	不迫托德	20	40	1	4	0	40	36	18	27	43	2980	20	18	6	0	11	|...|	3202221
#	2222	散步小安尼塔	20	44	1	4	0	44	39	42	29	24	2979	20	18	6	0	11	|...|	3202222
#	2223	回首的琳达	20	40	1	4	0	40	23	28	34	21	2978	20	18	6	0	11	|...|	3202223
#	2224	丑陋小卡尔	20	19	1	4	0	19	21	26	18	36	2977	20	18	6	0	11	|...|	3202224
#	2225	灌水艾伦	20	41	1	4	0	41	32	17	26	40	2976	20	18	6	0	11	|...|	3202225
#	2226	制霸罗杰	20	24	1	4	0	24	18	34	42	30	2975	20	18	6	0	11	|...|	3202226
#	2227	暴走大马文	20	31	1	4	0	31	34	29	30	37	2974	20	18	6	0	11	|...|	3202227
#	2228	白天的桃花源	20	27	1	4	0	27	29	42	44	34	2973	20	18	6	0	11	|...|	3202228
#	2229	未来大伊迪萨	20	36	1	4	0	36	32	43	23	30	2972	20	18	6	0	11	|...|	3202229
#	2230	金发的雄鹰	20	40	1	4	0	40	43	39	35	45	2971	20	18	6	0	11	|...|	3202230
#	2231	陨落的卡梅伦	20	26	1	4	0	26	43	33	23	21	2970	20	18	6	0	11	|...|	3202231
#	2232	不破的吉娜	20	19	1	4	0	19	38	40	18	28	2969	20	18	6	0	11	|...|	3202232
#	2233	风流的安德鲁	20	21	1	4	0	21	43	35	31	45	2968	20	18	6	0	11	|...|	3202233
#	2234	疗养的本	20	26	1	4	0	26	24	32	38	30	2967	20	18	6	0	11	|...|	3202234
#	2235	热血小米莉	20	40	1	4	0	40	23	36	37	33	2966	20	18	6	0	11	|...|	3202235
#	2236	奇妙范	20	43	1	4	0	43	26	35	23	42	2965	20	18	6	0	11	|...|	3202236
#	2237	无声大萨姆	20	43	1	4	0	43	28	19	39	35	2964	20	18	6	0	11	|...|	3202237
#	2238	逗比波仔	20	29	1	4	0	29	21	37	20	40	2963	20	18	6	0	11	|...|	3202238
#	2239	叛逆小科兹莫	20	19	1	4	0	19	43	20	26	35	2962	20	18	6	0	11	|...|	3202239
#	2240	演技小欧文	20	33	1	4	0	33	35	42	38	39	2961	20	18	6	0	11	|...|	3202240
#	2241	阳光肖恩	20	36	1	4	0	36	44	31	19	27	2960	20	18	6	0	11	|...|	3202241
#	2242	死忠大梅琳达	20	29	1	4	0	29	17	39	26	32	2959	20	18	6	0	11	|...|	3202242
#	2243	骗经大露西娅	20	39	1	4	0	39	38	33	28	26	2958	20	18	6	0	11	|...|	3202243
#	2244	无间的汉克	20	39	1	4	0	39	17	20	18	35	2957	20	18	6	0	11	|...|	3202244
#	2245	嗜血大杰西	20	29	1	4	0	29	34	31	24	37	2956	20	18	6	0	11	|...|	3202245
#	2246	升华卡瑞达	20	44	1	4	0	44	36	20	45	34	2955	20	18	6	0	11	|...|	3202246
#	2247	阔绰小所罗门	20	44	1	4	0	44	26	39	42	31	2954	20	18	6	0	11	|...|	3202247
#	2248	神之手的乔伊	20	38	1	4	0	38	42	40	24	21	2953	20	18	6	0	11	|...|	3202248
#	2249	冷静小詹米	20	38	1	4	0	38	17	19	37	33	2952	20	18	6	0	11	|...|	3202249
#	2250	队草的埃迪	20	38	1	4	0	38	21	17	40	27	2951	20	18	6	0	11	|...|	3202250
#	2251	唯一埃德加	20	44	1	4	0	44	19	24	23	37	2950	20	18	6	0	11	|...|	3202251
#	2252	执念的列得	20	19	1	4	0	19	39	35	30	18	2949	20	18	6	0	11	|...|	3202252
#	2253	代言大西德尼	20	27	1	4	0	27	40	32	23	45	2948	20	18	6	0	11	|...|	3202253
#	2254	特训的安伯	20	38	1	4	0	38	26	32	39	42	2947	20	18	6	0	11	|...|	3202254
#	2255	完美的科迪	20	36	1	4	0	36	19	40	28	35	2946	20	18	6	0	11	|...|	3202255
#	2256	十方的汉娜	20	29	1	4	0	29	42	31	34	44	2945	20	18	6	0	11	|...|	3202256
#	2257	幽灵小布莱克	20	20	1	4	0	20	26	34	40	37	2944	20	18	6	0	11	|...|	3202257
#	2258	恋恋大莫琳	20	24	1	4	0	24	23	19	36	21	2943	20	18	6	0	11	|...|	3202258
#	2259	绿色的安伯	20	24	1	4	0	24	30	38	19	32	2942	20	18	6	0	11	|...|	3202259
#	2260	非常安尼塔	20	33	1	4	0	33	39	26	35	34	2941	20	18	6	0	11	|...|	3202260
#	2261	出头大艾伦	20	39	1	4	0	39	21	28	29	30	2940	20	18	6	0	11	|...|	3202261
#	2262	回归小约书亚	20	44	1	4	0	44	45	37	18	36	2939	20	18	6	0	11	|...|	3202262
#	2263	大黛博拉	20	28	1	4	0	28	34	37	41	44	2938	20	18	6	0	11	|...|	3202263
#	2264	雷霆埃莉卡	20	17	1	4	0	17	31	40	19	33	2937	20	18	6	0	11	|...|	3202264
#	2265	萌萌小戴茜	20	41	1	4	0	41	36	27	37	30	2936	20	18	6	0	11	|...|	3202265
#	2266	西部小马克斯	20	39	1	4	0	39	35	18	37	26	2935	20	18	6	0	11	|...|	3202266
#	2267	上进大沙琳	20	17	1	4	0	17	32	29	28	34	2934	20	18	6	0	11	|...|	3202267
#	2268	理发大道	20	34	1	4	0	34	21	31	28	37	2933	20	18	6	0	11	|...|	3202268
#	2269	懒散的朱迪丝	20	20	1	4	0	20	39	30	32	18	2932	20	18	6	0	11	|...|	3202269
#	2270	无妄小本	20	26	1	4	0	26	31	45	19	17	2931	20	18	6	0	11	|...|	3202270
#	2271	乱战大琼	20	44	1	4	0	44	36	18	35	40	2930	20	18	6	0	11	|...|	3202271
#	2272	恐怖朱迪丝	20	27	1	4	0	27	38	44	29	20	2929	20	18	6	0	11	|...|	3202272
#	2273	天生的莱斯利	20	38	1	4	0	38	19	28	29	42	2928	20	18	6	0	11	|...|	3202273
#	2274	致命小哈帝	20	17	1	4	0	17	26	29	38	21	2927	20	18	6	0	11	|...|	3202274
#	2275	复出小乔治	20	45	1	4	0	45	18	33	31	20	2926	20	18	6	0	11	|...|	3202275
#	2276	回归小多拉	20	38	1	4	0	38	30	31	39	28	2925	20	18	6	0	11	|...|	3202276
#	2277	挥手爱丝特	20	44	1	4	0	44	38	30	32	23	2924	20	18	6	0	11	|...|	3202277
#	2278	蓝眼贝拉	20	21	1	4	0	21	19	43	44	34	2923	20	18	6	0	11	|...|	3202278
#	2279	奔跑的斯派克	20	23	1	4	0	23	20	34	39	33	2922	20	18	6	0	11	|...|	3202279
#	2280	重磅大水饺	20	32	1	4	0	32	33	42	44	29	2921	20	18	6	0	11	|...|	3202280
#	2281	橡皮的埃拉	20	45	1	4	0	45	33	21	20	35	2920	20	18	6	0	11	|...|	3202281
#	2282	圆梦小卢克	20	23	1	4	0	23	40	36	20	39	2919	20	18	6	0	11	|...|	3202282
#	2283	迟到马丁	20	42	1	4	0	42	29	28	17	40	2918	20	18	6	0	11	|...|	3202283
#	2284	肥艾琳娜	20	33	1	4	0	33	20	23	42	45	2917	20	18	6	0	11	|...|	3202284
#	2285	残剑马驹	20	19	1	4	0	19	37	33	43	45	2916	20	18	6	0	11	|...|	3202285
#	2286	伤感的迈克尔	20	27	1	4	0	27	23	31	36	39	2915	20	18	6	0	11	|...|	3202286
#	2287	复出小路易斯	20	23	1	4	0	23	43	17	42	32	2914	20	18	6	0	11	|...|	3202287
#	2288	忧郁大桃瑞丝	20	26	1	4	0	26	33	36	32	21	2913	20	18	6	0	11	|...|	3202288
#	2289	无相大掌柜	20	18	1	4	0	18	33	43	38	28	2912	20	18	6	0	11	|...|	3202289
#	2290	全速的莰蒂丝	20	20	1	4	0	20	43	39	24	32	2911	20	18	6	0	11	|...|	3202290
#	2291	死忠的乔尼	20	39	1	4	0	39	28	27	38	34	2910	20	18	6	0	11	|...|	3202291
#	2292	光头大姬尔	20	36	1	4	0	36	30	24	39	45	2909	20	18	6	0	11	|...|	3202292
#	2293	神之手大螺丝钉	20	17	1	4	0	17	39	34	40	20	2908	20	18	6	0	11	|...|	3202293
#	2294	上进提姆	20	26	1	4	0	26	37	36	21	31	2907	20	18	6	0	11	|...|	3202294
#	2295	硬糖小埃莉卡	20	19	1	4	0	19	41	39	43	33	2906	20	18	6	0	11	|...|	3202295
#	2296	冰冷大梅米	20	27	1	4	0	27	23	20	29	34	2905	20	18	6	0	11	|...|	3202296
#	2297	温柔小道	20	20	1	4	0	20	34	36	19	30	2904	20	18	6	0	11	|...|	3202297
#	2298	不迫切尔西	20	37	1	4	0	37	41	42	18	27	2903	20	18	6	0	11	|...|	3202298
#	2299	矜持的加里	20	28	1	4	0	28	24	27	42	26	2902	20	18	6	0	11	|...|	3202299
#	2300	吴钩小椰子	20	33	1	4	0	33	29	28	23	43	2901	20	18	6	0	11	|...|	3202300
#	2301	仲裁小海蒂	20	17	1	4	0	17	24	31	44	26	2900	20	18	6	0	11	|...|	3202301
#	2302	火爆大埃里克	20	31	1	4	0	31	40	19	29	27	2899	20	18	6	0	11	|...|	3202302
#	2303	矜持的乔纳森	20	40	1	4	0	40	34	38	31	21	2898	20	18	6	0	11	|...|	3202303
#	2304	圣大安吉拉	20	23	1	4	0	23	43	41	40	32	2897	20	18	6	0	11	|...|	3202304
#	2305	腹黑小斯考特	20	37	1	4	0	37	42	39	29	24	2896	20	18	6	0	11	|...|	3202305
#	2306	助威小伊芙	20	30	1	4	0	30	41	45	44	17	2895	20	18	6	0	11	|...|	3202306
#	2307	雷霆大卡瑞娜	20	28	1	4	0	28	32	24	27	42	2894	20	18	6	0	11	|...|	3202307
#	2308	鹰眼艾丽莎	20	41	1	4	0	41	26	33	39	45	2893	20	18	6	0	11	|...|	3202308
#	2309	登顶的迪伦	20	36	1	4	0	36	19	27	39	18	2892	20	18	6	0	11	|...|	3202309
#	2310	霹雳露露	20	36	1	4	0	36	21	38	17	32	2891	20	18	6	0	11	|...|	3202310
#	2311	天空的杰伊	20	32	1	4	0	32	33	45	36	34	2890	20	18	6	0	11	|...|	3202311
#	2312	激情维克多	20	24	1	4	0	24	27	34	19	39	2889	20	18	6	0	11	|...|	3202312
#	2313	死忠弗恩	20	36	1	4	0	36	21	18	26	24	2888	20	18	6	0	11	|...|	3202313
#	2314	天空大沃伦	20	18	1	4	0	18	34	28	26	37	2887	20	18	6	0	11	|...|	3202314
#	2315	爱小杰弗里	20	17	1	4	0	17	32	26	21	30	2886	20	18	6	0	11	|...|	3202315
#	2316	神锋大劳拉	20	18	1	4	0	18	36	33	28	20	2885	20	18	6	0	11	|...|	3202316
#	2317	独裁者本杰明	20	17	1	4	0	17	42	20	36	38	2884	20	18	6	0	11	|...|	3202317
#	2318	幽默大吉姆	20	24	1	4	0	24	34	19	28	39	2883	20	18	6	0	11	|...|	3202318
#	2319	造点小罗兰	20	44	1	4	0	44	33	39	37	19	2882	20	18	6	0	11	|...|	3202319
#	2320	神秘简	20	29	1	4	0	29	34	33	43	18	2881	20	18	6	0	11	|...|	3202320
#	2321	救世小番茄	20	26	1	4	0	26	31	21	30	19	2880	20	18	6	0	11	|...|	3202321
#	2322	吟游的吉娜	20	28	1	4	0	28	33	27	43	24	2879	20	18	6	0	11	|...|	3202322
#	2323	回首大芒果	20	31	1	4	0	31	41	23	28	27	2878	20	18	6	0	11	|...|	3202323
#	2324	无声小黛安娜	20	38	1	4	0	38	27	18	37	33	2877	20	18	6	0	11	|...|	3202324
#	2325	鹰眼小雷	20	24	1	4	0	24	30	21	28	44	2876	20	18	6	0	11	|...|	3202325
#	2326	忽悠的所罗门	20	31	1	4	0	31	23	45	42	43	2875	20	18	6	0	11	|...|	3202326
#	2327	清纯大米迦勒	20	26	1	4	0	26	33	43	40	45	2874	20	18	6	0	11	|...|	3202327
#	2328	不羁海蒂	20	38	1	4	0	38	34	24	27	43	2873	20	18	6	0	11	|...|	3202328
#	2329	忧郁莫琳	20	43	1	4	0	43	21	23	33	27	2872	20	18	6	0	11	|...|	3202329
#	2330	浮夸小杰伊	20	43	1	4	0	43	23	26	24	32	2871	20	18	6	0	11	|...|	3202330
#	2331	厕所王睿爷	20	41	1	4	0	41	28	36	19	35	2870	20	18	6	0	11	|...|	3202331
#	2332	凝固亚伦	20	37	1	4	0	37	45	24	20	35	2869	20	18	6	0	11	|...|	3202332
#	2333	挥手小科林	20	45	1	4	0	45	19	20	31	42	2868	20	18	6	0	11	|...|	3202333
#	2334	重磅的琼	20	31	1	4	0	31	33	38	40	42	2867	20	18	6	0	11	|...|	3202334
#	2335	火爆小丹尼	20	20	1	4	0	20	32	45	42	38	2866	20	18	6	0	11	|...|	3202335
#	2336	独裁者斯帕克	20	27	1	4	0	27	19	29	30	31	2865	20	18	6	0	11	|...|	3202336
#	2337	牛皮糖小哈帝	20	23	1	4	0	23	19	36	21	27	2864	20	18	6	0	11	|...|	3202337
#	2338	遗忘加里	20	20	1	4	0	20	33	36	32	44	2863	20	18	6	0	11	|...|	3202338
#	2339	伤感小凯西	20	28	1	4	0	28	34	39	21	42	2862	20	18	6	0	11	|...|	3202339
#	2340	助攻小米兰达	20	17	1	4	0	17	19	40	33	38	2861	20	18	6	0	11	|...|	3202340
#	2341	全能大约瑟芬	20	18	1	4	0	18	39	44	19	23	2860	20	18	6	0	11	|...|	3202341
#	2342	励志小杜克	20	36	1	4	0	36	20	45	32	43	2859	20	18	6	0	11	|...|	3202342
#	2343	抽风小林恩	20	26	1	4	0	26	27	36	31	45	2858	20	18	6	0	11	|...|	3202343
#	2344	出头小拉里	20	18	1	4	0	18	42	35	30	31	2857	20	18	6	0	11	|...|	3202344
#	2345	刻章大达尔文	20	41	1	4	0	41	31	44	43	36	2856	20	18	6	0	11	|...|	3202345
#	2346	难舍掌柜	20	36	1	4	0	36	32	21	30	19	2855	20	18	6	0	11	|...|	3202346
#	2347	慈爱大汉娜	20	19	1	4	0	19	40	37	21	33	2854	20	18	6	0	11	|...|	3202347
#	2348	天生亚瑟	20	42	1	4	0	42	31	17	28	35	2853	20	18	6	0	11	|...|	3202348
#	2349	慈爱大米莉	20	37	1	4	0	37	32	40	34	17	2852	20	18	6	0	11	|...|	3202349
#	2350	招牌大青春	20	21	1	4	0	21	42	41	33	44	2851	20	18	6	0	11	|...|	3202350
#	2351	优雅小罗伊	20	38	1	4	0	38	26	24	17	36	2850	20	18	6	0	11	|...|	3202351
#	2352	带刀艾丽莎	20	21	1	4	0	21	33	24	34	20	2849	20	18	6	0	11	|...|	3202352
#	2353	凝固凯尔	20	36	1	4	0	36	29	31	21	42	2848	20	18	6	0	11	|...|	3202353
#	2354	重的芒果	20	35	1	4	0	35	30	45	42	27	2847	20	18	6	0	11	|...|	3202354
#	2355	秘密尤杜拉	20	28	1	4	0	28	26	42	41	34	2846	20	18	6	0	11	|...|	3202355
#	2356	吟游的乔丹	20	36	1	4	0	36	41	40	30	21	2845	20	18	6	0	11	|...|	3202356
#	2357	独裁者小哈利	20	32	1	4	0	32	29	28	45	26	2844	20	18	6	0	11	|...|	3202357
#	2358	出局小唐纳德	20	39	1	4	0	39	30	29	24	32	2843	20	18	6	0	11	|...|	3202358
#	2359	办证大肖恩	20	35	1	4	0	35	45	24	28	36	2842	20	18	6	0	11	|...|	3202359
#	2360	骄傲的朱莉	20	28	1	4	0	28	18	27	35	45	2841	20	18	6	0	11	|...|	3202360
#	2361	光速大海莉	20	42	1	4	0	42	24	20	44	43	2840	20	18	6	0	11	|...|	3202361
#	2362	巅峰小丹尼	20	37	1	4	0	37	31	17	30	19	2839	20	18	6	0	11	|...|	3202362
#	2363	糊涂艾丽莎	20	30	1	4	0	30	42	17	23	35	2838	20	18	6	0	11	|...|	3202363
#	2364	遗忘小肖恩	20	42	1	4	0	42	35	44	34	40	2837	20	18	6	0	11	|...|	3202364
#	2365	呆呆的马修	20	31	1	4	0	31	24	19	26	37	2836	20	18	6	0	11	|...|	3202365
#	2366	奇妙科兹莫	20	24	1	4	0	24	30	42	43	41	2835	20	18	6	0	11	|...|	3202366
#	2367	优雅小托德	20	34	1	4	0	34	30	36	45	28	2834	20	18	6	0	11	|...|	3202367
#	2368	杀戮者的菲奥纳	20	38	1	4	0	38	17	24	40	45	2833	20	18	6	0	11	|...|	3202368
#	2369	大帝谷仓	20	44	1	4	0	44	42	18	24	29	2832	20	18	6	0	11	|...|	3202369
#	2370	走神小福特	20	44	1	4	0	44	34	36	28	40	2831	20	18	6	0	11	|...|	3202370
#	2371	羞羞大艾琳娜	20	23	1	4	0	23	27	38	34	29	2830	20	18	6	0	11	|...|	3202371
#	2372	三生小达芙妮	20	34	1	4	0	34	45	17	35	27	2829	20	18	6	0	11	|...|	3202372
#	2373	魔幻贝亚特	20	36	1	4	0	36	35	28	41	24	2828	20	18	6	0	11	|...|	3202373
#	2374	光头的埃尔莎	20	41	1	4	0	41	44	35	30	39	2827	20	18	6	0	11	|...|	3202374
#	2375	神奇大戴茜	20	42	1	4	0	42	39	28	45	26	2826	20	18	6	0	11	|...|	3202375
#	2376	不迫大弗农	20	29	1	4	0	29	33	17	39	44	2825	20	18	6	0	11	|...|	3202376
#	2377	遗憾萨米	20	27	1	4	0	27	44	31	32	35	2824	20	18	6	0	11	|...|	3202377
#	2378	圣贤诺曼	20	45	1	4	0	45	31	27	19	24	2823	20	18	6	0	11	|...|	3202378
#	2379	执念托德	20	18	1	4	0	18	38	34	40	32	2822	20	18	6	0	11	|...|	3202379
#	2380	金发詹姆士	20	24	1	4	0	24	37	40	45	36	2821	20	18	6	0	11	|...|	3202380
#	2381	灌水大贝斯	20	21	1	4	0	21	35	41	26	43	2820	20	18	6	0	11	|...|	3202381
#	2382	零式小卡瑞达	20	33	1	4	0	33	43	28	27	36	2819	20	18	6	0	11	|...|	3202382
#	2383	出局大丽莎	20	30	1	4	0	30	33	38	35	17	2818	20	18	6	0	11	|...|	3202383
#	2384	死神的姬尔	20	27	1	4	0	27	17	26	39	31	2817	20	18	6	0	11	|...|	3202384
#	2385	迟到小伯特	20	43	1	4	0	43	30	42	31	21	2816	20	18	6	0	11	|...|	3202385
#	2386	回归德里克	20	43	1	4	0	43	39	44	34	33	2815	20	18	6	0	11	|...|	3202386
#	2387	羞羞的珍妮特	20	32	1	4	0	32	24	36	17	21	2814	20	18	6	0	11	|...|	3202387
#	2388	大大伊夫林	20	23	1	4	0	23	20	41	26	31	2813	20	18	6	0	11	|...|	3202388
#	2389	旗下小埃莉诺	20	37	1	4	0	37	31	36	38	17	2812	20	18	6	0	11	|...|	3202389
#	2390	牛皮糖科林	20	32	1	4	0	32	43	23	17	19	2811	20	18	6	0	11	|...|	3202390
#	2391	忽悠大露茜	20	38	1	4	0	38	39	27	36	45	2810	20	18	6	0	11	|...|	3202391
#	2392	当红莉莉	20	28	1	4	0	28	40	34	20	24	2809	20	18	6	0	11	|...|	3202392
#	2393	圣贤大蕾西	20	28	1	4	0	28	38	33	31	35	2808	20	18	6	0	11	|...|	3202393
#	2394	浮夸史蒂夫	20	43	1	4	0	43	35	36	30	40	2807	20	18	6	0	11	|...|	3202394
#	2395	残剑大马修	20	20	1	4	0	20	35	18	32	31	2806	20	18	6	0	11	|...|	3202395
#	2396	执念大艾伦	20	38	1	4	0	38	34	36	19	43	2805	20	18	6	0	11	|...|	3202396
#	2397	热血真相	20	24	1	4	0	24	28	35	39	21	2804	20	18	6	0	11	|...|	3202397
#	2398	探险的伊妮德	20	18	1	4	0	18	42	21	35	40	2803	20	18	6	0	11	|...|	3202398
#	2399	豪爽雨果	20	44	1	4	0	44	39	29	20	24	2802	20	18	6	0	11	|...|	3202399
#	2400	冷静大雷克斯	20	23	1	4	0	23	18	20	21	40	2801	20	18	6	0	11	|...|	3202400
#	2401	夜空的格林	19	31	1	3	4	31	41	45	35	24	2800	19	17	5	0	10	|...|	3202401
#	2402	星月大科迪	19	18	1	3	4	18	29	23	33	39	2799	19	17	5	0	10	|...|	3202402
#	2403	多面包子	19	19	1	3	4	19	20	28	30	43	2798	19	17	5	0	10	|...|	3202403
#	2404	出头小绝顶	19	38	1	3	4	38	32	33	40	30	2797	19	17	5	0	10	|...|	3202404
#	2405	登顶艾基尔丽莎	19	29	1	3	4	29	26	33	36	34	2796	19	17	5	0	10	|...|	3202405
#	2406	难舍的方舟	19	29	1	3	4	29	37	28	35	20	2795	19	17	5	0	10	|...|	3202406
#	2407	励志珍娜	19	18	1	3	4	18	28	26	24	32	2794	19	17	5	0	10	|...|	3202407
#	2408	清纯的荔枝	19	42	1	3	4	42	24	41	30	26	2793	19	17	5	0	10	|...|	3202408
#	2409	星界的布伦达	19	43	1	3	4	43	41	32	31	44	2792	19	17	5	0	10	|...|	3202409
#	2410	低调安东尼	19	21	1	3	4	21	34	24	43	42	2791	19	17	5	0	10	|...|	3202410
#	2411	孤独艾基尔略特	19	31	1	3	4	31	38	37	23	21	2790	19	17	5	0	10	|...|	3202411
#	2412	极速的格林顿	19	23	1	3	4	23	18	35	42	17	2789	19	17	5	0	10	|...|	3202412
#	2413	神圣大史蒂夫	19	30	1	3	4	30	28	26	45	20	2788	19	17	5	0	10	|...|	3202413
#	2414	闷骚乔丹	19	41	1	3	4	41	30	44	20	29	2787	19	17	5	0	10	|...|	3202414
#	2415	夜空的李	19	27	1	3	4	27	41	26	36	19	2786	19	17	5	0	10	|...|	3202415
#	2416	悟透的埃文	19	39	1	3	4	39	43	23	32	28	2785	19	17	5	0	10	|...|	3202416
#	2417	闪电大艾许莉	19	39	1	3	4	39	24	30	45	19	2784	19	17	5	0	10	|...|	3202417
#	2418	上进小林恩	19	45	1	3	4	45	23	32	35	39	2783	19	17	5	0	10	|...|	3202418
#	2419	神圣伊迪萨	19	17	1	3	4	17	43	20	36	31	2782	19	17	5	0	10	|...|	3202419
#	2420	诚信的简	19	26	1	3	4	26	18	19	32	31	2781	19	17	5	0	10	|...|	3202420
#	2421	神之手大戴夫	19	28	1	3	4	28	42	38	23	19	2780	19	17	5	0	10	|...|	3202421
#	2422	传奇小娜塔莉	19	26	1	3	4	26	45	31	20	18	2779	19	17	5	0	10	|...|	3202422
#	2423	光头大爱丽丝	19	43	1	3	4	43	19	24	42	28	2778	19	17	5	0	10	|...|	3202423
#	2424	芭蕾小飞车	19	29	1	3	4	29	40	21	38	36	2777	19	17	5	0	10	|...|	3202424
#	2425	逝去小鲍比	19	20	1	3	4	20	19	31	40	45	2776	19	17	5	0	10	|...|	3202425
#	2426	探险大守望者	19	27	1	3	4	27	23	45	40	26	2775	19	17	5	0	10	|...|	3202426
#	2427	特别贝斯	19	34	1	3	4	34	18	20	24	41	2774	19	17	5	0	10	|...|	3202427
#	2428	刻章的凯尔	19	39	1	3	4	39	36	44	23	32	2773	19	17	5	0	10	|...|	3202428
#	2429	南方的禅	19	24	1	3	4	24	19	35	23	37	2772	19	17	5	0	10	|...|	3202429
#	2430	大帝大露西娅	19	44	1	3	4	44	45	19	17	31	2771	19	17	5	0	10	|...|	3202430
#	2431	西部大杰瑞	19	17	1	3	4	17	36	41	21	44	2770	19	17	5	0	10	|...|	3202431
#	2432	单车凯	19	41	1	3	4	41	31	29	32	44	2769	19	17	5	0	10	|...|	3202432
#	2433	升华大曼迪	19	34	1	3	4	34	28	18	21	44	2768	19	17	5	0	10	|...|	3202433
#	2434	抽风麦克	19	39	1	3	4	39	37	27	44	28	2767	19	17	5	0	10	|...|	3202434
#	2435	疗养马库斯	19	28	1	3	4	28	26	32	39	23	2766	19	17	5	0	10	|...|	3202435
#	2436	残剑大卡尔	19	43	1	3	4	43	23	29	20	37	2765	19	17	5	0	10	|...|	3202436
#	2437	圆滑大爱伦	19	31	1	3	4	31	39	34	40	24	2764	19	17	5	0	10	|...|	3202437
#	2438	丑陋大杰弗里	19	38	1	3	4	38	21	41	37	29	2763	19	17	5	0	10	|...|	3202438
#	2439	狂贼大黛比	19	19	1	3	4	19	32	41	24	37	2762	19	17	5	0	10	|...|	3202439
#	2440	萌萌小伊莱恩	19	42	1	3	4	42	38	41	39	33	2761	19	17	5	0	10	|...|	3202440
#	2441	疯狂大露西妮	19	45	1	3	4	45	24	44	31	28	2760	19	17	5	0	10	|...|	3202441
#	2442	秘密兰斯	19	32	1	3	4	32	41	23	17	44	2759	19	17	5	0	10	|...|	3202442
#	2443	出局大肯尼迪	19	37	1	3	4	37	31	19	35	23	2758	19	17	5	0	10	|...|	3202443
#	2444	理智小夕阳	19	38	1	3	4	38	21	43	44	40	2757	19	17	5	0	10	|...|	3202444
#	2445	光头小斯宾塞	19	28	1	3	4	28	34	32	31	30	2756	19	17	5	0	10	|...|	3202445
#	2446	残剑小米兰达	19	27	1	3	4	27	37	43	24	33	2755	19	17	5	0	10	|...|	3202446
#	2447	文静大托马斯	19	19	1	3	4	19	17	32	31	37	2754	19	17	5	0	10	|...|	3202447
#	2448	走神小布朗	19	20	1	3	4	20	27	33	21	19	2753	19	17	5	0	10	|...|	3202448
#	2449	北欧大电灯泡	19	38	1	3	4	38	41	42	24	40	2752	19	17	5	0	10	|...|	3202449
#	2450	励志的芬妮	19	21	1	3	4	21	31	19	32	39	2751	19	17	5	0	10	|...|	3202450
#	2451	散步卡洛斯	19	40	1	3	4	40	41	28	17	37	2750	19	17	5	0	10	|...|	3202451
#	2452	残剑的斯考特	19	31	1	3	4	31	40	28	43	30	2749	19	17	5	0	10	|...|	3202452
#	2453	无敌小肯尼斯	19	26	1	3	4	26	42	30	38	23	2748	19	17	5	0	10	|...|	3202453
#	2454	招牌小吉娜	19	17	1	3	4	17	29	41	18	21	2747	19	17	5	0	10	|...|	3202454
#	2455	重大滑板	19	24	1	3	4	24	42	36	35	34	2746	19	17	5	0	10	|...|	3202455
#	2456	红色的劳拉	19	21	1	3	4	21	17	18	40	44	2745	19	17	5	0	10	|...|	3202456
#	2457	伤心大贝拉	19	31	1	3	4	31	36	28	41	17	2744	19	17	5	0	10	|...|	3202457
#	2458	浮夸乔安娜	19	23	1	3	4	23	27	21	37	45	2743	19	17	5	0	10	|...|	3202458
#	2459	待定艾基尔许莉	19	21	1	3	4	21	24	28	31	35	2742	19	17	5	0	10	|...|	3202459
#	2460	糊涂小格林顿	19	38	1	3	4	38	40	42	33	39	2741	19	17	5	0	10	|...|	3202460
#	2461	悟透小诺亚	19	32	1	3	4	32	30	41	44	42	2740	19	17	5	0	10	|...|	3202461
#	2462	悟透的露茜	19	44	1	3	4	44	40	42	19	33	2739	19	17	5	0	10	|...|	3202462
#	2463	幽灵大詹妮弗	19	35	1	3	4	35	18	36	34	21	2738	19	17	5	0	10	|...|	3202463
#	2464	雷霆凯西	19	40	1	3	4	40	21	18	23	29	2737	19	17	5	0	10	|...|	3202464
#	2465	卷毛的布伦特	19	30	1	3	4	30	20	28	17	32	2736	19	17	5	0	10	|...|	3202465
#	2466	未来大朱蒂	19	23	1	3	4	23	39	28	26	43	2735	19	17	5	0	10	|...|	3202466
#	2467	浮夸的葡萄	19	37	1	3	4	37	34	43	31	44	2734	19	17	5	0	10	|...|	3202467
#	2468	梦幻的凯拉	19	28	1	3	4	28	23	45	31	41	2733	19	17	5	0	10	|...|	3202468
#	2469	演技大杰弗瑞	19	31	1	3	4	31	21	27	20	28	2732	19	17	5	0	10	|...|	3202469
#	2470	低调小莉莉	19	31	1	3	4	31	37	35	29	17	2731	19	17	5	0	10	|...|	3202470
#	2471	悟透艾达	19	28	1	3	4	28	18	26	24	30	2730	19	17	5	0	10	|...|	3202471
#	2472	光速的艾维	19	38	1	3	4	38	34	37	30	31	2729	19	17	5	0	10	|...|	3202472
#	2473	芭蕾小海伦娜	19	26	1	3	4	26	42	45	33	41	2728	19	17	5	0	10	|...|	3202473
#	2474	疯狂小杰西卡	19	43	1	3	4	43	19	42	24	40	2727	19	17	5	0	10	|...|	3202474
#	2475	白色贾斯汀	19	38	1	3	4	38	43	44	30	40	2726	19	17	5	0	10	|...|	3202475
#	2476	多面伊桑	19	20	1	3	4	20	43	34	30	28	2725	19	17	5	0	10	|...|	3202476
#	2477	伤心梅利莎	19	27	1	3	4	27	32	29	36	35	2724	19	17	5	0	10	|...|	3202477
#	2478	传奇大汉克	19	20	1	3	4	20	27	36	30	34	2723	19	17	5	0	10	|...|	3202478
#	2479	冰封大劳伦特	19	36	1	3	4	36	43	29	40	44	2722	19	17	5	0	10	|...|	3202479
#	2480	浮夸伊迪丝	19	31	1	3	4	31	44	28	20	35	2721	19	17	5	0	10	|...|	3202480
#	2481	制裁小吉娜	19	33	1	3	4	33	38	40	31	41	2720	19	17	5	0	10	|...|	3202481
#	2482	梦游小莉娜	19	40	1	3	4	40	23	37	17	42	2719	19	17	5	0	10	|...|	3202482
#	2483	面具小理查德	19	21	1	3	4	21	31	42	38	26	2718	19	17	5	0	10	|...|	3202483
#	2484	耍帅大安吉拉	19	30	1	3	4	30	37	23	35	27	2717	19	17	5	0	10	|...|	3202484
#	2485	强悍切莉	19	33	1	3	4	33	31	32	44	19	2716	19	17	5	0	10	|...|	3202485
#	2486	神秘的列得	19	31	1	3	4	31	35	29	44	28	2715	19	17	5	0	10	|...|	3202486
#	2487	孤独加文	19	18	1	3	4	18	21	32	29	45	2714	19	17	5	0	10	|...|	3202487
#	2488	牛皮糖大吉莉安	19	30	1	3	4	30	41	23	20	28	2713	19	17	5	0	10	|...|	3202488
#	2489	神之手螺丝钉	19	26	1	3	4	26	30	18	34	29	2712	19	17	5	0	10	|...|	3202489
#	2490	傲娇的保罗	19	40	1	3	4	40	21	29	19	45	2711	19	17	5	0	10	|...|	3202490
#	2491	出局小山楂	19	40	1	3	4	40	34	36	31	23	2710	19	17	5	0	10	|...|	3202491
#	2492	伤感小法典	19	39	1	3	4	39	24	42	33	31	2709	19	17	5	0	10	|...|	3202492
#	2493	恋恋的赫柏	19	44	1	3	4	44	45	30	31	29	2708	19	17	5	0	10	|...|	3202493
#	2494	英俊特伦斯	19	43	1	3	4	43	20	23	17	38	2707	19	17	5	0	10	|...|	3202494
#	2495	单车的史蒂文	19	44	1	3	4	44	24	40	27	39	2706	19	17	5	0	10	|...|	3202495
#	2496	前场大伊夫林	19	26	1	3	4	26	29	17	27	20	2705	19	17	5	0	10	|...|	3202496
#	2497	待定菲比	19	44	1	3	4	44	24	17	43	19	2704	19	17	5	0	10	|...|	3202497
#	2498	华丽小卡尔	19	39	1	3	4	39	41	34	17	35	2703	19	17	5	0	10	|...|	3202498
#	2499	文静小西德尼	19	45	1	3	4	45	34	23	38	40	2702	19	17	5	0	10	|...|	3202499
#	2500	忽悠小阿诺德	19	37	1	3	4	37	19	31	36	24	2701	19	17	5	0	10	|...|	3202500
#	2501	游荡布伦达	19	37	1	3	4	37	26	31	23	38	2700	19	17	5	0	10	|...|	3202501
#	2502	不迫小玛莎	19	36	1	3	4	36	21	45	41	24	2699	19	17	5	0	10	|...|	3202502
#	2503	十方大杰弗里	19	44	1	3	4	44	21	17	33	40	2698	19	17	5	0	10	|...|	3202503
#	2504	浮夸大林恩	19	36	1	3	4	36	33	27	37	42	2697	19	17	5	0	10	|...|	3202504
#	2505	红白的雷克斯	19	43	1	3	4	43	38	27	29	45	2696	19	17	5	0	10	|...|	3202505
#	2506	理智小安格斯	19	32	1	3	4	32	44	43	40	30	2695	19	17	5	0	10	|...|	3202506
#	2507	飞翔艾基尔莉森	19	35	1	3	4	35	18	45	42	27	2694	19	17	5	0	10	|...|	3202507
#	2508	忽悠大曼达	19	17	1	3	4	17	19	44	18	41	2693	19	17	5	0	10	|...|	3202508
#	2509	仁义小鲁宾逊	19	35	1	3	4	35	37	24	31	36	2692	19	17	5	0	10	|...|	3202509
#	2510	全能小费怡	19	28	1	3	4	28	26	35	24	32	2691	19	17	5	0	10	|...|	3202510
#	2511	化身大所罗门	19	29	1	3	4	29	24	38	27	35	2690	19	17	5	0	10	|...|	3202511
#	2512	文静小兰迪	19	43	1	3	4	43	23	35	36	19	2689	19	17	5	0	10	|...|	3202512
#	2513	闪电卡洛斯	19	41	1	3	4	41	29	38	21	18	2688	19	17	5	0	10	|...|	3202513
#	2514	暴走小奥利弗	19	33	1	3	4	33	44	30	35	24	2687	19	17	5	0	10	|...|	3202514
#	2515	无畏的黛博拉	19	21	1	3	4	21	26	38	17	35	2686	19	17	5	0	10	|...|	3202515
#	2516	当红洛拉	19	42	1	3	4	42	34	37	45	40	2685	19	17	5	0	10	|...|	3202516
#	2517	理发小杰弗瑞	19	17	1	3	4	17	19	42	18	31	2684	19	17	5	0	10	|...|	3202517
#	2518	独眼艾基尔琳娜	19	23	1	3	4	23	28	31	21	36	2683	19	17	5	0	10	|...|	3202518
#	2519	华丽的汤米	19	35	1	3	4	35	17	24	26	39	2682	19	17	5	0	10	|...|	3202519
#	2520	单车琳赛	19	24	1	3	4	24	44	35	39	31	2681	19	17	5	0	10	|...|	3202520
#	2521	狂贼小看门人	19	43	1	3	4	43	19	29	39	17	2680	19	17	5	0	10	|...|	3202521
#	2522	潜水凯斯	19	26	1	3	4	26	39	21	28	41	2679	19	17	5	0	10	|...|	3202522
#	2523	完美安德鲁	19	37	1	3	4	37	17	24	43	30	2678	19	17	5	0	10	|...|	3202523
#	2524	傲娇小安吉拉	19	44	1	3	4	44	26	39	23	42	2677	19	17	5	0	10	|...|	3202524
#	2525	夜空的玛米	19	41	1	3	4	41	30	35	37	32	2676	19	17	5	0	10	|...|	3202525
#	2526	守望的马歇尔	19	45	1	3	4	45	27	43	26	38	2675	19	17	5	0	10	|...|	3202526
#	2527	激情小科林	19	20	1	3	4	20	32	31	40	30	2674	19	17	5	0	10	|...|	3202527
#	2528	公正梅甘	19	23	1	3	4	23	17	21	27	45	2673	19	17	5	0	10	|...|	3202528
#	2529	星界的深渊	19	33	1	3	4	33	29	39	37	38	2672	19	17	5	0	10	|...|	3202529
#	2530	风流小米糕	19	23	1	3	4	23	27	45	41	17	2671	19	17	5	0	10	|...|	3202530
#	2531	闪电柿子	19	37	1	3	4	37	43	40	42	45	2670	19	17	5	0	10	|...|	3202531
#	2532	优雅的芒果	19	30	1	3	4	30	43	27	29	41	2669	19	17	5	0	10	|...|	3202532
#	2533	传播者小珍娜	19	34	1	3	4	34	33	19	30	44	2668	19	17	5	0	10	|...|	3202533
#	2534	唯一小恶魔	19	31	1	3	4	31	42	34	44	33	2667	19	17	5	0	10	|...|	3202534
#	2535	励志的橄榄	19	39	1	3	4	39	33	28	41	20	2666	19	17	5	0	10	|...|	3202535
#	2536	轻小布拉德	19	27	1	3	4	27	29	45	36	42	2665	19	17	5	0	10	|...|	3202536
#	2537	矜持小美洛蒂	19	28	1	3	4	28	27	26	20	45	2664	19	17	5	0	10	|...|	3202537
#	2538	白发布朗	19	38	1	3	4	38	20	34	19	21	2663	19	17	5	0	10	|...|	3202538
#	2539	霹雳大海莉	19	31	1	3	4	31	44	24	20	33	2662	19	17	5	0	10	|...|	3202539
#	2540	正义布朗	19	45	1	3	4	45	35	20	32	41	2661	19	17	5	0	10	|...|	3202540
#	2541	盗梦的艾维	19	19	1	3	4	19	43	32	31	39	2660	19	17	5	0	10	|...|	3202541
#	2542	唯一大达茜	19	41	1	3	4	41	24	42	36	34	2659	19	17	5	0	10	|...|	3202542
#	2543	芭蕾小梅维丝	19	39	1	3	4	39	29	23	41	32	2658	19	17	5	0	10	|...|	3202543
#	2544	全能大戴夫	19	41	1	3	4	41	44	40	30	19	2657	19	17	5	0	10	|...|	3202544
#	2545	遗忘的爱丽丝	19	32	1	3	4	32	18	17	26	44	2656	19	17	5	0	10	|...|	3202545
#	2546	灌水辛迪	19	17	1	3	4	17	37	32	18	45	2655	19	17	5	0	10	|...|	3202546
#	2547	阳光露茜	19	37	1	3	4	37	39	19	32	35	2654	19	17	5	0	10	|...|	3202547
#	2548	火爆大伊娃	19	41	1	3	4	41	29	32	19	18	2653	19	17	5	0	10	|...|	3202548
#	2549	叛逆大贝基	19	17	1	3	4	17	42	30	44	40	2652	19	17	5	0	10	|...|	3202549
#	2550	爱卡门	19	23	1	3	4	23	36	19	31	30	2651	19	17	5	0	10	|...|	3202550
#	2551	白天小罗宾	19	36	1	3	4	36	23	44	38	40	2650	19	17	5	0	10	|...|	3202551
#	2552	梦幻小德里克	19	40	1	3	4	40	20	32	37	38	2649	19	17	5	0	10	|...|	3202552
#	2553	冰封小兰斯	19	38	1	3	4	38	39	19	24	27	2648	19	17	5	0	10	|...|	3202553
#	2554	疗伤加文	19	38	1	3	4	38	24	20	43	32	2647	19	17	5	0	10	|...|	3202554
#	2555	种田大飞车	19	30	1	3	4	30	21	29	35	42	2646	19	17	5	0	10	|...|	3202555
#	2556	阔绰小默示录	19	35	1	3	4	35	21	36	29	27	2645	19	17	5	0	10	|...|	3202556
#	2557	忠义的菲奥纳	19	27	1	3	4	27	29	40	39	30	2644	19	17	5	0	10	|...|	3202557
#	2558	秃头的保罗	19	21	1	3	4	21	30	20	40	39	2643	19	17	5	0	10	|...|	3202558
#	2559	散步小伊妮德	19	36	1	3	4	36	35	18	24	42	2642	19	17	5	0	10	|...|	3202559
#	2560	绿色的艾比	19	30	1	3	4	30	33	24	35	27	2641	19	17	5	0	10	|...|	3202560
#	2561	急速的欧文	19	34	1	3	4	34	17	42	44	36	2640	19	17	5	0	10	|...|	3202561
#	2562	圣贤的安吉拉	19	18	1	3	4	18	30	43	26	38	2639	19	17	5	0	10	|...|	3202562
#	2563	军中水蜜桃	19	43	1	3	4	43	24	27	29	38	2638	19	17	5	0	10	|...|	3202563
#	2564	绿色大劳伦特	19	28	1	3	4	28	38	23	36	33	2637	19	17	5	0	10	|...|	3202564
#	2565	队草的伊莱恩	19	32	1	3	4	32	19	37	21	20	2636	19	17	5	0	10	|...|	3202565
#	2566	遗忘吉娜	19	35	1	3	4	35	21	34	32	37	2635	19	17	5	0	10	|...|	3202566
#	2567	未来马丁	19	40	1	3	4	40	43	38	30	36	2634	19	17	5	0	10	|...|	3202567
#	2568	神之手小朱莉	19	43	1	3	4	43	29	40	27	42	2633	19	17	5	0	10	|...|	3202568
#	2569	滚滚滑板	19	32	1	3	4	32	35	19	30	20	2632	19	17	5	0	10	|...|	3202569
#	2570	重装的史蒂夫	19	26	1	3	4	26	40	39	19	29	2631	19	17	5	0	10	|...|	3202570
#	2571	忠义大卡梅伦	19	39	1	3	4	39	30	34	32	44	2630	19	17	5	0	10	|...|	3202571
#	2572	梦幻的梅	19	33	1	3	4	33	20	44	19	31	2629	19	17	5	0	10	|...|	3202572
#	2573	豪爽大乔安娜	19	45	1	3	4	45	37	23	30	41	2628	19	17	5	0	10	|...|	3202573
#	2574	抽风米兰达	19	32	1	3	4	32	26	35	43	33	2627	19	17	5	0	10	|...|	3202574
#	2575	忽悠迦勒	19	45	1	3	4	45	34	18	30	32	2626	19	17	5	0	10	|...|	3202575
#	2576	面具杏仁	19	35	1	3	4	35	34	23	33	40	2625	19	17	5	0	10	|...|	3202576
#	2577	滚滚的水饺	19	30	1	3	4	30	38	43	44	19	2624	19	17	5	0	10	|...|	3202577
#	2578	面具安东尼	19	30	1	3	4	30	45	31	35	26	2623	19	17	5	0	10	|...|	3202578
#	2579	奇妙大杏仁	19	17	1	3	4	17	43	27	32	41	2622	19	17	5	0	10	|...|	3202579
#	2580	靠谱的稻草	19	32	1	3	4	32	45	37	18	39	2621	19	17	5	0	10	|...|	3202580
#	2581	狂野大杰西	19	19	1	3	4	19	39	24	20	27	2620	19	17	5	0	10	|...|	3202581
#	2582	随行的雷	19	31	1	3	4	31	38	23	28	32	2619	19	17	5	0	10	|...|	3202582
#	2583	游荡小琼	19	17	1	3	4	17	29	36	24	40	2618	19	17	5	0	10	|...|	3202583
#	2584	升华大卡尔	19	17	1	3	4	17	43	19	35	41	2617	19	17	5	0	10	|...|	3202584
#	2585	骄傲的艾德蒙	19	20	1	3	4	20	40	39	19	31	2616	19	17	5	0	10	|...|	3202585
#	2586	十方大伊恩	19	37	1	3	4	37	34	20	45	31	2615	19	17	5	0	10	|...|	3202586
#	2587	抽风大桃花源	19	42	1	3	4	42	45	38	34	32	2614	19	17	5	0	10	|...|	3202587
#	2588	伤心小露茜	19	21	1	3	4	21	35	33	43	36	2613	19	17	5	0	10	|...|	3202588
#	2589	随行的巨龙	19	26	1	3	4	26	27	32	19	43	2612	19	17	5	0	10	|...|	3202589
#	2590	闪电的雅各布	19	18	1	3	4	18	17	41	21	45	2611	19	17	5	0	10	|...|	3202590
#	2591	清纯杰奎琳	19	35	1	3	4	35	20	26	44	23	2610	19	17	5	0	10	|...|	3202591
#	2592	骄傲大天使	19	28	1	3	4	28	44	26	30	21	2609	19	17	5	0	10	|...|	3202592
#	2593	急速小看门人	19	32	1	3	4	32	19	45	44	27	2608	19	17	5	0	10	|...|	3202593
#	2594	羞羞小莱斯利	19	36	1	3	4	36	44	21	33	38	2607	19	17	5	0	10	|...|	3202594
#	2595	首任小莫琳	19	44	1	3	4	44	20	41	21	24	2606	19	17	5	0	10	|...|	3202595
#	2596	出头的乔茜	19	29	1	3	4	29	41	20	42	33	2605	19	17	5	0	10	|...|	3202596
#	2597	不破列得	19	37	1	3	4	37	18	17	30	20	2604	19	17	5	0	10	|...|	3202597
#	2598	落泪小海顿	19	37	1	3	4	37	30	34	42	45	2603	19	17	5	0	10	|...|	3202598
#	2599	迟到大杜克	19	44	1	3	4	44	30	34	35	40	2602	19	17	5	0	10	|...|	3202599
#	2600	走神的伊夫林	19	24	1	3	4	24	21	19	17	18	2601	19	17	5	0	10	|...|	3202600
#	2601	天才大阿维娃	18	32	1	3	3	32	42	31	36	30	2600	18	16	4	0	9	|...|	3202601
#	2602	梦游默示录	18	27	1	3	3	27	36	35	21	34	2599	18	16	4	0	9	|...|	3202602
#	2603	上进的凯瑟琳	18	41	1	3	3	41	33	44	38	21	2598	18	16	4	0	9	|...|	3202603
#	2604	不攻贝基	18	31	1	3	3	31	40	33	17	35	2597	18	16	4	0	9	|...|	3202604
#	2605	全能安伯	18	17	1	3	3	17	41	30	35	33	2596	18	16	4	0	9	|...|	3202605
#	2606	魔相大真相	18	18	1	3	3	18	31	36	20	26	2595	18	16	4	0	9	|...|	3202606
#	2607	轻小尤杜拉	18	18	1	3	3	18	28	42	38	40	2594	18	16	4	0	9	|...|	3202607
#	2608	走神布赖恩	18	45	1	3	3	45	40	17	26	41	2593	18	16	4	0	9	|...|	3202608
#	2609	袖珍小马驹	18	38	1	3	3	38	45	23	40	17	2592	18	16	4	0	9	|...|	3202609
#	2610	绿色的安倪	18	40	1	3	3	40	26	38	29	32	2591	18	16	4	0	9	|...|	3202610
#	2611	魔幻小朱莉娅	18	20	1	3	3	20	38	18	31	34	2590	18	16	4	0	9	|...|	3202611
#	2612	伤感荔枝	18	19	1	3	3	19	21	28	27	43	2589	18	16	4	0	9	|...|	3202612
#	2613	百式小莉迪娅	18	43	1	3	3	43	17	33	45	20	2588	18	16	4	0	9	|...|	3202613
#	2614	圣光的晓恩	18	44	1	3	3	44	35	38	29	42	2587	18	16	4	0	9	|...|	3202614
#	2615	首任的科兹莫	18	42	1	3	3	42	40	39	28	41	2586	18	16	4	0	9	|...|	3202615
#	2616	魔幻雨果	18	41	1	3	3	41	18	34	24	36	2585	18	16	4	0	9	|...|	3202616
#	2617	非凡的肯尼	18	35	1	3	3	35	45	17	34	29	2584	18	16	4	0	9	|...|	3202617
#	2618	梦游大诺亚	18	26	1	3	3	26	30	42	24	34	2583	18	16	4	0	9	|...|	3202618
#	2619	当红小玛姬	18	28	1	3	3	28	41	27	42	21	2582	18	16	4	0	9	|...|	3202619
#	2620	霹雳的詹妮弗	18	34	1	3	3	34	44	39	28	33	2581	18	16	4	0	9	|...|	3202620
#	2621	今日的安妮	18	35	1	3	3	35	29	42	17	23	2580	18	16	4	0	9	|...|	3202621
#	2622	遗忘的内森	18	35	1	3	3	35	30	18	34	33	2579	18	16	4	0	9	|...|	3202622
#	2623	抢镜大罗纳德	18	18	1	3	3	18	28	23	41	29	2578	18	16	4	0	9	|...|	3202623
#	2624	唯一小杰西	18	19	1	3	3	19	37	44	28	30	2577	18	16	4	0	9	|...|	3202624
#	2625	遗憾大艾美	18	24	1	3	3	24	40	33	44	43	2576	18	16	4	0	9	|...|	3202625
#	2626	救世的莱斯利	18	38	1	3	3	38	44	29	43	31	2575	18	16	4	0	9	|...|	3202626
#	2627	重磅大芒果	18	32	1	3	3	32	37	35	23	26	2574	18	16	4	0	9	|...|	3202627
#	2628	闪电大鲍伯	18	35	1	3	3	35	24	20	21	29	2573	18	16	4	0	9	|...|	3202628
#	2629	升华大凯丽	18	17	1	3	3	17	37	45	31	42	2572	18	16	4	0	9	|...|	3202629
#	2630	招牌大昆廷	18	24	1	3	3	24	32	23	27	29	2571	18	16	4	0	9	|...|	3202630
#	2631	过气的哈帝	18	31	1	3	3	31	40	23	45	42	2570	18	16	4	0	9	|...|	3202631
#	2632	哭泣泰勒	18	29	1	3	3	29	31	39	45	17	2569	18	16	4	0	9	|...|	3202632
#	2633	追风大栗子	18	44	1	3	3	44	33	32	24	23	2568	18	16	4	0	9	|...|	3202633
#	2634	奶油艾莉森	18	23	1	3	3	23	26	41	44	35	2567	18	16	4	0	9	|...|	3202634
#	2635	忽悠兰迪	18	26	1	3	3	26	21	20	36	35	2566	18	16	4	0	9	|...|	3202635
#	2636	娃面艾达	18	26	1	3	3	26	38	27	36	28	2565	18	16	4	0	9	|...|	3202636
#	2637	公正的克里斯	18	28	1	3	3	28	30	33	20	26	2564	18	16	4	0	9	|...|	3202637
#	2638	不屈大科林	18	44	1	3	3	44	23	39	42	38	2563	18	16	4	0	9	|...|	3202638
#	2639	嗜血小乔尼	18	43	1	3	3	43	31	44	18	29	2562	18	16	4	0	9	|...|	3202639
#	2640	吟游的洛拉	18	42	1	3	3	42	29	20	33	23	2561	18	16	4	0	9	|...|	3202640
#	2641	迟到的钜子	18	33	1	3	3	33	45	20	21	39	2560	18	16	4	0	9	|...|	3202641
#	2642	悟透伊芙	18	24	1	3	3	24	40	20	27	36	2559	18	16	4	0	9	|...|	3202642
#	2643	过气马文	18	38	1	3	3	38	19	20	21	34	2558	18	16	4	0	9	|...|	3202643
#	2644	星界的安尼塔	18	34	1	3	3	34	43	30	17	41	2557	18	16	4	0	9	|...|	3202644
#	2645	神之手大贝拉	18	40	1	3	3	40	17	43	32	42	2556	18	16	4	0	9	|...|	3202645
#	2646	被爱大玛丽亚	18	42	1	3	3	42	19	20	24	43	2555	18	16	4	0	9	|...|	3202646
#	2647	出局大马科斯	18	42	1	3	3	42	26	32	28	20	2554	18	16	4	0	9	|...|	3202647
#	2648	天空大卡蒂	18	39	1	3	3	39	32	21	31	43	2553	18	16	4	0	9	|...|	3202648
#	2649	单车列得	18	21	1	3	3	21	24	28	18	20	2552	18	16	4	0	9	|...|	3202649
#	2650	一个艾莉	18	23	1	3	3	23	27	19	40	38	2551	18	16	4	0	9	|...|	3202650
#	2651	影子小马丁	18	38	1	3	3	38	36	40	29	33	2550	18	16	4	0	9	|...|	3202651
#	2652	造点大天使	18	37	1	3	3	37	19	23	27	39	2549	18	16	4	0	9	|...|	3202652
#	2653	忠义大拉里	18	44	1	3	3	44	17	23	24	31	2548	18	16	4	0	9	|...|	3202653
#	2654	长缨奥斯卡	18	43	1	3	3	43	35	23	19	40	2547	18	16	4	0	9	|...|	3202654
#	2655	无相大萨姆	18	17	1	3	3	17	45	23	34	37	2546	18	16	4	0	9	|...|	3202655
#	2656	天空大天使	18	21	1	3	3	21	19	42	38	35	2545	18	16	4	0	9	|...|	3202656
#	2657	优雅的安吉拉	18	41	1	3	3	41	43	18	32	38	2544	18	16	4	0	9	|...|	3202657
#	2658	升华小弗恩	18	42	1	3	3	42	33	18	21	27	2543	18	16	4	0	9	|...|	3202658
#	2659	冷血大汤姆	18	23	1	3	3	23	34	31	21	36	2542	18	16	4	0	9	|...|	3202659
#	2660	百式塞缪尔	18	31	1	3	3	31	27	21	26	41	2541	18	16	4	0	9	|...|	3202660
#	2661	奇妙艾基尔美	18	36	1	3	3	36	26	41	42	39	2540	18	16	4	0	9	|...|	3202661
#	2662	追风的尤杜拉	18	31	1	3	3	31	43	45	35	37	2539	18	16	4	0	9	|...|	3202662
#	2663	残剑小埃拉	18	19	1	3	3	19	40	27	28	18	2538	18	16	4	0	9	|...|	3202663
#	2664	挥手的番茄	18	34	1	3	3	34	21	30	18	42	2537	18	16	4	0	9	|...|	3202664
#	2665	出局大米兰达	18	33	1	3	3	33	37	35	32	23	2536	18	16	4	0	9	|...|	3202665
#	2666	特训大贝迪	18	29	1	3	3	29	31	30	21	35	2535	18	16	4	0	9	|...|	3202666
#	2667	红白小福特	18	41	1	3	3	41	30	20	43	38	2534	18	16	4	0	9	|...|	3202667
#	2668	冷静的姬尔	18	37	1	3	3	37	41	42	31	26	2533	18	16	4	0	9	|...|	3202668
#	2669	致命小杏仁	18	27	1	3	3	27	28	33	31	24	2532	18	16	4	0	9	|...|	3202669
#	2670	恐怖的奥利弗	18	30	1	3	3	30	34	45	27	18	2531	18	16	4	0	9	|...|	3202670
#	2671	傲娇小恶魔	18	30	1	3	3	30	32	44	43	36	2530	18	16	4	0	9	|...|	3202671
#	2672	轻的阿诺德	18	34	1	3	3	34	35	33	23	38	2529	18	16	4	0	9	|...|	3202672
#	2673	幽默小兰迪	18	42	1	3	3	42	45	34	33	28	2528	18	16	4	0	9	|...|	3202673
#	2674	登顶小塞西	18	30	1	3	3	30	39	21	17	40	2527	18	16	4	0	9	|...|	3202674
#	2675	抢镜小朱莉	18	45	1	3	3	45	40	34	42	36	2526	18	16	4	0	9	|...|	3202675
#	2676	审结大朱恩	18	37	1	3	3	37	43	17	28	39	2525	18	16	4	0	9	|...|	3202676
#	2677	呆呆的林恩	18	19	1	3	3	19	23	41	31	43	2524	18	16	4	0	9	|...|	3202677
#	2678	探险小海顿	18	30	1	3	3	30	33	26	40	19	2523	18	16	4	0	9	|...|	3202678
#	2679	奔跑的爱丝特	18	44	1	3	3	44	43	36	37	18	2522	18	16	4	0	9	|...|	3202679
#	2680	百式劳瑞恩	18	23	1	3	3	23	43	33	44	37	2521	18	16	4	0	9	|...|	3202680
#	2681	仲裁的爱丝特	18	33	1	3	3	33	41	39	23	20	2520	18	16	4	0	9	|...|	3202681
#	2682	抢镜大黛比	18	40	1	3	3	40	39	43	17	37	2519	18	16	4	0	9	|...|	3202682
#	2683	军中迈克尔	18	36	1	3	3	36	44	43	24	28	2518	18	16	4	0	9	|...|	3202683
#	2684	队草小凯尔西	18	40	1	3	3	40	34	38	37	36	2517	18	16	4	0	9	|...|	3202684
#	2685	南方大伊甸园	18	35	1	3	3	35	41	43	39	24	2516	18	16	4	0	9	|...|	3202685
#	2686	魔相大克洛伊	18	34	1	3	3	34	19	17	27	39	2515	18	16	4	0	9	|...|	3202686
#	2687	造点的米迦勒	18	29	1	3	3	29	45	23	20	39	2514	18	16	4	0	9	|...|	3202687
#	2688	诚信小希尔顿	18	41	1	3	3	41	20	23	36	35	2513	18	16	4	0	9	|...|	3202688
#	2689	爆裂弹大玛丽莲	18	27	1	3	3	27	20	19	29	37	2512	18	16	4	0	9	|...|	3202689
#	2690	诚信大蕾西	18	27	1	3	3	27	26	20	41	37	2511	18	16	4	0	9	|...|	3202690
#	2691	造点小伊芙	18	20	1	3	3	20	33	17	35	27	2510	18	16	4	0	9	|...|	3202691
#	2692	探险马歇尔	18	32	1	3	3	32	45	37	34	36	2509	18	16	4	0	9	|...|	3202692
#	2693	灌水伊迪萨	18	19	1	3	3	19	38	21	36	39	2508	18	16	4	0	9	|...|	3202693
#	2694	霹雳的史蒂夫	18	43	1	3	3	43	36	35	17	42	2507	18	16	4	0	9	|...|	3202694
#	2695	南方的凯	18	37	1	3	3	37	44	45	32	34	2506	18	16	4	0	9	|...|	3202695
#	2696	华丽的劳伦特	18	17	1	3	3	17	37	26	33	28	2505	18	16	4	0	9	|...|	3202696
#	2697	出局的肯尼	18	45	1	3	3	45	32	38	42	28	2504	18	16	4	0	9	|...|	3202697
#	2698	励志尤杜拉	18	40	1	3	3	40	41	35	20	37	2503	18	16	4	0	9	|...|	3202698
#	2699	悲情的真相	18	33	1	3	3	33	37	38	30	23	2502	18	16	4	0	9	|...|	3202699
#	2700	弹簧小科兹莫	18	38	1	3	3	38	31	23	28	21	2501	18	16	4	0	9	|...|	3202700
#	2701	魔相尼克	18	30	1	3	3	30	26	37	29	27	2500	18	16	4	0	9	|...|	3202701
#	2702	霹雳的茉莉	18	35	1	3	3	35	45	38	17	40	2499	18	16	4	0	9	|...|	3202702
#	2703	深沉巨龙	18	37	1	3	3	37	18	40	24	28	2498	18	16	4	0	9	|...|	3202703
#	2704	吟游大加里	18	31	1	3	3	31	45	17	35	28	2497	18	16	4	0	9	|...|	3202704
#	2705	丑陋大玛丽亚	18	29	1	3	3	29	33	42	24	19	2496	18	16	4	0	9	|...|	3202705
#	2706	暴君的诺亚	18	41	1	3	3	41	44	20	39	21	2495	18	16	4	0	9	|...|	3202706
#	2707	三生大杰伊	18	38	1	3	3	38	40	34	33	32	2494	18	16	4	0	9	|...|	3202707
#	2708	走神小降落伞	18	44	1	3	3	44	40	27	26	36	2493	18	16	4	0	9	|...|	3202708
#	2709	圆滑大柿子	18	23	1	3	3	23	41	36	18	29	2492	18	16	4	0	9	|...|	3202709
#	2710	奔跑艾基尔德文	18	28	1	3	3	28	36	17	31	32	2491	18	16	4	0	9	|...|	3202710
#	2711	冷静大艾略特	18	43	1	3	3	43	36	18	45	17	2490	18	16	4	0	9	|...|	3202711
#	2712	帐下大基诺	18	42	1	3	3	42	17	36	39	37	2489	18	16	4	0	9	|...|	3202712
#	2713	旗下小卡洛斯	18	37	1	3	3	37	28	34	38	40	2488	18	16	4	0	9	|...|	3202713
#	2714	回归的马科斯	18	27	1	3	3	27	19	35	38	43	2487	18	16	4	0	9	|...|	3202714
#	2715	招牌大守望者	18	37	1	3	3	37	24	43	29	28	2486	18	16	4	0	9	|...|	3202715
#	2716	执念小伊桑	18	20	1	3	3	20	40	27	19	35	2485	18	16	4	0	9	|...|	3202716
#	2717	单车大艾米丽	18	32	1	3	3	32	20	29	43	45	2484	18	16	4	0	9	|...|	3202717
#	2718	度假稻草	18	33	1	3	3	33	32	45	39	24	2483	18	16	4	0	9	|...|	3202718
#	2719	火爆阿曼达	18	29	1	3	3	29	30	27	26	28	2482	18	16	4	0	9	|...|	3202719
#	2720	寂寞大梅	18	17	1	3	3	17	20	26	32	30	2481	18	16	4	0	9	|...|	3202720
#	2721	骄傲大马德琳	18	34	1	3	3	34	21	32	30	39	2480	18	16	4	0	9	|...|	3202721
#	2722	努力马德琳	18	32	1	3	3	32	35	17	33	43	2479	18	16	4	0	9	|...|	3202722
#	2723	办证大艾德琳	18	26	1	3	3	26	28	35	41	19	2478	18	16	4	0	9	|...|	3202723
#	2724	不迫的黛博拉	18	31	1	3	3	31	19	30	27	21	2477	18	16	4	0	9	|...|	3202724
#	2725	圆滑小卡梅伦	18	26	1	3	3	26	27	38	39	18	2476	18	16	4	0	9	|...|	3202725
#	2726	嗜血的凯尔西	18	29	1	3	3	29	26	42	36	45	2475	18	16	4	0	9	|...|	3202726
#	2727	爱艾丽莎	18	37	1	3	3	37	35	40	31	39	2474	18	16	4	0	9	|...|	3202727
#	2728	不攻小蒂莫西	18	26	1	3	3	26	43	20	17	41	2473	18	16	4	0	9	|...|	3202728
#	2729	蓝色小劳伦特	18	21	1	3	3	21	36	43	27	44	2472	18	16	4	0	9	|...|	3202729
#	2730	零式艾略特	18	20	1	3	3	20	27	39	37	44	2471	18	16	4	0	9	|...|	3202730
#	2731	军中的艾玛	18	26	1	3	3	26	19	35	33	30	2470	18	16	4	0	9	|...|	3202731
#	2732	圣的埃莉诺	18	37	1	3	3	37	30	18	31	28	2469	18	16	4	0	9	|...|	3202732
#	2733	下凡米迦勒	18	31	1	3	3	31	17	28	30	26	2468	18	16	4	0	9	|...|	3202733
#	2734	天空小阿波罗	18	39	1	3	3	39	42	43	44	41	2467	18	16	4	0	9	|...|	3202734
#	2735	金发贝斯	18	42	1	3	3	42	34	21	45	35	2466	18	16	4	0	9	|...|	3202735
#	2736	助攻科瑞恩	18	35	1	3	3	35	33	18	34	21	2465	18	16	4	0	9	|...|	3202736
#	2737	积极的黛博拉	18	41	1	3	3	41	37	36	31	32	2464	18	16	4	0	9	|...|	3202737
#	2738	白色杰克逊	18	17	1	3	3	17	43	21	26	33	2463	18	16	4	0	9	|...|	3202738
#	2739	呆呆伯特	18	45	1	3	3	45	18	37	36	43	2462	18	16	4	0	9	|...|	3202739
#	2740	盗梦大莉莲	18	41	1	3	3	41	26	45	42	27	2461	18	16	4	0	9	|...|	3202740
#	2741	星界大路易丝	18	19	1	3	3	19	20	42	28	23	2460	18	16	4	0	9	|...|	3202741
#	2742	幽默小雷纳德	18	33	1	3	3	33	39	29	18	26	2459	18	16	4	0	9	|...|	3202742
#	2743	滑稽大李	18	40	1	3	3	40	41	23	28	20	2458	18	16	4	0	9	|...|	3202743
#	2744	疗伤的海伦	18	26	1	3	3	26	43	34	41	23	2457	18	16	4	0	9	|...|	3202744
#	2745	重磅马尔斯	18	27	1	3	3	27	43	36	23	42	2456	18	16	4	0	9	|...|	3202745
#	2746	伤心麦克	18	41	1	3	3	41	24	33	42	20	2455	18	16	4	0	9	|...|	3202746
#	2747	理智小希拉里	18	44	1	3	3	44	23	43	20	34	2454	18	16	4	0	9	|...|	3202747
#	2748	叛逆小莉迪娅	18	32	1	3	3	32	36	28	40	27	2453	18	16	4	0	9	|...|	3202748
#	2749	无妄小乔丹	18	42	1	3	3	42	39	41	40	45	2452	18	16	4	0	9	|...|	3202749
#	2750	执念的夏洛特	18	27	1	3	3	27	37	39	38	20	2451	18	16	4	0	9	|...|	3202750
#	2751	白色大乔斯林	18	27	1	3	3	27	20	23	26	42	2450	18	16	4	0	9	|...|	3202751
#	2752	零式蕾西	18	44	1	3	3	44	32	39	37	30	2449	18	16	4	0	9	|...|	3202752
#	2753	遗忘雷	18	34	1	3	3	34	21	37	40	30	2448	18	16	4	0	9	|...|	3202753
#	2754	骇人基蒂	18	45	1	3	3	45	33	40	19	32	2447	18	16	4	0	9	|...|	3202754
#	2755	代言小橄榄	18	17	1	3	3	17	26	27	24	23	2446	18	16	4	0	9	|...|	3202755
#	2756	帐下大凯特	18	42	1	3	3	42	26	21	41	18	2445	18	16	4	0	9	|...|	3202756
#	2757	懒散基蒂	18	27	1	3	3	27	34	31	41	23	2444	18	16	4	0	9	|...|	3202757
#	2758	制裁小梅维丝	18	26	1	3	3	26	35	18	37	34	2443	18	16	4	0	9	|...|	3202758
#	2759	无相大尼克	18	32	1	3	3	32	23	19	21	27	2442	18	16	4	0	9	|...|	3202759
#	2760	疯狂大艾丽丝	18	43	1	3	3	43	26	20	23	42	2441	18	16	4	0	9	|...|	3202760
#	2761	温柔的杰西	18	34	1	3	3	34	45	17	24	27	2440	18	16	4	0	9	|...|	3202761
#	2762	招牌的奥利弗	18	39	1	3	3	39	30	28	37	29	2439	18	16	4	0	9	|...|	3202762
#	2763	被爱艾莉	18	38	1	3	3	38	24	17	40	36	2438	18	16	4	0	9	|...|	3202763
#	2764	特别大玛丽亚	18	23	1	3	3	23	24	20	45	29	2437	18	16	4	0	9	|...|	3202764
#	2765	伤心小采尼	18	21	1	3	3	21	43	44	41	28	2436	18	16	4	0	9	|...|	3202765
#	2766	失落史蒂夫	18	37	1	3	3	37	34	26	23	42	2435	18	16	4	0	9	|...|	3202766
#	2767	萌萌的萨米	18	23	1	3	3	23	20	38	30	32	2434	18	16	4	0	9	|...|	3202767
#	2768	游荡大约瑟夫	18	36	1	3	3	36	20	33	30	27	2433	18	16	4	0	9	|...|	3202768
#	2769	爆裂弹伊莱恩	18	19	1	3	3	19	45	27	31	36	2432	18	16	4	0	9	|...|	3202769
#	2770	悲情史蒂文	18	33	1	3	3	33	24	45	21	41	2431	18	16	4	0	9	|...|	3202770
#	2771	稳定的柚子	18	44	1	3	3	44	24	39	29	33	2430	18	16	4	0	9	|...|	3202771
#	2772	残剑小摩根	18	18	1	3	3	18	42	39	41	26	2429	18	16	4	0	9	|...|	3202772
#	2773	重装大番茄	18	45	1	3	3	45	20	40	29	42	2428	18	16	4	0	9	|...|	3202773
#	2774	神奇小海顿	18	19	1	3	3	19	24	26	40	36	2427	18	16	4	0	9	|...|	3202774
#	2775	独眼的丹尼	18	38	1	3	3	38	33	21	31	41	2426	18	16	4	0	9	|...|	3202775
#	2776	爆裂弹大詹妮弗	18	38	1	3	3	38	24	29	34	19	2425	18	16	4	0	9	|...|	3202776
#	2777	当红大结衣	18	31	1	3	3	31	23	21	30	37	2424	18	16	4	0	9	|...|	3202777
#	2778	神气的阿尔瓦	18	42	1	3	3	42	23	39	41	24	2423	18	16	4	0	9	|...|	3202778
#	2779	做梦的雅各布	18	17	1	3	3	17	41	28	35	21	2422	18	16	4	0	9	|...|	3202779
#	2780	巨型艾基尔伦	18	41	1	3	3	41	33	32	19	21	2421	18	16	4	0	9	|...|	3202780
#	2781	待定小莱斯利	18	19	1	3	3	19	38	37	39	24	2420	18	16	4	0	9	|...|	3202781
#	2782	忘情大艾萨克	18	35	1	3	3	35	26	20	41	36	2419	18	16	4	0	9	|...|	3202782
#	2783	升华的托尼	18	33	1	3	3	33	34	32	43	39	2418	18	16	4	0	9	|...|	3202783
#	2784	幽默大雅各布	18	44	1	3	3	44	23	31	24	26	2417	18	16	4	0	9	|...|	3202784
#	2785	绝世大艾萨克	18	30	1	3	3	30	36	35	39	27	2416	18	16	4	0	9	|...|	3202785
#	2786	沉默劳拉	18	39	1	3	3	39	17	36	18	32	2415	18	16	4	0	9	|...|	3202786
#	2787	凝固的贝亚特	18	19	1	3	3	19	42	29	43	28	2414	18	16	4	0	9	|...|	3202787
#	2788	陨落贝拉	18	23	1	3	3	23	41	30	28	36	2413	18	16	4	0	9	|...|	3202788
#	2789	奇怪凯西	18	29	1	3	3	29	30	38	17	20	2412	18	16	4	0	9	|...|	3202789
#	2790	仲裁加文	18	33	1	3	3	33	29	23	40	30	2411	18	16	4	0	9	|...|	3202790
#	2791	圣光的伊夫林	18	45	1	3	3	45	37	23	41	44	2410	18	16	4	0	9	|...|	3202791
#	2792	种田罗兰	18	29	1	3	3	29	36	21	30	41	2409	18	16	4	0	9	|...|	3202792
#	2793	做梦安娜	18	44	1	3	3	44	41	42	27	29	2408	18	16	4	0	9	|...|	3202793
#	2794	嗜血的稻草	18	21	1	3	3	21	23	32	24	27	2407	18	16	4	0	9	|...|	3202794
#	2795	小小茉莉	18	39	1	3	3	39	21	37	20	43	2406	18	16	4	0	9	|...|	3202795
#	2796	笑面芬妮	18	24	1	3	3	24	31	33	35	29	2405	18	16	4	0	9	|...|	3202796
#	2797	神之手大安东尼	18	31	1	3	3	31	29	39	19	23	2404	18	16	4	0	9	|...|	3202797
#	2798	圣光艾维	18	43	1	3	3	43	21	20	24	45	2403	18	16	4	0	9	|...|	3202798
#	2799	重装莉迪娅	18	33	1	3	3	33	39	38	40	28	2402	18	16	4	0	9	|...|	3202799
#	2800	微笑的雷纳德	18	27	1	3	3	27	20	32	24	29	2401	18	16	4	0	9	|...|	3202800
#	2801	秃头大电灯泡	17	18	1	3	2	18	23	44	27	33	2400	17	15	3	0	8	|...|	3202801
#	2802	微笑大芒果	17	18	1	3	2	18	40	41	23	44	2399	17	15	3	0	8	|...|	3202802
#	2803	悟透小安吉拉	17	37	1	3	2	37	33	17	41	31	2398	17	15	3	0	8	|...|	3202803
#	2804	小小格林	17	27	1	3	2	27	35	34	42	23	2397	17	15	3	0	8	|...|	3202804
#	2805	遗忘的诺曼	17	40	1	3	2	40	32	39	44	34	2396	17	15	3	0	8	|...|	3202805
#	2806	忠义大阿诺德	17	34	1	3	2	34	35	32	45	30	2395	17	15	3	0	8	|...|	3202806
#	2807	死忠大罗杰	17	19	1	3	2	19	18	33	27	20	2394	17	15	3	0	8	|...|	3202807
#	2808	积极小露茜	17	20	1	3	2	20	41	24	21	42	2393	17	15	3	0	8	|...|	3202808
#	2809	终极大杰伊	17	27	1	3	2	27	36	29	43	30	2392	17	15	3	0	8	|...|	3202809
#	2810	圆滑小赖安	17	21	1	3	2	21	37	44	41	31	2391	17	15	3	0	8	|...|	3202810
#	2811	游荡的多拉	17	29	1	3	2	29	23	20	38	36	2390	17	15	3	0	8	|...|	3202811
#	2812	仁义小奥斯卡	17	35	1	3	2	35	32	45	40	33	2389	17	15	3	0	8	|...|	3202812
#	2813	羞羞大奥特曼	17	17	1	3	2	17	18	34	38	31	2388	17	15	3	0	8	|...|	3202813
#	2814	英俊大吉姆	17	31	1	3	2	31	42	35	21	28	2387	17	15	3	0	8	|...|	3202814
#	2815	升华的鬣狗	17	31	1	3	2	31	33	40	30	35	2386	17	15	3	0	8	|...|	3202815
#	2816	回归小米奇	17	31	1	3	2	31	24	40	36	43	2385	17	15	3	0	8	|...|	3202816
#	2817	金发大沃伦	17	31	1	3	2	31	40	42	43	34	2384	17	15	3	0	8	|...|	3202817
#	2818	光头小玛莎	17	39	1	3	2	39	35	36	41	29	2383	17	15	3	0	8	|...|	3202818
#	2819	无相杰克	17	44	1	3	2	44	33	38	27	37	2382	17	15	3	0	8	|...|	3202819
#	2820	青训的艾维	17	39	1	3	2	39	43	34	23	17	2381	17	15	3	0	8	|...|	3202820
#	2821	一个小黛安娜	17	26	1	3	2	26	36	41	29	37	2380	17	15	3	0	8	|...|	3202821
#	2822	伤心大艾塞亚	17	26	1	3	2	26	33	37	44	45	2379	17	15	3	0	8	|...|	3202822
#	2823	影子高原	17	27	1	3	2	27	21	35	40	36	2378	17	15	3	0	8	|...|	3202823
#	2824	恋恋马驹	17	18	1	3	2	18	31	39	24	34	2377	17	15	3	0	8	|...|	3202824
#	2825	青训大弗兰克	17	17	1	3	2	17	24	44	45	30	2376	17	15	3	0	8	|...|	3202825
#	2826	幽默大卢克	17	29	1	3	2	29	21	36	30	17	2375	17	15	3	0	8	|...|	3202826
#	2827	吴钩大番茄	17	28	1	3	2	28	18	42	20	17	2374	17	15	3	0	8	|...|	3202827
#	2828	阳光樱桃	17	27	1	3	2	27	34	35	42	44	2373	17	15	3	0	8	|...|	3202828
#	2829	游荡大罗伯特	17	24	1	3	2	24	28	42	34	45	2372	17	15	3	0	8	|...|	3202829
#	2830	梦游小迦勒	17	34	1	3	2	34	44	33	39	32	2371	17	15	3	0	8	|...|	3202830
#	2831	鹰眼大莱斯利	17	41	1	3	2	41	45	26	33	17	2370	17	15	3	0	8	|...|	3202831
#	2832	军中的彼得	17	40	1	3	2	40	45	29	43	18	2369	17	15	3	0	8	|...|	3202832
#	2833	特训的凯茜	17	34	1	3	2	34	36	26	39	24	2368	17	15	3	0	8	|...|	3202833
#	2834	全速大埃德加	17	33	1	3	2	33	17	34	44	18	2367	17	15	3	0	8	|...|	3202834
#	2835	轻马克	17	21	1	3	2	21	37	31	20	24	2366	17	15	3	0	8	|...|	3202835
#	2836	暴君小本	17	45	1	3	2	45	21	31	18	26	2365	17	15	3	0	8	|...|	3202836
#	2837	饥饿小詹姆士	17	29	1	3	2	29	37	45	23	39	2364	17	15	3	0	8	|...|	3202837
#	2838	浮夸小茉莉	17	24	1	3	2	24	33	44	30	45	2363	17	15	3	0	8	|...|	3202838
#	2839	带刀的堂娜	17	28	1	3	2	28	34	33	38	18	2362	17	15	3	0	8	|...|	3202839
#	2840	优雅大谷仓	17	17	1	3	2	17	21	35	44	28	2361	17	15	3	0	8	|...|	3202840
#	2841	金色小掌柜	17	43	1	3	2	43	21	19	17	32	2360	17	15	3	0	8	|...|	3202841
#	2842	代言的钜子	17	37	1	3	2	37	41	28	29	21	2359	17	15	3	0	8	|...|	3202842
#	2843	嗜血大玛丽莲	17	19	1	3	2	19	37	21	18	24	2358	17	15	3	0	8	|...|	3202843
#	2844	夜空大杯具	17	28	1	3	2	28	35	23	31	42	2357	17	15	3	0	8	|...|	3202844
#	2845	疗伤大沃伦	17	18	1	3	2	18	26	28	21	42	2356	17	15	3	0	8	|...|	3202845
#	2846	羞羞的詹森	17	19	1	3	2	19	38	39	40	28	2355	17	15	3	0	8	|...|	3202846
#	2847	伤感霍华德	17	20	1	3	2	20	42	27	28	40	2354	17	15	3	0	8	|...|	3202847
#	2848	不羁大凯尔	17	28	1	3	2	28	42	38	29	31	2353	17	15	3	0	8	|...|	3202848
#	2849	孤独的大卫	17	18	1	3	2	18	23	33	24	21	2352	17	15	3	0	8	|...|	3202849
#	2850	秘密的杰弗里	17	40	1	3	2	40	34	32	36	37	2351	17	15	3	0	8	|...|	3202850
#	2851	传奇小卡斯帕	17	29	1	3	2	29	30	32	18	23	2350	17	15	3	0	8	|...|	3202851
#	2852	牛皮糖霍华德	17	21	1	3	2	21	44	43	28	33	2349	17	15	3	0	8	|...|	3202852
#	2853	守望的卡洛斯	17	31	1	3	2	31	32	26	20	44	2348	17	15	3	0	8	|...|	3202853
#	2854	执念小基诺	17	30	1	3	2	30	41	39	27	35	2347	17	15	3	0	8	|...|	3202854
#	2855	招牌大茉莉	17	29	1	3	2	29	44	36	43	31	2346	17	15	3	0	8	|...|	3202855
#	2856	圆梦小卡尔	17	39	1	3	2	39	21	34	27	23	2345	17	15	3	0	8	|...|	3202856
#	2857	微笑小马驹	17	24	1	3	2	24	30	41	42	21	2344	17	15	3	0	8	|...|	3202857
#	2858	悲情海莉	17	32	1	3	2	32	30	37	45	26	2343	17	15	3	0	8	|...|	3202858
#	2859	牛皮糖小马丁	17	27	1	3	2	27	30	35	21	43	2342	17	15	3	0	8	|...|	3202859
#	2860	呆呆杯具	17	26	1	3	2	26	33	24	31	37	2341	17	15	3	0	8	|...|	3202860
#	2861	积极大克拉克	17	30	1	3	2	30	26	19	34	37	2340	17	15	3	0	8	|...|	3202861
#	2862	酱油海顿	17	20	1	3	2	20	17	36	19	18	2339	17	15	3	0	8	|...|	3202862
#	2863	三生大戴夫	17	43	1	3	2	43	21	20	35	38	2338	17	15	3	0	8	|...|	3202863
#	2864	刻章小奥斯卡	17	37	1	3	2	37	18	35	32	26	2337	17	15	3	0	8	|...|	3202864
#	2865	疗伤大降落伞	17	39	1	3	2	39	30	37	43	26	2336	17	15	3	0	8	|...|	3202865
#	2866	挥手小哈帝	17	32	1	3	2	32	34	21	23	19	2335	17	15	3	0	8	|...|	3202866
#	2867	不屈大彼得	17	44	1	3	2	44	43	39	27	17	2334	17	15	3	0	8	|...|	3202867
#	2868	梦幻小莉兹	17	37	1	3	2	37	31	28	41	45	2333	17	15	3	0	8	|...|	3202868
#	2869	独眼大埃莉卡	17	45	1	3	2	45	17	29	40	21	2332	17	15	3	0	8	|...|	3202869
#	2870	冷血伯特	17	33	1	3	2	33	36	39	31	26	2331	17	15	3	0	8	|...|	3202870
#	2871	升华迦勒	17	45	1	3	2	45	28	27	18	39	2330	17	15	3	0	8	|...|	3202871
#	2872	伤心克莱尔	17	24	1	3	2	24	28	18	42	36	2329	17	15	3	0	8	|...|	3202872
#	2873	慈爱的西瓜	17	45	1	3	2	45	35	40	29	37	2328	17	15	3	0	8	|...|	3202873
#	2874	单车大塞西	17	20	1	3	2	20	35	18	27	32	2327	17	15	3	0	8	|...|	3202874
#	2875	上进小凯斯	17	30	1	3	2	30	31	34	33	39	2326	17	15	3	0	8	|...|	3202875
#	2876	风流的希尔顿	17	44	1	3	2	44	42	45	29	37	2325	17	15	3	0	8	|...|	3202876
#	2877	非常林恩	17	21	1	3	2	21	43	33	39	37	2324	17	15	3	0	8	|...|	3202877
#	2878	闪电大拉里	17	19	1	3	2	19	37	24	38	45	2323	17	15	3	0	8	|...|	3202878
#	2879	玻璃大史蒂文	17	30	1	3	2	30	43	19	44	32	2322	17	15	3	0	8	|...|	3202879
#	2880	饥饿大尼克	17	26	1	3	2	26	34	42	18	20	2321	17	15	3	0	8	|...|	3202880
#	2881	重装圣经	17	31	1	3	2	31	26	29	40	18	2320	17	15	3	0	8	|...|	3202881
#	2882	圣大塞缪尔	17	41	1	3	2	41	26	20	34	17	2319	17	15	3	0	8	|...|	3202882
#	2883	死忠大杰罗姆	17	35	1	3	2	35	33	26	34	17	2318	17	15	3	0	8	|...|	3202883
#	2884	关键莱瑞拉	17	44	1	3	2	44	29	23	35	20	2317	17	15	3	0	8	|...|	3202884
#	2885	百晓生翼总	17	37	1	3	2	37	30	42	24	43	2316	17	15	3	0	8	|...|	3202885
#	2886	金色泰德	17	29	1	3	2	29	38	45	43	37	2315	17	15	3	0	8	|...|	3202886
#	2887	努力大詹妮弗	17	42	1	3	2	42	23	29	28	45	2314	17	15	3	0	8	|...|	3202887
#	2888	温柔小欧蕊	17	41	1	3	2	41	43	35	45	18	2313	17	15	3	0	8	|...|	3202888
#	2889	幽灵大葡萄	17	23	1	3	2	23	17	28	42	19	2312	17	15	3	0	8	|...|	3202889
#	2890	十方的兰斯	17	43	1	3	2	43	20	34	29	30	2311	17	15	3	0	8	|...|	3202890
#	2891	励志大奥利弗	17	41	1	3	2	41	23	38	42	26	2310	17	15	3	0	8	|...|	3202891
#	2892	红白大布兰登	17	41	1	3	2	41	20	44	21	31	2309	17	15	3	0	8	|...|	3202892
#	2893	从容大雷欧	17	28	1	3	2	28	27	40	32	34	2308	17	15	3	0	8	|...|	3202893
#	2894	低调丹尼斯	17	44	1	3	2	44	19	21	26	17	2307	17	15	3	0	8	|...|	3202894
#	2895	微笑小乔伊斯	17	38	1	3	2	38	19	20	45	28	2306	17	15	3	0	8	|...|	3202895
#	2896	呆呆大科瑞恩	17	31	1	3	2	31	30	44	33	23	2305	17	15	3	0	8	|...|	3202896
#	2897	傲娇大布伦达	17	36	1	3	2	36	19	42	32	23	2304	17	15	3	0	8	|...|	3202897
#	2898	阔绰小尼克	17	42	1	3	2	42	21	26	29	20	2303	17	15	3	0	8	|...|	3202898
#	2899	神气的特里	17	27	1	3	2	27	29	21	31	35	2302	17	15	3	0	8	|...|	3202899
#	2900	无妄小伊桑	17	21	1	3	2	21	41	34	23	40	2301	17	15	3	0	8	|...|	3202900
#	2901	嗜血小大熊	17	40	1	3	2	40	23	41	32	27	2300	17	15	3	0	8	|...|	3202901
#	2902	执念小安东尼	17	23	1	3	2	23	26	42	37	36	2299	17	15	3	0	8	|...|	3202902
#	2903	代言小马歇尔	17	23	1	3	2	23	18	42	30	27	2298	17	15	3	0	8	|...|	3202903
#	2904	优雅的朱莉	17	39	1	3	2	39	45	38	31	28	2297	17	15	3	0	8	|...|	3202904
#	2905	南方大亚瑟	17	42	1	3	2	42	32	19	17	30	2296	17	15	3	0	8	|...|	3202905
#	2906	抽风小萨姆	17	26	1	3	2	26	30	19	21	33	2295	17	15	3	0	8	|...|	3202906
#	2907	白色莱瑞拉	17	31	1	3	2	31	37	35	32	17	2294	17	15	3	0	8	|...|	3202907
#	2908	袖珍大肯尼斯	17	31	1	3	2	31	38	23	18	24	2293	17	15	3	0	8	|...|	3202908
#	2909	神之手贝迪	17	20	1	3	2	20	21	29	33	28	2292	17	15	3	0	8	|...|	3202909
#	2910	秃头大特里娜	17	26	1	3	2	26	40	45	24	29	2291	17	15	3	0	8	|...|	3202910
#	2911	豪爽辛迪	17	35	1	3	2	35	34	37	40	33	2290	17	15	3	0	8	|...|	3202911
#	2912	星月小菲比	17	40	1	3	2	40	31	23	24	17	2289	17	15	3	0	8	|...|	3202912
#	2913	难舍小洛克	17	43	1	3	2	43	37	28	19	40	2288	17	15	3	0	8	|...|	3202913
#	2914	执念的凯尔西	17	19	1	3	2	19	26	27	30	31	2287	17	15	3	0	8	|...|	3202914
#	2915	巨型小稻草	17	32	1	3	2	32	38	19	18	23	2286	17	15	3	0	8	|...|	3202915
#	2916	巅峰詹妮弗	17	30	1	3	2	30	37	27	43	31	2285	17	15	3	0	8	|...|	3202916
#	2917	走神芬妮	17	33	1	3	2	33	20	32	34	36	2284	17	15	3	0	8	|...|	3202917
#	2918	光速小马驹	17	36	1	3	2	36	35	33	18	41	2283	17	15	3	0	8	|...|	3202918
#	2919	终极斯派克	17	18	1	3	2	18	34	30	38	32	2282	17	15	3	0	8	|...|	3202919
#	2920	未来的伊凡	17	45	1	3	2	45	17	37	26	38	2281	17	15	3	0	8	|...|	3202920
#	2921	百式小沙琳	17	18	1	3	2	18	34	24	33	40	2280	17	15	3	0	8	|...|	3202921
#	2922	巅峰的海伦	17	39	1	3	2	39	28	24	42	32	2279	17	15	3	0	8	|...|	3202922
#	2923	不攻艾伯特	17	36	1	3	2	36	20	24	32	27	2278	17	15	3	0	8	|...|	3202923
#	2924	橡皮艾维	17	38	1	3	2	38	26	43	17	35	2277	17	15	3	0	8	|...|	3202924
#	2925	冰冷的雷克斯	17	35	1	3	2	35	18	28	43	31	2276	17	15	3	0	8	|...|	3202925
#	2926	鹰眼埃迪	17	38	1	3	2	38	43	32	39	34	2275	17	15	3	0	8	|...|	3202926
#	2927	天才大赫柏	17	27	1	3	2	27	44	43	18	24	2274	17	15	3	0	8	|...|	3202927
#	2928	梦游大卡门	17	18	1	3	2	18	19	21	26	41	2273	17	15	3	0	8	|...|	3202928
#	2929	极速的哈里森	17	39	1	3	2	39	29	36	20	43	2272	17	15	3	0	8	|...|	3202929
#	2930	白发大凯	17	23	1	3	2	23	45	28	20	30	2271	17	15	3	0	8	|...|	3202930
#	2931	奇妙小吉米	17	42	1	3	2	42	28	38	39	26	2270	17	15	3	0	8	|...|	3202931
#	2932	残剑小桃瑞丝	17	21	1	3	2	21	33	18	32	26	2269	17	15	3	0	8	|...|	3202932
#	2933	爆裂弹姬尔	17	20	1	3	2	20	36	45	30	24	2268	17	15	3	0	8	|...|	3202933
#	2934	回首的汤姆	17	40	1	3	2	40	20	28	31	32	2267	17	15	3	0	8	|...|	3202934
#	2935	绿色凯斯	17	26	1	3	2	26	24	17	31	38	2266	17	15	3	0	8	|...|	3202935
#	2936	暴君小凯尔	17	24	1	3	2	24	26	23	21	27	2265	17	15	3	0	8	|...|	3202936
#	2937	做梦马克	17	21	1	3	2	21	34	28	27	42	2264	17	15	3	0	8	|...|	3202937
#	2938	助威的卡洛斯	17	30	1	3	2	30	43	28	45	37	2263	17	15	3	0	8	|...|	3202938
#	2939	青训小坎蒂	17	33	1	3	2	33	26	37	29	32	2262	17	15	3	0	8	|...|	3202939
#	2940	矜持的卡门	17	35	1	3	2	35	24	21	18	41	2261	17	15	3	0	8	|...|	3202940
#	2941	神奇小玉	17	18	1	3	2	18	30	35	29	19	2260	17	15	3	0	8	|...|	3202941
#	2942	全速的克莱尔	17	45	1	3	2	45	38	43	32	23	2259	17	15	3	0	8	|...|	3202942
#	2943	传播者绝顶	17	29	1	3	2	29	17	42	30	23	2258	17	15	3	0	8	|...|	3202943
#	2944	不羁小格瑞塔	17	33	1	3	2	33	37	23	28	39	2257	17	15	3	0	8	|...|	3202944
#	2945	闷骚的弗农	17	18	1	3	2	18	20	36	26	19	2256	17	15	3	0	8	|...|	3202945
#	2946	励志大艾米丽	17	21	1	3	2	21	27	17	43	35	2255	17	15	3	0	8	|...|	3202946
#	2947	神锋小谷仓	17	30	1	3	2	30	39	24	34	41	2254	17	15	3	0	8	|...|	3202947
#	2948	诚信的椰子	17	42	1	3	2	42	21	32	20	40	2253	17	15	3	0	8	|...|	3202948
#	2949	热血基蒂	17	23	1	3	2	23	42	30	45	21	2252	17	15	3	0	8	|...|	3202949
#	2950	优雅查尔斯	17	44	1	3	2	44	30	39	18	43	2251	17	15	3	0	8	|...|	3202950
#	2951	助攻大伊恩	17	21	1	3	2	21	18	42	38	23	2250	17	15	3	0	8	|...|	3202951
#	2952	不羁小安东尼	17	40	1	3	2	40	20	29	39	30	2249	17	15	3	0	8	|...|	3202952
#	2953	愤怒小伯特	17	33	1	3	2	33	31	21	36	44	2248	17	15	3	0	8	|...|	3202953
#	2954	面具托马斯	17	45	1	3	2	45	37	20	31	40	2247	17	15	3	0	8	|...|	3202954
#	2955	华丽梅维丝	17	34	1	3	2	34	45	33	44	29	2246	17	15	3	0	8	|...|	3202955
#	2956	雷霆小克莱尔	17	40	1	3	2	40	34	43	32	41	2245	17	15	3	0	8	|...|	3202956
#	2957	低调小二	17	34	1	3	2	34	37	17	19	45	2244	17	15	3	0	8	|...|	3202957
#	2958	北欧小麦克	17	32	1	3	2	32	34	45	36	18	2243	17	15	3	0	8	|...|	3202958
#	2959	出局小埃里克	17	44	1	3	2	44	23	21	32	40	2242	17	15	3	0	8	|...|	3202959
#	2960	神锋伊莱恩	17	45	1	3	2	45	20	41	37	29	2241	17	15	3	0	8	|...|	3202960
#	2961	梦游小莉娜	17	27	1	3	2	27	33	35	20	24	2240	17	15	3	0	8	|...|	3202961
#	2962	傲娇洛克	17	42	1	3	2	42	31	33	24	17	2239	17	15	3	0	8	|...|	3202962
#	2963	走神的贝迪	17	17	1	3	2	17	18	27	19	37	2238	17	15	3	0	8	|...|	3202963
#	2964	无相伊迪丝	17	39	1	3	2	39	43	26	19	32	2237	17	15	3	0	8	|...|	3202964
#	2965	神奇小降落伞	17	27	1	3	2	27	34	40	31	30	2236	17	15	3	0	8	|...|	3202965
#	2966	奶油小埃莉卡	17	19	1	3	2	19	44	43	17	31	2235	17	15	3	0	8	|...|	3202966
#	2967	军中大伊迪萨	17	40	1	3	2	40	19	35	30	34	2234	17	15	3	0	8	|...|	3202967
#	2968	旗下大基蒂	17	42	1	3	2	42	35	32	41	27	2233	17	15	3	0	8	|...|	3202968
#	2969	清纯小青春	17	19	1	3	2	19	18	30	44	27	2232	17	15	3	0	8	|...|	3202969
#	2970	的巨龙	17	29	1	3	2	29	37	34	28	32	2231	17	15	3	0	8	|...|	3202970
#	2971	当红小托尼	17	29	1	3	2	29	30	33	28	44	2230	17	15	3	0	8	|...|	3202971
#	2972	影子本森	17	29	1	3	2	29	42	17	20	34	2229	17	15	3	0	8	|...|	3202972
#	2973	英俊小曼迪	17	33	1	3	2	33	36	29	34	38	2228	17	15	3	0	8	|...|	3202973
#	2974	当红的朱恩	17	35	1	3	2	35	29	30	32	38	2227	17	15	3	0	8	|...|	3202974
#	2975	白发的柚子	17	39	1	3	2	39	44	45	37	26	2226	17	15	3	0	8	|...|	3202975
#	2976	秘密的罗文	17	24	1	3	2	24	27	45	35	19	2225	17	15	3	0	8	|...|	3202976
#	2977	失落乔伊斯	17	36	1	3	2	36	19	37	39	18	2224	17	15	3	0	8	|...|	3202977
#	2978	光速罗伊	17	42	1	3	2	42	34	36	39	27	2223	17	15	3	0	8	|...|	3202978
#	2979	奇妙大吉姆	17	23	1	3	2	23	17	32	40	30	2222	17	15	3	0	8	|...|	3202979
#	2980	不迫小达茜	17	43	1	3	2	43	29	33	18	34	2221	17	15	3	0	8	|...|	3202980
#	2981	白发的兰迪	17	45	1	3	2	45	24	37	33	40	2220	17	15	3	0	8	|...|	3202981
#	2982	骇人小凯文	17	20	1	3	2	20	26	24	39	38	2219	17	15	3	0	8	|...|	3202982
#	2983	白天的艾米	17	28	1	3	2	28	17	44	45	24	2218	17	15	3	0	8	|...|	3202983
#	2984	滚滚小昆廷	17	32	1	3	2	32	23	21	44	40	2217	17	15	3	0	8	|...|	3202984
#	2985	火爆艾萨克	17	21	1	3	2	21	17	35	37	27	2216	17	15	3	0	8	|...|	3202985
#	2986	温暖芒果	17	34	1	3	2	34	26	44	17	23	2215	17	15	3	0	8	|...|	3202986
#	2987	沉默格林	17	21	1	3	2	21	45	43	40	18	2214	17	15	3	0	8	|...|	3202987
#	2988	叛逆小约瑟夫	17	37	1	3	2	37	21	39	29	33	2213	17	15	3	0	8	|...|	3202988
#	2989	有病大詹妮弗	17	38	1	3	2	38	27	28	21	33	2212	17	15	3	0	8	|...|	3202989
#	2990	10栋701室	17	40	1	3	2	40	21	17	32	45	2211	17	15	3	0	8	|...|	3202990
#	2991	影子的罗伊	17	39	1	3	2	39	20	37	40	27	2210	17	15	3	0	8	|...|	3202991
#	2992	做梦爱伦	17	39	1	3	2	39	24	27	38	17	2209	17	15	3	0	8	|...|	3202992
#	2993	走神大梅	17	19	1	3	2	19	40	31	30	26	2208	17	15	3	0	8	|...|	3202993
#	2994	哭泣小迈克尔	17	35	1	3	2	35	27	42	45	34	2207	17	15	3	0	8	|...|	3202994
#	2995	不屈的杰弗里	17	32	1	3	2	32	30	28	39	31	2206	17	15	3	0	8	|...|	3202995
#	2996	骗经的瑞利	17	26	1	3	2	26	19	17	31	36	2205	17	15	3	0	8	|...|	3202996
#	2997	酱油小伯特	17	18	1	3	2	18	24	21	42	33	2204	17	15	3	0	8	|...|	3202997
#	2998	疗养小本杰明	17	35	1	3	2	35	41	40	30	34	2203	17	15	3	0	8	|...|	3202998
#	2999	化身大西蒙	17	36	1	3	2	36	40	31	44	18	2202	17	15	3	0	8	|...|	3202999
#	3000	温暖巨龙	17	23	1	3	2	23	36	28	24	43	2201	17	15	3	0	8	|...|	3203000
#	3001	唯一大詹姆士	16	21	1	3	1	21	26	23	43	39	2200	16	14	2	0	7	|...|	3203001
#	3002	梦幻深渊	16	19	1	3	1	19	27	23	20	38	2199	16	14	2	0	7	|...|	3203002
#	3003	急速小布拉德	16	29	1	3	1	29	33	28	20	31	2198	16	14	2	0	7	|...|	3203003
#	3004	仲裁的保罗	16	40	1	3	1	40	32	37	38	28	2197	16	14	2	0	7	|...|	3203004
#	3005	抢镜的玛克辛	16	26	1	3	1	26	31	40	20	21	2196	16	14	2	0	7	|...|	3203005
#	3006	野蛮大掌柜	16	23	1	3	1	23	31	40	35	19	2195	16	14	2	0	7	|...|	3203006
#	3007	诚信采尼	16	36	1	3	1	36	37	30	21	43	2194	16	14	2	0	7	|...|	3203007
#	3008	星月贝迪	16	40	1	3	1	40	43	34	27	17	2193	16	14	2	0	7	|...|	3203008
#	3009	硬糖杰西卡	16	30	1	3	1	30	18	20	40	31	2192	16	14	2	0	7	|...|	3203009
#	3010	军中的约书亚	16	41	1	3	1	41	31	23	20	29	2191	16	14	2	0	7	|...|	3203010
#	3011	潜水的布拉德	16	24	1	3	1	24	41	36	44	28	2190	16	14	2	0	7	|...|	3203011
#	3012	不羁小默示录	16	27	1	3	1	27	21	44	19	39	2189	16	14	2	0	7	|...|	3203012
#	3013	积极大萨米	16	39	1	3	1	39	17	35	37	36	2188	16	14	2	0	7	|...|	3203013
#	3014	单车卡尔	16	41	1	3	1	41	26	42	24	39	2187	16	14	2	0	7	|...|	3203014
#	3015	无声大克拉克	16	41	1	3	1	41	29	23	30	27	2186	16	14	2	0	7	|...|	3203015
#	3016	特训的爱德华	16	38	1	3	1	38	32	21	31	40	2185	16	14	2	0	7	|...|	3203016
#	3017	笑面大比尔	16	31	1	3	1	31	18	27	40	45	2184	16	14	2	0	7	|...|	3203017
#	3018	不羁的约瑟夫	16	24	1	3	1	24	44	35	38	37	2183	16	14	2	0	7	|...|	3203018
#	3019	疗伤大乔纳森	16	37	1	3	1	37	26	28	21	36	2182	16	14	2	0	7	|...|	3203019
#	3020	浮夸马尔斯	16	31	1	3	1	31	39	26	24	19	2181	16	14	2	0	7	|...|	3203020
#	3021	多面艾莉	16	42	1	3	1	42	19	36	20	38	2180	16	14	2	0	7	|...|	3203021
#	3022	回首小维克多	16	40	1	3	1	40	28	37	27	33	2179	16	14	2	0	7	|...|	3203022
#	3023	霹雳的安	16	40	1	3	1	40	34	26	45	39	2178	16	14	2	0	7	|...|	3203023
#	3024	幽灵大卢克	16	27	1	3	1	27	38	19	24	33	2177	16	14	2	0	7	|...|	3203024
#	3025	幽灵大路易莎	16	21	1	3	1	21	38	43	30	34	2176	16	14	2	0	7	|...|	3203025
#	3026	弹簧大艾比	16	35	1	3	1	35	44	39	19	24	2175	16	14	2	0	7	|...|	3203026
#	3027	火爆大唐纳德	16	20	1	3	1	20	28	24	23	19	2174	16	14	2	0	7	|...|	3203027
#	3028	天空大马库斯	16	24	1	3	1	24	30	29	36	42	2173	16	14	2	0	7	|...|	3203028
#	3029	暴走大凯尔西	16	40	1	3	1	40	31	18	37	44	2172	16	14	2	0	7	|...|	3203029
#	3030	白发大欧蕊	16	32	1	3	1	32	37	41	40	34	2171	16	14	2	0	7	|...|	3203030
#	3031	光头的杰弗里	16	23	1	3	1	23	27	42	24	35	2170	16	14	2	0	7	|...|	3203031
#	3032	芭蕾小蕾西	16	28	1	3	1	28	44	35	29	42	2169	16	14	2	0	7	|...|	3203032
#	3033	龅牙爱迪生	16	41	1	3	1	41	40	27	18	23	2168	16	14	2	0	7	|...|	3203033
#	3034	上进小笆笆拉	16	20	1	3	1	20	36	45	28	24	2167	16	14	2	0	7	|...|	3203034
#	3035	神秘马库斯	16	44	1	3	1	44	31	45	34	39	2166	16	14	2	0	7	|...|	3203035
#	3036	落泪小汉纳	16	45	1	3	1	45	40	43	32	38	2165	16	14	2	0	7	|...|	3203036
#	3037	星月的艾米丽	16	41	1	3	1	41	30	34	33	35	2164	16	14	2	0	7	|...|	3203037
#	3038	白天小琳赛	16	17	1	3	1	17	38	39	24	37	2163	16	14	2	0	7	|...|	3203038
#	3039	清纯小亨利	16	28	1	3	1	28	27	38	44	31	2162	16	14	2	0	7	|...|	3203039
#	3040	秃头杰弗里	16	28	1	3	1	28	39	36	24	19	2161	16	14	2	0	7	|...|	3203040
#	3041	助攻朱莉	16	28	1	3	1	28	31	24	34	23	2160	16	14	2	0	7	|...|	3203041
#	3042	冷面小菲比	16	21	1	3	1	21	30	33	18	34	2159	16	14	2	0	7	|...|	3203042
#	3043	十方的弗恩	16	37	1	3	1	37	30	31	29	28	2158	16	14	2	0	7	|...|	3203043
#	3044	全速科兹莫	16	31	1	3	1	31	21	17	43	23	2157	16	14	2	0	7	|...|	3203044
#	3045	奔跑大朱恩	16	18	1	3	1	18	32	26	43	38	2156	16	14	2	0	7	|...|	3203045
#	3046	圆滑艾基尔莉莎	16	18	1	3	1	18	43	28	37	42	2155	16	14	2	0	7	|...|	3203046
#	3047	卷毛海莉	16	21	1	3	1	21	32	40	45	36	2154	16	14	2	0	7	|...|	3203047
#	3048	伤心大卡罗琳	16	39	1	3	1	39	20	21	43	40	2153	16	14	2	0	7	|...|	3203048
#	3049	遗憾大布拉德	16	40	1	3	1	40	17	45	18	41	2152	16	14	2	0	7	|...|	3203049
#	3050	疗伤的特里娜	16	35	1	3	1	35	29	32	37	43	2151	16	14	2	0	7	|...|	3203050
#	3051	非常大哈利	16	27	1	3	1	27	21	36	37	41	2150	16	14	2	0	7	|...|	3203051
#	3052	滑稽布伦达	16	35	1	3	1	35	38	26	37	30	2149	16	14	2	0	7	|...|	3203052
#	3053	伪善大艾伯特	16	30	1	3	1	30	43	17	34	19	2148	16	14	2	0	7	|...|	3203053
#	3054	刻章凯里	16	38	1	3	1	38	30	19	24	28	2147	16	14	2	0	7	|...|	3203054
#	3055	爱小阿维娃	16	31	1	3	1	31	45	39	37	38	2146	16	14	2	0	7	|...|	3203055
#	3056	努力所罗门	16	18	1	3	1	18	32	29	35	19	2145	16	14	2	0	7	|...|	3203056
#	3057	疗养大晓恩	16	32	1	3	1	32	27	35	28	29	2144	16	14	2	0	7	|...|	3203057
#	3058	关键的克莉丝	16	45	1	3	1	45	36	23	43	21	2143	16	14	2	0	7	|...|	3203058
#	3059	种田卡尔	16	21	1	3	1	21	42	39	32	37	2142	16	14	2	0	7	|...|	3203059
#	3060	弹簧小埃莉诺	16	44	1	3	1	44	45	36	41	40	2141	16	14	2	0	7	|...|	3203060
#	3061	队草大茉莉	16	35	1	3	1	35	32	43	27	38	2140	16	14	2	0	7	|...|	3203061
#	3062	秘密小罗纳德	16	29	1	3	1	29	37	21	27	18	2139	16	14	2	0	7	|...|	3203062
#	3063	冰封艾莉	16	30	1	3	1	30	40	17	31	44	2138	16	14	2	0	7	|...|	3203063
#	3064	死忠大大熊	16	17	1	3	1	17	26	31	29	35	2137	16	14	2	0	7	|...|	3203064
#	3065	双刀的路易斯	16	43	1	3	1	43	30	45	41	35	2136	16	14	2	0	7	|...|	3203065
#	3066	叛逆小迈克尔	16	32	1	3	1	32	35	24	43	34	2135	16	14	2	0	7	|...|	3203066
#	3067	圆梦小雄鹰	16	27	1	3	1	27	18	23	17	28	2134	16	14	2	0	7	|...|	3203067
#	3068	疯狂大圣经	16	45	1	3	1	45	28	39	40	42	2133	16	14	2	0	7	|...|	3203068
#	3069	阳光的埃莉卡	16	21	1	3	1	21	23	43	27	40	2132	16	14	2	0	7	|...|	3203069
#	3070	白天的艾比	16	39	1	3	1	39	21	23	35	36	2131	16	14	2	0	7	|...|	3203070
#	3071	暴走小扳手	16	29	1	3	1	29	20	33	17	31	2130	16	14	2	0	7	|...|	3203071
#	3072	独裁者兰迪	16	36	1	3	1	36	45	20	17	31	2129	16	14	2	0	7	|...|	3203072
#	3073	特训的约书亚	16	24	1	3	1	24	32	45	33	20	2128	16	14	2	0	7	|...|	3203073
#	3074	傲娇小罗纳德	16	36	1	3	1	36	37	33	26	28	2127	16	14	2	0	7	|...|	3203074
#	3075	绝世大杰克	16	34	1	3	1	34	24	20	43	31	2126	16	14	2	0	7	|...|	3203075
#	3076	重磅大贝拉	16	40	1	3	1	40	44	34	24	33	2125	16	14	2	0	7	|...|	3203076
#	3077	骇人大埃迪	16	18	1	3	1	18	38	35	28	17	2124	16	14	2	0	7	|...|	3203077
#	3078	制裁的海伦	16	41	1	3	1	41	36	31	29	17	2123	16	14	2	0	7	|...|	3203078
#	3079	无畏小布兰奇	16	34	1	3	1	34	31	27	33	24	2122	16	14	2	0	7	|...|	3203079
#	3080	愤怒的达茜	16	19	1	3	1	19	39	31	42	18	2121	16	14	2	0	7	|...|	3203080
#	3081	助攻大杰瑞	16	35	1	3	1	35	42	43	23	30	2120	16	14	2	0	7	|...|	3203081
#	3082	稳定罗琳	16	44	1	3	1	44	30	42	21	34	2119	16	14	2	0	7	|...|	3203082
#	3083	公正小伊芙	16	24	1	3	1	24	35	28	17	45	2118	16	14	2	0	7	|...|	3203083
#	3084	制裁小方舟	16	27	1	3	1	27	20	44	39	41	2117	16	14	2	0	7	|...|	3203084
#	3085	凝固大霍华德	16	30	1	3	1	30	44	27	42	37	2116	16	14	2	0	7	|...|	3203085
#	3086	演技罗伊	16	27	1	3	1	27	21	40	37	23	2115	16	14	2	0	7	|...|	3203086
#	3087	温暖小亚伦	16	17	1	3	1	17	35	23	41	34	2114	16	14	2	0	7	|...|	3203087
#	3088	冷静小稻草	16	30	1	3	1	30	28	23	44	21	2113	16	14	2	0	7	|...|	3203088
#	3089	刻章艾基尔莉尔	16	35	1	3	1	35	44	23	17	37	2112	16	14	2	0	7	|...|	3203089
#	3090	悟透格林	16	23	1	3	1	23	45	43	26	44	2111	16	14	2	0	7	|...|	3203090
#	3091	萌萌的杰克逊	16	18	1	3	1	18	17	26	33	36	2110	16	14	2	0	7	|...|	3203091
#	3092	十方大劳伦特	16	34	1	3	1	34	44	41	17	43	2109	16	14	2	0	7	|...|	3203092
#	3093	硬糖大理查德	16	18	1	3	1	18	34	42	26	32	2108	16	14	2	0	7	|...|	3203093
#	3094	奶油大启示录	16	40	1	3	1	40	37	32	43	31	2107	16	14	2	0	7	|...|	3203094
#	3095	独裁者小安	16	23	1	3	1	23	41	37	45	39	2106	16	14	2	0	7	|...|	3203095
#	3096	低调小杰克	16	27	1	3	1	27	29	32	24	44	2105	16	14	2	0	7	|...|	3203096
#	3097	奔跑大栗子	16	29	1	3	1	29	24	20	23	17	2104	16	14	2	0	7	|...|	3203097
#	3098	金色玛莎	16	23	1	3	1	23	37	28	31	36	2103	16	14	2	0	7	|...|	3203098
#	3099	单车大埃迪	16	33	1	3	1	33	17	44	41	27	2102	16	14	2	0	7	|...|	3203099
#	3100	重装的荔枝	16	37	1	3	1	37	41	36	38	31	2101	16	14	2	0	7	|...|	3203100
#	3101	乱战小兰迪	16	44	1	3	1	44	32	18	20	27	2100	16	14	2	0	7	|...|	3203101
#	3102	十方大汤姆	16	30	1	3	1	30	27	28	34	45	2099	16	14	2	0	7	|...|	3203102
#	3103	骄傲奥特曼	16	44	1	3	1	44	38	27	24	42	2098	16	14	2	0	7	|...|	3203103
#	3104	呆呆的伊迪丝	16	39	1	3	1	39	21	18	33	37	2097	16	14	2	0	7	|...|	3203104
#	3105	回首小柚子	16	38	1	3	1	38	34	45	40	24	2096	16	14	2	0	7	|...|	3203105
#	3106	圣贤希拉里	16	34	1	3	1	34	24	28	18	21	2095	16	14	2	0	7	|...|	3203106
#	3107	文静大晓恩	16	38	1	3	1	38	24	29	27	19	2094	16	14	2	0	7	|...|	3203107
#	3108	抢镜的马文	16	45	1	3	1	45	42	18	38	26	2093	16	14	2	0	7	|...|	3203108
#	3109	叛逆的卡门	16	35	1	3	1	35	39	26	24	33	2092	16	14	2	0	7	|...|	3203109
#	3110	夜空罗纳德	16	17	1	3	1	17	34	23	18	20	2091	16	14	2	0	7	|...|	3203110
#	3111	慈爱小约瑟芬	16	26	1	3	1	26	23	42	30	17	2090	16	14	2	0	7	|...|	3203111
#	3112	失落大李	16	24	1	3	1	24	30	33	36	32	2089	16	14	2	0	7	|...|	3203112
#	3113	重托德	16	28	1	3	1	28	42	27	38	24	2088	16	14	2	0	7	|...|	3203113
#	3114	队草小安倪	16	36	1	3	1	36	23	41	40	33	2087	16	14	2	0	7	|...|	3203114
#	3115	神秘的达芙妮	16	44	1	3	1	44	34	18	37	45	2086	16	14	2	0	7	|...|	3203115
#	3116	努力大马歇尔	16	19	1	3	1	19	40	37	30	36	2085	16	14	2	0	7	|...|	3203116
#	3117	狂野的夏洛特	16	36	1	3	1	36	42	18	33	17	2084	16	14	2	0	7	|...|	3203117
#	3118	忘情小笆笆拉	16	44	1	3	1	44	32	26	35	41	2083	16	14	2	0	7	|...|	3203118
#	3119	办证安尼塔	16	44	1	3	1	44	19	20	37	36	2082	16	14	2	0	7	|...|	3203119
#	3120	沉默小凯里	16	36	1	3	1	36	44	24	20	42	2081	16	14	2	0	7	|...|	3203120
#	3121	无相奥斯汀	16	31	1	3	1	31	30	26	29	33	2080	16	14	2	0	7	|...|	3203121
#	3122	难舍伊娃	16	32	1	3	1	32	29	38	24	17	2079	16	14	2	0	7	|...|	3203122
#	3123	重磅小罗琳	16	21	1	3	1	21	18	42	41	35	2078	16	14	2	0	7	|...|	3203123
#	3124	希望小茉莉	16	39	1	3	1	39	35	18	32	41	2077	16	14	2	0	7	|...|	3203124
#	3125	鹰眼的卡梅伦	16	44	1	3	1	44	40	23	43	28	2076	16	14	2	0	7	|...|	3203125
#	3126	爱大橄榄	16	39	1	3	1	39	45	17	26	21	2075	16	14	2	0	7	|...|	3203126
#	3127	逝去小内森	16	32	1	3	1	32	36	44	35	17	2074	16	14	2	0	7	|...|	3203127
#	3128	浮夸大艾莉	16	39	1	3	1	39	21	36	17	40	2073	16	14	2	0	7	|...|	3203128
#	3129	正义小鲁宾逊	16	27	1	3	1	27	40	20	42	19	2072	16	14	2	0	7	|...|	3203129
#	3130	幽默小约瑟芬	16	35	1	3	1	35	33	45	34	38	2071	16	14	2	0	7	|...|	3203130
#	3131	轻的莫尼卡	16	41	1	3	1	41	29	43	36	20	2070	16	14	2	0	7	|...|	3203131
#	3132	饥饿的理查德	16	21	1	3	1	21	37	28	17	34	2069	16	14	2	0	7	|...|	3203132
#	3133	深沉小林恩	16	24	1	3	1	24	32	23	29	17	2068	16	14	2	0	7	|...|	3203133
#	3134	慈爱小华纳	16	17	1	3	1	17	39	42	30	40	2067	16	14	2	0	7	|...|	3203134
#	3135	极速朱莉娅	16	23	1	3	1	23	26	33	39	37	2066	16	14	2	0	7	|...|	3203135
#	3136	暴君艾基尔伦	16	44	1	3	1	44	23	41	24	20	2065	16	14	2	0	7	|...|	3203136
#	3137	饥饿西瓜	16	31	1	3	1	31	42	45	37	39	2064	16	14	2	0	7	|...|	3203137
#	3138	升华格林顿	16	24	1	3	1	24	26	40	36	23	2063	16	14	2	0	7	|...|	3203138
#	3139	阔绰马驹	16	44	1	3	1	44	29	31	37	35	2062	16	14	2	0	7	|...|	3203139
#	3140	滑稽小斯坦利	16	35	1	3	1	35	33	39	17	37	2061	16	14	2	0	7	|...|	3203140
#	3141	矜持小安倪	16	34	1	3	1	34	45	31	23	42	2060	16	14	2	0	7	|...|	3203141
#	3142	关键小劳伦特	16	44	1	3	1	44	33	28	35	29	2059	16	14	2	0	7	|...|	3203142
#	3143	失落大西蒙	16	26	1	3	1	26	18	41	45	29	2058	16	14	2	0	7	|...|	3203143
#	3144	火爆大启示录	16	23	1	3	1	23	36	17	28	37	2057	16	14	2	0	7	|...|	3203144
#	3145	圣贤加比	16	36	1	3	1	36	23	32	30	21	2056	16	14	2	0	7	|...|	3203145
#	3146	遗忘科尔	16	38	1	3	1	38	18	36	26	37	2055	16	14	2	0	7	|...|	3203146
#	3147	待定的大海	16	19	1	3	1	19	17	18	37	26	2054	16	14	2	0	7	|...|	3203147
#	3148	前场巨龙	16	23	1	3	1	23	34	27	44	32	2053	16	14	2	0	7	|...|	3203148
#	3149	奶油大安格斯	16	38	1	3	1	38	39	26	41	20	2052	16	14	2	0	7	|...|	3203149
#	3150	代言大米兰达	16	45	1	3	1	45	43	32	36	17	2051	16	14	2	0	7	|...|	3203150
#	3151	寂寞基蒂	16	21	1	3	1	21	42	28	34	32	2050	16	14	2	0	7	|...|	3203151
#	3152	绝世的布拉德	16	43	1	3	1	43	32	40	23	45	2049	16	14	2	0	7	|...|	3203152
#	3153	大小扳手	16	41	1	3	1	41	20	28	23	24	2048	16	14	2	0	7	|...|	3203153
#	3154	浮夸的乔伊斯	16	39	1	3	1	39	18	37	34	17	2047	16	14	2	0	7	|...|	3203154
#	3155	正经的莉娜	16	40	1	3	1	40	18	36	23	26	2046	16	14	2	0	7	|...|	3203155
#	3156	无相小加百利	16	38	1	3	1	38	36	35	26	37	2045	16	14	2	0	7	|...|	3203156
#	3157	爆裂弹小摩根	16	37	1	3	1	37	42	40	35	36	2044	16	14	2	0	7	|...|	3203157
#	3158	非常小尼尔	16	42	1	3	1	42	19	28	34	17	2043	16	14	2	0	7	|...|	3203158
#	3159	文静的斯坦利	16	45	1	3	1	45	39	28	44	36	2042	16	14	2	0	7	|...|	3203159
#	3160	雷霆小露西娅	16	38	1	3	1	38	39	45	42	24	2041	16	14	2	0	7	|...|	3203160
#	3161	魔相斯帕克	16	45	1	3	1	45	38	29	34	36	2040	16	14	2	0	7	|...|	3203161
#	3162	牛皮糖伊夫林	16	20	1	3	1	20	23	27	26	43	2039	16	14	2	0	7	|...|	3203162
#	3163	冷面的芭比	16	20	1	3	1	20	24	34	39	28	2038	16	14	2	0	7	|...|	3203163
#	3164	温柔艾基尔比	16	18	1	3	1	18	37	23	26	19	2037	16	14	2	0	7	|...|	3203164
#	3165	白发的柠檬	16	31	1	3	1	31	23	21	36	24	2036	16	14	2	0	7	|...|	3203165
#	3166	狂贼的柯利弗	16	41	1	3	1	41	37	24	31	32	2035	16	14	2	0	7	|...|	3203166
#	3167	金色小卡瑞达	16	18	1	3	1	18	27	42	40	17	2034	16	14	2	0	7	|...|	3203167
#	3168	探险雷纳德	16	20	1	3	1	20	38	35	34	41	2033	16	14	2	0	7	|...|	3203168
#	3169	滑稽的露茜	16	35	1	3	1	35	23	28	45	44	2032	16	14	2	0	7	|...|	3203169
#	3170	风流爱伦	16	44	1	3	1	44	18	29	42	37	2031	16	14	2	0	7	|...|	3203170
#	3171	矜持马库斯	16	30	1	3	1	30	42	43	33	31	2030	16	14	2	0	7	|...|	3203171
#	3172	十方小费怡	16	28	1	3	1	28	43	27	37	26	2029	16	14	2	0	7	|...|	3203172
#	3173	队草滑板	16	34	1	3	1	34	31	45	21	35	2028	16	14	2	0	7	|...|	3203173
#	3174	幽默谷仓	16	17	1	3	1	17	28	32	40	20	2027	16	14	2	0	7	|...|	3203174
#	3175	硬糖小里奇	16	17	1	3	1	17	39	29	23	33	2026	16	14	2	0	7	|...|	3203175
#	3176	绝世小方舟	16	29	1	3	1	29	44	23	36	42	2025	16	14	2	0	7	|...|	3203176
#	3177	重磅小安琪	16	18	1	3	1	18	37	30	27	19	2024	16	14	2	0	7	|...|	3203177
#	3178	绿色的莉娜	16	33	1	3	1	33	24	26	30	43	2023	16	14	2	0	7	|...|	3203178
#	3179	华丽格林顿	16	41	1	3	1	41	30	32	42	29	2022	16	14	2	0	7	|...|	3203179
#	3180	肥的晓恩	16	33	1	3	1	33	18	23	31	30	2021	16	14	2	0	7	|...|	3203180
#	3181	神秘大朱莉娅	16	33	1	3	1	33	34	45	27	42	2020	16	14	2	0	7	|...|	3203181
#	3182	光速菲奥纳	16	44	1	3	1	44	26	33	19	38	2019	16	14	2	0	7	|...|	3203182
#	3183	迟到小卡门	16	34	1	3	1	34	36	35	37	27	2018	16	14	2	0	7	|...|	3203183
#	3184	华丽斯坦利	16	43	1	3	1	43	42	28	29	38	2017	16	14	2	0	7	|...|	3203184
#	3185	神奇大尼尔	16	29	1	3	1	29	41	17	42	24	2016	16	14	2	0	7	|...|	3203185
#	3186	冷血大埃尔莎	16	41	1	3	1	41	36	26	31	44	2015	16	14	2	0	7	|...|	3203186
#	3187	白色海伦	16	19	1	3	1	19	37	18	23	20	2014	16	14	2	0	7	|...|	3203187
#	3188	旗下小莉娜	16	43	1	3	1	43	28	24	42	20	2013	16	14	2	0	7	|...|	3203188
#	3189	演技的天使	16	35	1	3	1	35	19	31	32	39	2012	16	14	2	0	7	|...|	3203189
#	3190	零式的瑞利	16	21	1	3	1	21	34	20	23	18	2011	16	14	2	0	7	|...|	3203190
#	3191	红白小真知	16	33	1	3	1	33	39	19	27	44	2010	16	14	2	0	7	|...|	3203191
#	3192	单车丹尼尔	16	17	1	3	1	17	24	43	29	28	2009	16	14	2	0	7	|...|	3203192
#	3193	蓝色大朱蒂	16	34	1	3	1	34	40	20	19	38	2008	16	14	2	0	7	|...|	3203193
#	3194	狂贼科迪	16	38	1	3	1	38	34	30	44	37	2007	16	14	2	0	7	|...|	3203194
#	3195	孤独的马丁	16	24	1	3	1	24	21	44	41	17	2006	16	14	2	0	7	|...|	3203195
#	3196	不羁大布兰奇	16	32	1	3	1	32	45	18	17	44	2005	16	14	2	0	7	|...|	3203196
#	3197	飞翔里奇	16	40	1	3	1	40	42	26	45	32	2004	16	14	2	0	7	|...|	3203197
#	3198	大帝的伯特	16	36	1	3	1	36	24	40	39	32	2003	16	14	2	0	7	|...|	3203198
#	3199	无妄大莉兹	16	31	1	3	1	31	35	36	45	41	2002	16	14	2	0	7	|...|	3203199
#	3200	逝去的大盘龙	16	18	1	3	1	18	39	35	29	33	2001	16	14	2	0	7	|...|	3203200
#	3201	代言的玛佩尔	15	21	1	3	0	21	23	32	38	29	2000	15	13	1	0	6	|...|	3203201
#	3202	零式马克斯	15	28	1	3	0	28	34	23	24	21	1999	15	13	1	0	6	|...|	3203202
#	3203	沉默的伊迪丝	15	27	1	3	0	27	34	33	31	30	1998	15	13	1	0	6	|...|	3203203
#	3204	闷骚小杰奎琳	15	35	1	3	0	35	29	18	27	44	1997	15	13	1	0	6	|...|	3203204
#	3205	爱大林恩	15	37	1	3	0	37	36	26	33	42	1996	15	13	1	0	6	|...|	3203205
#	3206	疗养的夕阳	15	28	1	3	0	28	36	18	37	23	1995	15	13	1	0	6	|...|	3203206
#	3207	助攻的荔枝	15	35	1	3	0	35	42	32	27	41	1994	15	13	1	0	6	|...|	3203207
#	3208	助攻比尔	15	36	1	3	0	36	40	34	38	23	1993	15	13	1	0	6	|...|	3203208
#	3209	正义凯琳	15	41	1	3	0	41	35	33	29	34	1992	15	13	1	0	6	|...|	3203209
#	3210	愤怒大掌柜	15	39	1	3	0	39	21	30	43	36	1991	15	13	1	0	6	|...|	3203210
#	3211	追风大番茄	15	42	1	3	0	42	29	21	39	27	1990	15	13	1	0	6	|...|	3203211
#	3212	温暖的凯	15	17	1	3	0	17	36	26	44	38	1989	15	13	1	0	6	|...|	3203212
#	3213	萌萌大蕾西	15	41	1	3	0	41	26	37	39	28	1988	15	13	1	0	6	|...|	3203213
#	3214	不攻的莱瑞拉	15	19	1	3	0	19	32	42	33	45	1987	15	13	1	0	6	|...|	3203214
#	3215	巅峰小布兰登	15	37	1	3	0	37	18	21	45	20	1986	15	13	1	0	6	|...|	3203215
#	3216	阳光小笆笆拉	15	29	1	3	0	29	28	21	43	33	1985	15	13	1	0	6	|...|	3203216
#	3217	关键大姬尔	15	37	1	3	0	37	40	18	21	44	1984	15	13	1	0	6	|...|	3203217
#	3218	西部大乔	15	23	1	3	0	23	38	35	30	34	1983	15	13	1	0	6	|...|	3203218
#	3219	沉默小沙琳	15	31	1	3	0	31	18	21	41	39	1982	15	13	1	0	6	|...|	3203219
#	3220	重小斯派克	15	21	1	3	0	21	26	20	31	34	1981	15	13	1	0	6	|...|	3203220
#	3221	散步卢克	15	40	1	3	0	40	35	24	37	20	1980	15	13	1	0	6	|...|	3203221
#	3222	低调大布伦达	15	38	1	3	0	38	35	44	33	20	1979	15	13	1	0	6	|...|	3203222
#	3223	野蛮小伊莱恩	15	24	1	3	0	24	33	26	44	23	1978	15	13	1	0	6	|...|	3203223
#	3224	帐下大唐纳德	15	37	1	3	0	37	40	33	17	41	1977	15	13	1	0	6	|...|	3203224
#	3225	助威大艾塞亚	15	20	1	3	0	20	35	42	21	29	1976	15	13	1	0	6	|...|	3203225
#	3226	失落大朱莉	15	27	1	3	0	27	36	28	39	40	1975	15	13	1	0	6	|...|	3203226
#	3227	蓝色	15	45	1	3	0	45	18	36	28	42	1974	15	13	1	0	6	|...|	3203227
#	3228	一个大菲比	15	44	1	3	0	44	35	40	45	39	1973	15	13	1	0	6	|...|	3203228
#	3229	风流大斯宾塞	15	18	1	3	0	18	28	21	30	36	1972	15	13	1	0	6	|...|	3203229
#	3230	极速小萨姆	15	45	1	3	0	45	17	42	21	23	1971	15	13	1	0	6	|...|	3203230
#	3231	雷霆比利	15	18	1	3	0	18	43	36	40	44	1970	15	13	1	0	6	|...|	3203231
#	3232	玻璃梅利莎	15	42	1	3	0	42	41	39	34	17	1969	15	13	1	0	6	|...|	3203232
#	3233	圆滑的本森	15	38	1	3	0	38	30	26	33	23	1968	15	13	1	0	6	|...|	3203233
#	3234	稳定罗琳	15	17	1	3	0	17	36	24	18	42	1967	15	13	1	0	6	|...|	3203234
#	3235	南方大山楂	15	23	1	3	0	23	32	29	36	34	1966	15	13	1	0	6	|...|	3203235
#	3236	复出的南茜	15	27	1	3	0	27	37	19	26	23	1965	15	13	1	0	6	|...|	3203236
#	3237	金色大凯斯	15	29	1	3	0	29	28	34	37	27	1964	15	13	1	0	6	|...|	3203237
#	3238	死神小托马斯	15	26	1	3	0	26	41	20	40	38	1963	15	13	1	0	6	|...|	3203238
#	3239	深沉的赫柏	15	27	1	3	0	27	34	18	28	26	1962	15	13	1	0	6	|...|	3203239
#	3240	今日科兹莫	15	28	1	3	0	28	44	31	29	32	1961	15	13	1	0	6	|...|	3203240
#	3241	强悍的柯利弗	15	23	1	3	0	23	43	31	17	29	1960	15	13	1	0	6	|...|	3203241
#	3242	圆梦达芙妮	15	24	1	3	0	24	45	29	43	32	1959	15	13	1	0	6	|...|	3203242
#	3243	仲裁列得	15	34	1	3	0	34	33	44	17	26	1958	15	13	1	0	6	|...|	3203243
#	3244	非常的路易斯	15	33	1	3	0	33	39	28	20	37	1957	15	13	1	0	6	|...|	3203244
#	3245	下凡的卡尔	15	29	1	3	0	29	32	41	30	40	1956	15	13	1	0	6	|...|	3203245
#	3246	文静贝拉	15	35	1	3	0	35	38	28	33	18	1955	15	13	1	0	6	|...|	3203246
#	3247	失落贝拉	15	32	1	3	0	32	42	37	39	26	1954	15	13	1	0	6	|...|	3203247
#	3248	致命奥斯卡	15	21	1	3	0	21	43	37	42	33	1953	15	13	1	0	6	|...|	3203248
#	3249	潜水小肯尼	15	44	1	3	0	44	41	23	33	19	1952	15	13	1	0	6	|...|	3203249
#	3250	秘密的姬恩	15	20	1	3	0	20	24	45	27	42	1951	15	13	1	0	6	|...|	3203250
#	3251	旗下大螺丝钉	15	42	1	3	0	42	40	24	27	21	1950	15	13	1	0	6	|...|	3203251
#	3252	文静小水饺	15	21	1	3	0	21	33	31	17	18	1949	15	13	1	0	6	|...|	3203252
#	3253	冰冷大斯帕克	15	35	1	3	0	35	19	41	44	32	1948	15	13	1	0	6	|...|	3203253
#	3254	冰封的林恩	15	21	1	3	0	21	31	34	17	29	1947	15	13	1	0	6	|...|	3203254
#	3255	潜水大椰子	15	36	1	3	0	36	32	19	29	23	1946	15	13	1	0	6	|...|	3203255
#	3256	特训曼达	15	29	1	3	0	29	19	39	17	28	1945	15	13	1	0	6	|...|	3203256
#	3257	幽灵大劳瑞	15	27	1	3	0	27	45	44	21	23	1944	15	13	1	0	6	|...|	3203257
#	3258	制霸大基蒂	15	33	1	3	0	33	45	26	41	31	1943	15	13	1	0	6	|...|	3203258
#	3259	种田的欧蕊	15	44	1	3	0	44	34	40	21	28	1942	15	13	1	0	6	|...|	3203259
#	3260	大艾许莉	15	33	1	3	0	33	32	41	24	26	1941	15	13	1	0	6	|...|	3203260
#	3261	残剑的克拉克	15	20	1	3	0	20	43	19	33	18	1940	15	13	1	0	6	|...|	3203261
#	3262	飞翔里奇	15	20	1	3	0	20	29	19	34	32	1939	15	13	1	0	6	|...|	3203262
#	3263	鹰眼大稻草	15	19	1	3	0	19	30	27	31	40	1938	15	13	1	0	6	|...|	3203263
#	3264	骄傲阿曼达	15	32	1	3	0	32	23	30	40	37	1937	15	13	1	0	6	|...|	3203264
#	3265	特别莉莉	15	29	1	3	0	29	43	30	44	33	1936	15	13	1	0	6	|...|	3203265
#	3266	出局的橄榄	15	42	1	3	0	42	36	29	21	24	1935	15	13	1	0	6	|...|	3203266
#	3267	肆虐的詹妮弗	15	41	1	3	0	41	44	29	30	34	1934	15	13	1	0	6	|...|	3203267
#	3268	硬糖小赫柏	15	34	1	3	0	34	40	38	32	20	1933	15	13	1	0	6	|...|	3203268
#	3269	闪电大沃伦	15	27	1	3	0	27	40	33	32	43	1932	15	13	1	0	6	|...|	3203269
#	3270	旗下大菲奥纳	15	18	1	3	0	18	21	42	32	35	1931	15	13	1	0	6	|...|	3203270
#	3271	稳定的曼达	15	38	1	3	0	38	35	18	36	33	1930	15	13	1	0	6	|...|	3203271
#	3272	吴钩的塞缪尔	15	33	1	3	0	33	37	17	40	42	1929	15	13	1	0	6	|...|	3203272
#	3273	挥手小贝斯	15	26	1	3	0	26	36	39	17	44	1928	15	13	1	0	6	|...|	3203273
#	3274	玻璃大汉克	15	42	1	3	0	42	40	45	17	43	1927	15	13	1	0	6	|...|	3203274
#	3275	回归杰西	15	20	1	3	0	20	41	26	17	28	1926	15	13	1	0	6	|...|	3203275
#	3276	补考费怡	15	40	1	3	0	40	39	37	26	31	1925	15	13	1	0	6	|...|	3203276
#	3277	上进艾玛	15	32	1	3	0	32	28	42	20	33	1924	15	13	1	0	6	|...|	3203277
#	3278	化身大兰迪	15	30	1	3	0	30	26	24	28	41	1923	15	13	1	0	6	|...|	3203278
#	3279	弹簧的丹尼尔	15	24	1	3	0	24	27	21	44	30	1922	15	13	1	0	6	|...|	3203279
#	3280	狂贼艾略特	15	28	1	3	0	28	40	17	30	19	1921	15	13	1	0	6	|...|	3203280
#	3281	巅峰小丹尼斯	15	33	1	3	0	33	21	24	43	29	1920	15	13	1	0	6	|...|	3203281
#	3282	圆梦小贾斯汀	15	45	1	3	0	45	40	31	30	21	1919	15	13	1	0	6	|...|	3203282
#	3283	冷面小简	15	33	1	3	0	33	35	45	34	31	1918	15	13	1	0	6	|...|	3203283
#	3284	骗经小凯莉	15	38	1	3	0	38	23	31	28	41	1917	15	13	1	0	6	|...|	3203284
#	3285	肆虐大朱恩	15	17	1	3	0	17	19	30	45	23	1916	15	13	1	0	6	|...|	3203285
#	3286	青训大丹尼尔	15	34	1	3	0	34	24	42	32	19	1915	15	13	1	0	6	|...|	3203286
#	3287	英俊的天使	15	40	1	3	0	40	34	29	32	43	1914	15	13	1	0	6	|...|	3203287
#	3288	骄傲的简	15	20	1	3	0	20	26	36	27	34	1913	15	13	1	0	6	|...|	3203288
#	3289	潜水小科迪	15	19	1	3	0	19	43	37	34	26	1912	15	13	1	0	6	|...|	3203289
#	3290	神之手小葡萄	15	20	1	3	0	20	18	32	43	19	1911	15	13	1	0	6	|...|	3203290
#	3291	终极克莱尔	15	27	1	3	0	27	36	21	40	26	1910	15	13	1	0	6	|...|	3203291
#	3292	面具小罗宾	15	41	1	3	0	41	38	19	39	36	1909	15	13	1	0	6	|...|	3203292
#	3293	多面科尔	15	36	1	3	0	36	30	34	41	33	1908	15	13	1	0	6	|...|	3203293
#	3294	疯狂小布兰特	15	33	1	3	0	33	18	27	32	41	1907	15	13	1	0	6	|...|	3203294
#	3295	神奇小米糕	15	19	1	3	0	19	33	42	35	23	1906	15	13	1	0	6	|...|	3203295
#	3296	无相的露茜	15	20	1	3	0	20	40	21	42	33	1905	15	13	1	0	6	|...|	3203296
#	3297	沉默迦勒	15	34	1	3	0	34	21	26	27	29	1904	15	13	1	0	6	|...|	3203297
#	3298	硬糖的晓恩	15	31	1	3	0	31	23	27	18	45	1903	15	13	1	0	6	|...|	3203298
#	3299	鹰眼小阿诺德	15	28	1	3	0	28	26	23	45	44	1902	15	13	1	0	6	|...|	3203299
#	3300	光速的栗子	15	44	1	3	0	44	18	33	21	39	1901	15	13	1	0	6	|...|	3203300
#	3301	低调小奥斯卡	15	29	1	3	0	29	34	23	33	40	1900	15	13	1	0	6	|...|	3203301
#	3302	阔绰小斯帕克	15	28	1	3	0	28	17	40	18	38	1899	15	13	1	0	6	|...|	3203302
#	3303	不破大艾萨克	15	44	1	3	0	44	21	36	20	30	1898	15	13	1	0	6	|...|	3203303
#	3304	过气小黛米	15	45	1	3	0	45	40	17	42	28	1897	15	13	1	0	6	|...|	3203304
#	3305	白发的瑞利	15	33	1	3	0	33	29	23	27	19	1896	15	13	1	0	6	|...|	3203305
#	3306	豪爽小洛克	15	35	1	3	0	35	19	26	34	31	1895	15	13	1	0	6	|...|	3203306
#	3307	唯一大比尔	15	44	1	3	0	44	38	39	35	37	1894	15	13	1	0	6	|...|	3203307
#	3308	魔相洛拉	15	23	1	3	0	23	28	45	27	31	1893	15	13	1	0	6	|...|	3203308
#	3309	三生的橄榄	15	28	1	3	0	28	38	20	18	35	1892	15	13	1	0	6	|...|	3203309
#	3310	登顶小埃莉卡	15	24	1	3	0	24	39	42	34	45	1891	15	13	1	0	6	|...|	3203310
#	3311	星月的凯尔	15	42	1	3	0	42	37	45	21	17	1890	15	13	1	0	6	|...|	3203311
#	3312	西部大康妮	15	29	1	3	0	29	19	30	42	27	1889	15	13	1	0	6	|...|	3203312
#	3313	挥手大阿曼达	15	26	1	3	0	26	21	45	28	33	1888	15	13	1	0	6	|...|	3203313
#	3314	忽悠大大卫	15	20	1	3	0	20	23	35	21	37	1887	15	13	1	0	6	|...|	3203314
#	3315	不羁小安尼塔	15	33	1	3	0	33	40	45	23	21	1886	15	13	1	0	6	|...|	3203315
#	3316	圆滑的格瑞塔	15	36	1	3	0	36	39	33	37	17	1885	15	13	1	0	6	|...|	3203316
#	3317	不羁大艾丽丝	15	20	1	3	0	20	21	39	44	43	1884	15	13	1	0	6	|...|	3203317
#	3318	白发小萨米	15	27	1	3	0	27	24	21	39	31	1883	15	13	1	0	6	|...|	3203318
#	3319	抽风的约书亚	15	41	1	3	0	41	29	26	31	17	1882	15	13	1	0	6	|...|	3203319
#	3320	暴走的安妮	15	23	1	3	0	23	34	33	40	17	1881	15	13	1	0	6	|...|	3203320
#	3321	红色小欧蕊	15	17	1	3	0	17	37	35	39	32	1880	15	13	1	0	6	|...|	3203321
#	3322	豪爽大邦妮	15	42	1	3	0	42	26	23	41	43	1879	15	13	1	0	6	|...|	3203322
#	3323	奔跑小朱莉	15	21	1	3	0	21	38	20	45	34	1878	15	13	1	0	6	|...|	3203323
#	3324	肆虐大雄鹰	15	41	1	3	0	41	44	24	42	18	1877	15	13	1	0	6	|...|	3203324
#	3325	唯一贝斯	15	19	1	3	0	19	31	30	42	33	1876	15	13	1	0	6	|...|	3203325
#	3326	西部西瓜	15	39	1	3	0	39	43	40	45	21	1875	15	13	1	0	6	|...|	3203326
#	3327	抽风小福特	15	40	1	3	0	40	44	27	45	20	1874	15	13	1	0	6	|...|	3203327
#	3328	圆滑大黛比	15	39	1	3	0	39	36	44	34	41	1873	15	13	1	0	6	|...|	3203328
#	3329	金色晓恩	15	31	1	3	0	31	39	36	23	41	1872	15	13	1	0	6	|...|	3203329
#	3330	特别亚伯	15	20	1	3	0	20	21	42	26	36	1871	15	13	1	0	6	|...|	3203330
#	3331	冷血大荔枝	15	23	1	3	0	23	28	33	42	37	1870	15	13	1	0	6	|...|	3203331
#	3332	化身的堂娜	15	38	1	3	0	38	32	40	37	17	1869	15	13	1	0	6	|...|	3203332
#	3333	助攻小降落伞	15	31	1	3	0	31	28	37	43	20	1868	15	13	1	0	6	|...|	3203333
#	3334	丑陋的吉莉安	15	36	1	3	0	36	29	31	37	26	1867	15	13	1	0	6	|...|	3203334
#	3335	非凡大莉兹	15	39	1	3	0	39	38	19	18	29	1866	15	13	1	0	6	|...|	3203335
#	3336	忘情小汉克	15	34	1	3	0	34	35	24	38	17	1865	15	13	1	0	6	|...|	3203336
#	3337	巨型小玛丽亚	15	24	1	3	0	24	36	39	30	35	1864	15	13	1	0	6	|...|	3203337
#	3338	棉花糖小尤杜拉	15	30	1	3	0	30	44	19	21	43	1863	15	13	1	0	6	|...|	3203338
#	3339	疗养小鲍比	15	19	1	3	0	19	41	32	21	35	1862	15	13	1	0	6	|...|	3203339
#	3340	诚信的马文	15	32	1	3	0	32	19	43	17	38	1861	15	13	1	0	6	|...|	3203340
#	3341	仲裁凯拉	15	33	1	3	0	33	30	23	24	17	1860	15	13	1	0	6	|...|	3203341
#	3342	矜持的堂娜	15	23	1	3	0	23	33	34	24	39	1859	15	13	1	0	6	|...|	3203342
#	3343	华丽小米迦勒	15	18	1	3	0	18	30	37	26	17	1858	15	13	1	0	6	|...|	3203343
#	3344	肥小麦克	15	35	1	3	0	35	38	26	44	20	1857	15	13	1	0	6	|...|	3203344
#	3345	绿色小采尼	15	35	1	3	0	35	38	39	36	30	1856	15	13	1	0	6	|...|	3203345
#	3346	遗忘的范	15	28	1	3	0	28	37	33	44	19	1855	15	13	1	0	6	|...|	3203346
#	3347	疗养小马尔斯	15	42	1	3	0	42	37	28	44	35	1854	15	13	1	0	6	|...|	3203347
#	3348	暴走小林恩	15	35	1	3	0	35	28	44	42	24	1853	15	13	1	0	6	|...|	3203348
#	3349	悟透小西蒙	15	31	1	3	0	31	33	30	44	28	1852	15	13	1	0	6	|...|	3203349
#	3350	遗忘大朱恩	15	23	1	3	0	23	38	28	35	39	1851	15	13	1	0	6	|...|	3203350
#	3351	神气小琳达	15	20	1	3	0	20	38	44	34	40	1850	15	13	1	0	6	|...|	3203351
#	3352	深沉大杰克逊	15	42	1	3	0	42	37	31	44	20	1849	15	13	1	0	6	|...|	3203352
#	3353	双刀小马克斯	15	18	1	3	0	18	23	35	36	17	1848	15	13	1	0	6	|...|	3203353
#	3354	袖珍大埃莉卡	15	45	1	3	0	45	29	17	39	21	1847	15	13	1	0	6	|...|	3203354
#	3355	有病的安尼塔	15	43	1	3	0	43	41	44	40	17	1846	15	13	1	0	6	|...|	3203355
#	3356	萌萌的丹尼尔	15	18	1	3	0	18	36	45	24	23	1845	15	13	1	0	6	|...|	3203356
#	3357	全能大布伦达	15	41	1	3	0	41	35	39	37	42	1844	15	13	1	0	6	|...|	3203357
#	3358	升华的汉纳	15	34	1	3	0	34	18	27	31	35	1843	15	13	1	0	6	|...|	3203358
#	3359	百式塞缪尔	15	40	1	3	0	40	44	28	33	24	1842	15	13	1	0	6	|...|	3203359
#	3360	军中道	15	23	1	3	0	23	35	32	24	17	1841	15	13	1	0	6	|...|	3203360
#	3361	红色乔安娜	15	40	1	3	0	40	23	34	39	33	1840	15	13	1	0	6	|...|	3203361
#	3362	全能的杰克	15	20	1	3	0	20	42	32	36	24	1839	15	13	1	0	6	|...|	3203362
#	3363	滑稽大科兹莫	15	30	1	3	0	30	27	44	45	28	1838	15	13	1	0	6	|...|	3203363
#	3364	特别埃拉	15	26	1	3	0	26	19	41	24	31	1837	15	13	1	0	6	|...|	3203364
#	3365	十方小海莉	15	26	1	3	0	26	30	29	41	19	1836	15	13	1	0	6	|...|	3203365
#	3366	伤感小梅	15	26	1	3	0	26	17	28	30	21	1835	15	13	1	0	6	|...|	3203366
#	3367	光速大达尔文	15	21	1	3	0	21	17	35	26	18	1834	15	13	1	0	6	|...|	3203367
#	3368	陨落的看门人	15	35	1	3	0	35	44	18	36	28	1833	15	13	1	0	6	|...|	3203368
#	3369	仲裁小詹妮	15	29	1	3	0	29	43	36	32	33	1832	15	13	1	0	6	|...|	3203369
#	3370	贤者大劳瑞	15	21	1	3	0	21	36	37	19	34	1831	15	13	1	0	6	|...|	3203370
#	3371	守望亚伦	15	24	1	3	0	24	32	18	36	28	1830	15	13	1	0	6	|...|	3203371
#	3372	糊涂小詹森	15	33	1	3	0	33	17	38	36	27	1829	15	13	1	0	6	|...|	3203372
#	3373	从容大克莉丝	15	39	1	3	0	39	29	20	31	38	1828	15	13	1	0	6	|...|	3203373
#	3374	神奇大本杰明	15	29	1	3	0	29	35	21	38	31	1827	15	13	1	0	6	|...|	3203374
#	3375	帐下的费怡	15	29	1	3	0	29	42	36	44	32	1826	15	13	1	0	6	|...|	3203375
#	3376	青训汤姆	15	24	1	3	0	24	39	21	37	31	1825	15	13	1	0	6	|...|	3203376
#	3377	补考小科瑞恩	15	44	1	3	0	44	26	23	31	35	1824	15	13	1	0	6	|...|	3203377
#	3378	仲裁劳瑞	15	33	1	3	0	33	27	43	23	42	1823	15	13	1	0	6	|...|	3203378
#	3379	懒散的姬恩	15	37	1	3	0	37	43	38	26	29	1822	15	13	1	0	6	|...|	3203379
#	3380	激情的青春	15	39	1	3	0	39	20	30	31	21	1821	15	13	1	0	6	|...|	3203380
#	3381	绝世的鲍比	15	31	1	3	0	31	24	45	20	19	1820	15	13	1	0	6	|...|	3203381
#	3382	唯一克拉克	15	44	1	3	0	44	32	42	24	17	1819	15	13	1	0	6	|...|	3203382
#	3383	登顶小杰罗姆	15	27	1	3	0	27	21	26	24	35	1818	15	13	1	0	6	|...|	3203383
#	3384	补考的天使	15	35	1	3	0	35	31	44	45	23	1817	15	13	1	0	6	|...|	3203384
#	3385	硬糖大姬恩	15	42	1	3	0	42	27	29	45	39	1816	15	13	1	0	6	|...|	3203385
#	3386	忧郁天使	15	20	1	3	0	20	39	30	40	36	1815	15	13	1	0	6	|...|	3203386
#	3387	多面的巨龙	15	30	1	3	0	30	29	42	43	28	1814	15	13	1	0	6	|...|	3203387
#	3388	文静大约书亚	15	44	1	3	0	44	26	38	30	37	1813	15	13	1	0	6	|...|	3203388
#	3389	雷霆安伯	15	31	1	3	0	31	30	38	36	19	1812	15	13	1	0	6	|...|	3203389
#	3390	全能小克洛伊	15	17	1	3	0	17	40	45	33	35	1811	15	13	1	0	6	|...|	3203390
#	3391	激情小二	15	29	1	3	0	29	28	23	20	38	1810	15	13	1	0	6	|...|	3203391
#	3392	玻璃安格斯	15	44	1	3	0	44	17	35	42	39	1809	15	13	1	0	6	|...|	3203392
#	3393	娃面大艾琳	15	17	1	3	0	17	42	38	36	28	1808	15	13	1	0	6	|...|	3203393
#	3394	回首大珍妮特	15	41	1	3	0	41	24	20	21	26	1807	15	13	1	0	6	|...|	3203394
#	3395	神气的海顿	15	24	1	3	0	24	26	28	20	37	1806	15	13	1	0	6	|...|	3203395
#	3396	有病鲁宾逊	15	24	1	3	0	24	18	36	30	23	1805	15	13	1	0	6	|...|	3203396
#	3397	一个大番茄	15	36	1	3	0	36	32	21	34	20	1804	15	13	1	0	6	|...|	3203397
#	3398	梦游露露	15	34	1	3	0	34	35	32	19	44	1803	15	13	1	0	6	|...|	3203398
#	3399	升华大杰弗瑞	15	23	1	3	0	23	40	18	37	20	1802	15	13	1	0	6	|...|	3203399
#	3400	办证小埃德加	15	20	1	3	0	20	27	40	28	42	1801	15	13	1	0	6	|...|	3203400
#	3401	极速弗农	14	20	1	2	3	20	31	21	23	42	1800	14	12	0	0	5	|...|	3203401
#	3402	蓝色的欧蕊	14	17	1	2	3	17	40	45	35	24	1799	14	12	0	0	5	|...|	3203402
#	3403	忽悠小稻草	14	41	1	2	3	41	21	37	30	32	1798	14	12	0	0	5	|...|	3203403
#	3404	潜水卡梅伦	14	38	1	2	3	38	35	19	28	41	1797	14	12	0	0	5	|...|	3203404
#	3405	橡皮大伊恩	14	30	1	2	3	30	33	34	42	32	1796	14	12	0	0	5	|...|	3203405
#	3406	风流的劳瑞	14	45	1	2	3	45	30	38	19	26	1795	14	12	0	0	5	|...|	3203406
#	3407	回归沃伦	14	27	1	2	3	27	45	30	26	21	1794	14	12	0	0	5	|...|	3203407
#	3408	正义大克里斯	14	39	1	2	3	39	45	17	44	19	1793	14	12	0	0	5	|...|	3203408
#	3409	星界小特里娜	14	38	1	2	3	38	40	23	42	20	1792	14	12	0	0	5	|...|	3203409
#	3410	娃面小米糕	14	35	1	2	3	35	18	41	17	19	1791	14	12	0	0	5	|...|	3203410
#	3411	牛皮糖大菲奥纳	14	24	1	2	3	24	29	41	17	26	1790	14	12	0	0	5	|...|	3203411
#	3412	不羁大塞缪尔	14	20	1	2	3	20	44	41	39	18	1789	14	12	0	0	5	|...|	3203412
#	3413	大帝大玛丽亚	14	23	1	2	3	23	17	32	30	34	1788	14	12	0	0	5	|...|	3203413
#	3414	贤者鲍伯	14	38	1	2	3	38	29	41	30	43	1787	14	12	0	0	5	|...|	3203414
#	3415	度假大卡瑞达	14	24	1	2	3	24	39	17	28	42	1786	14	12	0	0	5	|...|	3203415
#	3416	仁义的贝基	14	44	1	2	3	44	23	40	17	27	1785	14	12	0	0	5	|...|	3203416
#	3417	复出拉里	14	41	1	2	3	41	21	33	38	42	1784	14	12	0	0	5	|...|	3203417
#	3418	卷毛的安吉拉	14	26	1	2	3	26	34	38	36	37	1783	14	12	0	0	5	|...|	3203418
#	3419	未来的鲁宾逊	14	43	1	2	3	43	39	36	41	23	1782	14	12	0	0	5	|...|	3203419
#	3420	演技的琼	14	40	1	2	3	40	43	23	44	30	1781	14	12	0	0	5	|...|	3203420
#	3421	星界的罗伯特	14	38	1	2	3	38	45	24	43	35	1780	14	12	0	0	5	|...|	3203421
#	3422	呆呆大米歇尔	14	34	1	2	3	34	38	28	42	37	1779	14	12	0	0	5	|...|	3203422
#	3423	滚滚大汉娜	14	45	1	2	3	45	37	27	44	26	1778	14	12	0	0	5	|...|	3203423
#	3424	鹰眼的艾德蒙	14	41	1	2	3	41	18	34	28	17	1777	14	12	0	0	5	|...|	3203424
#	3425	潜水小迦勒	14	32	1	2	3	32	24	33	26	19	1776	14	12	0	0	5	|...|	3203425
#	3426	圣光杰西卡	14	34	1	2	3	34	32	24	20	44	1775	14	12	0	0	5	|...|	3203426
#	3427	诚信的肯尼迪	14	21	1	2	3	21	42	30	35	36	1774	14	12	0	0	5	|...|	3203427
#	3428	强悍大文森特	14	24	1	2	3	24	18	39	29	43	1773	14	12	0	0	5	|...|	3203428
#	3429	绝世大杰克	14	43	1	2	3	43	18	30	29	42	1772	14	12	0	0	5	|...|	3203429
#	3430	贤者小查尔斯	14	45	1	2	3	45	28	39	31	29	1771	14	12	0	0	5	|...|	3203430
#	3431	冷静的内森	14	27	1	2	3	27	26	43	33	35	1770	14	12	0	0	5	|...|	3203431
#	3432	做梦的罗杰	14	23	1	2	3	23	19	31	39	29	1769	14	12	0	0	5	|...|	3203432
#	3433	肥大降落伞	14	39	1	2	3	39	44	45	42	23	1768	14	12	0	0	5	|...|	3203433
#	3434	温暖小珍娜	14	27	1	2	3	27	24	23	18	33	1767	14	12	0	0	5	|...|	3203434
#	3435	圆梦大布赖恩	14	30	1	2	3	30	29	35	43	31	1766	14	12	0	0	5	|...|	3203435
#	3436	制裁小埃莉卡	14	19	1	2	3	19	40	45	23	26	1765	14	12	0	0	5	|...|	3203436
#	3437	金色小维克多	14	42	1	2	3	42	28	33	26	17	1764	14	12	0	0	5	|...|	3203437
#	3438	光速格瑞丝	14	39	1	2	3	39	24	17	36	43	1763	14	12	0	0	5	|...|	3203438
#	3439	失落的真相	14	45	1	2	3	45	33	20	34	38	1762	14	12	0	0	5	|...|	3203439
#	3440	嗜血格林顿	14	24	1	2	3	24	33	45	27	44	1761	14	12	0	0	5	|...|	3203440
#	3441	从容的杰西	14	26	1	2	3	26	19	45	30	41	1760	14	12	0	0	5	|...|	3203441
#	3442	嗜血小约书亚	14	37	1	2	3	37	19	38	40	23	1759	14	12	0	0	5	|...|	3203442
#	3443	寂寞小西瓜	14	20	1	2	3	20	28	30	41	17	1758	14	12	0	0	5	|...|	3203443
#	3444	西部小迪伦	14	34	1	2	3	34	24	20	44	35	1757	14	12	0	0	5	|...|	3203444
#	3445	冷静艾许莉	14	19	1	2	3	19	17	40	31	28	1756	14	12	0	0	5	|...|	3203445
#	3446	霹雳大兰斯	14	29	1	2	3	29	34	37	28	39	1755	14	12	0	0	5	|...|	3203446
#	3447	重小加百利	14	38	1	2	3	38	44	39	20	43	1754	14	12	0	0	5	|...|	3203447
#	3448	娃面的天使	14	41	1	2	3	41	20	17	29	18	1753	14	12	0	0	5	|...|	3203448
#	3449	演技的格瑞丝	14	38	1	2	3	38	39	19	28	35	1752	14	12	0	0	5	|...|	3203449
#	3450	从容的艾米丽	14	44	1	2	3	44	45	36	26	31	1751	14	12	0	0	5	|...|	3203450
#	3451	探险沃伦	14	24	1	2	3	24	36	17	29	31	1750	14	12	0	0	5	|...|	3203451
#	3452	帐下大欧蕊	14	30	1	2	3	30	43	29	26	27	1749	14	12	0	0	5	|...|	3203452
#	3453	急速小布莱克	14	19	1	2	3	19	30	45	29	43	1748	14	12	0	0	5	|...|	3203453
#	3454	阳光的艾美	14	26	1	2	3	26	37	33	38	45	1747	14	12	0	0	5	|...|	3203454
#	3455	懒散玛克辛	14	29	1	2	3	29	33	41	40	37	1746	14	12	0	0	5	|...|	3203455
#	3456	白发的莉莉	14	29	1	2	3	29	21	37	24	19	1745	14	12	0	0	5	|...|	3203456
#	3457	追风的凯莉	14	23	1	2	3	23	31	39	35	44	1744	14	12	0	0	5	|...|	3203457
#	3458	招牌小费怡	14	37	1	2	3	37	39	32	31	41	1743	14	12	0	0	5	|...|	3203458
#	3459	寂寞拉里	14	31	1	2	3	31	28	38	35	17	1742	14	12	0	0	5	|...|	3203459
#	3460	致命小兰迪	14	18	1	2	3	18	39	21	38	24	1741	14	12	0	0	5	|...|	3203460
#	3461	奶油阿尔瓦	14	36	1	2	3	36	27	45	30	29	1740	14	12	0	0	5	|...|	3203461
#	3462	走神赫柏	14	30	1	2	3	30	41	27	31	29	1739	14	12	0	0	5	|...|	3203462
#	3463	挥手梅琳达	14	41	1	2	3	41	24	26	21	42	1738	14	12	0	0	5	|...|	3203463
#	3464	不破大安东尼	14	19	1	2	3	19	44	42	20	21	1737	14	12	0	0	5	|...|	3203464
#	3465	青训的科林	14	38	1	2	3	38	18	28	36	44	1736	14	12	0	0	5	|...|	3203465
#	3466	棉花糖大肯	14	18	1	2	3	18	28	36	29	33	1735	14	12	0	0	5	|...|	3203466
#	3467	星界的阿曼达	14	39	1	2	3	39	45	42	19	26	1734	14	12	0	0	5	|...|	3203467
#	3468	哭泣的丹尼斯	14	17	1	2	3	17	20	28	36	42	1733	14	12	0	0	5	|...|	3203468
#	3469	随行大凯丽	14	45	1	2	3	45	38	21	44	28	1732	14	12	0	0	5	|...|	3203469
#	3470	死忠马文	14	21	1	2	3	21	29	39	36	26	1731	14	12	0	0	5	|...|	3203470
#	3471	帐下的拉里	14	21	1	2	3	21	23	28	33	38	1730	14	12	0	0	5	|...|	3203471
#	3472	热血琳达	14	40	1	2	3	40	39	38	23	33	1729	14	12	0	0	5	|...|	3203472
#	3473	待定小戴夫	14	21	1	2	3	21	39	27	34	40	1728	14	12	0	0	5	|...|	3203473
#	3474	奇怪的格瑞丝	14	28	1	2	3	28	30	23	27	24	1727	14	12	0	0	5	|...|	3203474
#	3475	无妄大莱瑞拉	14	30	1	2	3	30	28	41	24	26	1726	14	12	0	0	5	|...|	3203475
#	3476	希望的所罗门	14	32	1	2	3	32	30	17	36	39	1725	14	12	0	0	5	|...|	3203476
#	3477	优雅的汉纳	14	20	1	2	3	20	31	30	23	43	1724	14	12	0	0	5	|...|	3203477
#	3478	完美的莰蒂丝	14	19	1	2	3	19	18	26	20	24	1723	14	12	0	0	5	|...|	3203478
#	3479	梦游大维克多	14	31	1	2	3	31	38	43	33	34	1722	14	12	0	0	5	|...|	3203479
#	3480	守望的凯罗尔	14	31	1	2	3	31	44	21	40	37	1721	14	12	0	0	5	|...|	3203480
#	3481	骇人的艾莉莎	14	38	1	2	3	38	33	36	32	29	1720	14	12	0	0	5	|...|	3203481
#	3482	冷面大琼	14	32	1	2	3	32	30	33	29	27	1719	14	12	0	0	5	|...|	3203482
#	3483	正义梅维丝	14	41	1	2	3	41	40	35	34	21	1718	14	12	0	0	5	|...|	3203483
#	3484	凝固小卡米尔	14	36	1	2	3	36	34	19	31	35	1717	14	12	0	0	5	|...|	3203484
#	3485	重磅的大猩猩	14	37	1	2	3	37	21	29	39	36	1716	14	12	0	0	5	|...|	3203485
#	3486	羞羞里奇	14	30	1	2	3	30	32	41	24	27	1715	14	12	0	0	5	|...|	3203486
#	3487	慈善黛比	14	36	1	2	3	36	24	23	41	34	1714	14	12	0	0	5	|...|	3203487
#	3488	助威雨果	14	31	1	2	3	31	37	19	36	45	1713	14	12	0	0	5	|...|	3203488
#	3489	终极小水蜜桃	14	24	1	2	3	24	27	32	42	19	1712	14	12	0	0	5	|...|	3203489
#	3490	豪爽小雨果	14	43	1	2	3	43	35	28	38	29	1711	14	12	0	0	5	|...|	3203490
#	3491	豪爽小茉莉	14	37	1	2	3	37	43	19	30	33	1710	14	12	0	0	5	|...|	3203491
#	3492	种田的奥斯汀	14	26	1	2	3	26	35	43	20	32	1709	14	12	0	0	5	|...|	3203492
#	3493	今日大圣经	14	19	1	2	3	19	21	35	39	32	1708	14	12	0	0	5	|...|	3203493
#	3494	无间米迦勒	14	35	1	2	3	35	36	40	20	33	1707	14	12	0	0	5	|...|	3203494
#	3495	积极小米糕	14	31	1	2	3	31	38	27	29	34	1706	14	12	0	0	5	|...|	3203495
#	3496	天生特里	14	32	1	2	3	32	37	18	20	34	1705	14	12	0	0	5	|...|	3203496
#	3497	从容小伊恩	14	34	1	2	3	34	19	44	24	28	1704	14	12	0	0	5	|...|	3203497
#	3498	神圣小文森特	14	43	1	2	3	43	28	41	35	24	1703	14	12	0	0	5	|...|	3203498
#	3499	袖珍杰西卡	14	29	1	2	3	29	18	21	17	20	1702	14	12	0	0	5	|...|	3203499
#	3500	秃头赖安	14	18	1	2	3	18	21	20	33	40	1701	14	12	0	0	5	|...|	3203500
#	3501	萌萌大橄榄	14	27	1	2	3	27	44	38	42	35	1700	14	12	0	0	5	|...|	3203501
#	3502	忽悠的布兰奇	14	35	1	2	3	35	20	34	42	21	1699	14	12	0	0	5	|...|	3203502
#	3503	巨型大娜塔莉	14	39	1	2	3	39	43	31	38	17	1698	14	12	0	0	5	|...|	3203503
#	3504	冷面大堂娜	14	37	1	2	3	37	45	33	20	44	1697	14	12	0	0	5	|...|	3203504
#	3505	种田小贝拉	14	30	1	2	3	30	32	37	21	17	1696	14	12	0	0	5	|...|	3203505
#	3506	蓝色大弗瑞德	14	27	1	2	3	27	35	24	30	26	1695	14	12	0	0	5	|...|	3203506
#	3507	慈善大贾斯汀	14	32	1	2	3	32	19	26	37	41	1694	14	12	0	0	5	|...|	3203507
#	3508	迟到小凯琳	14	34	1	2	3	34	42	26	32	29	1693	14	12	0	0	5	|...|	3203508
#	3509	梦游大黛安娜	14	17	1	2	3	17	30	41	26	38	1692	14	12	0	0	5	|...|	3203509
#	3510	冰封小卡瑞达	14	26	1	2	3	26	27	38	42	31	1691	14	12	0	0	5	|...|	3203510
#	3511	全速的乔茜	14	19	1	2	3	19	43	29	27	38	1690	14	12	0	0	5	|...|	3203511
#	3512	硬糖大柚子	14	32	1	2	3	32	26	38	34	20	1689	14	12	0	0	5	|...|	3203512
#	3513	冰封比利	14	24	1	2	3	24	38	23	33	20	1688	14	12	0	0	5	|...|	3203513
#	3514	仲裁斯帕克	14	38	1	2	3	38	24	33	17	40	1687	14	12	0	0	5	|...|	3203514
#	3515	有病螺丝钉	14	27	1	2	3	27	40	19	23	20	1686	14	12	0	0	5	|...|	3203515
#	3516	长缨小马文	14	26	1	2	3	26	29	45	43	38	1685	14	12	0	0	5	|...|	3203516
#	3517	游荡安	14	39	1	2	3	39	36	40	42	28	1684	14	12	0	0	5	|...|	3203517
#	3518	滚滚梅甘	14	21	1	2	3	21	35	28	20	27	1683	14	12	0	0	5	|...|	3203518
#	3519	傲娇康妮	14	39	1	2	3	39	33	18	23	28	1682	14	12	0	0	5	|...|	3203519
#	3520	孤独小吉姆	14	23	1	2	3	23	45	19	27	44	1681	14	12	0	0	5	|...|	3203520
#	3521	小大加比	14	30	1	2	3	30	35	24	18	45	1680	14	12	0	0	5	|...|	3203521
#	3522	遗忘小托德	14	36	1	2	3	36	18	43	35	34	1679	14	12	0	0	5	|...|	3203522
#	3523	狂野大科迪	14	28	1	2	3	28	45	37	34	44	1678	14	12	0	0	5	|...|	3203523
#	3524	神秘法典	14	41	1	2	3	41	30	35	20	36	1677	14	12	0	0	5	|...|	3203524
#	3525	死忠的塞缪尔	14	18	1	2	3	18	39	17	23	21	1676	14	12	0	0	5	|...|	3203525
#	3526	无相的米奇	14	35	1	2	3	35	23	38	37	44	1675	14	12	0	0	5	|...|	3203526
#	3527	出局大柯利弗	14	35	1	2	3	35	30	42	38	39	1674	14	12	0	0	5	|...|	3203527
#	3528	理发的杜克	14	18	1	2	3	18	29	24	43	33	1673	14	12	0	0	5	|...|	3203528
#	3529	疯狂小马丁	14	20	1	2	3	20	36	17	27	37	1672	14	12	0	0	5	|...|	3203529
#	3530	独眼的艾萨克	14	36	1	2	3	36	30	31	33	27	1671	14	12	0	0	5	|...|	3203530
#	3531	疯狂伊桑	14	44	1	2	3	44	30	26	33	31	1670	14	12	0	0	5	|...|	3203531
#	3532	多面的迈克尔	14	39	1	2	3	39	18	23	29	20	1669	14	12	0	0	5	|...|	3203532
#	3533	北欧小林恩	14	32	1	2	3	32	21	37	42	36	1668	14	12	0	0	5	|...|	3203533
#	3534	仲裁的贝亚特	14	17	1	2	3	17	43	28	18	26	1667	14	12	0	0	5	|...|	3203534
#	3535	长缨姬恩	14	35	1	2	3	35	43	36	17	18	1666	14	12	0	0	5	|...|	3203535
#	3536	圣光大樱桃	14	42	1	2	3	42	24	29	17	43	1665	14	12	0	0	5	|...|	3203536
#	3537	温暖大贝拉	14	32	1	2	3	32	37	17	35	31	1664	14	12	0	0	5	|...|	3203537
#	3538	急速大青春	14	35	1	2	3	35	29	44	19	18	1663	14	12	0	0	5	|...|	3203538
#	3539	神秘杰伊	14	29	1	2	3	29	20	27	26	44	1662	14	12	0	0	5	|...|	3203539
#	3540	登顶的路易莎	14	40	1	2	3	40	30	45	21	33	1661	14	12	0	0	5	|...|	3203540
#	3541	励志的菲利普	14	24	1	2	3	24	43	38	23	35	1660	14	12	0	0	5	|...|	3203541
#	3542	特训的戴茜	14	37	1	2	3	37	41	40	26	34	1659	14	12	0	0	5	|...|	3203542
#	3543	独眼青春	14	39	1	2	3	39	28	35	36	27	1658	14	12	0	0	5	|...|	3203543
#	3544	暴君大凯茜	14	45	1	2	3	45	24	39	43	19	1657	14	12	0	0	5	|...|	3203544
#	3545	伤心大莉莲	14	31	1	2	3	31	35	18	40	23	1656	14	12	0	0	5	|...|	3203545
#	3546	孤傲小乔尼	14	27	1	2	3	27	28	42	24	36	1655	14	12	0	0	5	|...|	3203546
#	3547	硬糖大奥利弗	14	27	1	2	3	27	31	34	40	23	1654	14	12	0	0	5	|...|	3203547
#	3548	圆梦大路易斯	14	28	1	2	3	28	44	36	41	39	1653	14	12	0	0	5	|...|	3203548
#	3549	骄傲的马克	14	21	1	2	3	21	17	20	41	23	1652	14	12	0	0	5	|...|	3203549
#	3550	饥饿的罗兰	14	32	1	2	3	32	21	33	42	23	1651	14	12	0	0	5	|...|	3203550
#	3551	西部小栗子	14	43	1	2	3	43	44	41	24	34	1650	14	12	0	0	5	|...|	3203551
#	3552	棉花糖小滑板	14	29	1	2	3	29	23	45	43	44	1649	14	12	0	0	5	|...|	3203552
#	3553	抢镜的基诺	14	28	1	2	3	28	31	21	18	43	1648	14	12	0	0	5	|...|	3203553
#	3554	全速的布伦达	14	34	1	2	3	34	24	45	32	43	1647	14	12	0	0	5	|...|	3203554
#	3555	化身艾基尔达	14	40	1	2	3	40	39	21	37	30	1646	14	12	0	0	5	|...|	3203555
#	3556	演技格林顿	14	21	1	2	3	21	28	45	26	37	1645	14	12	0	0	5	|...|	3203556
#	3557	阔绰斯派克	14	35	1	2	3	35	45	24	21	31	1644	14	12	0	0	5	|...|	3203557
#	3558	恋恋的达茜	14	42	1	2	3	42	29	33	20	44	1643	14	12	0	0	5	|...|	3203558
#	3559	飞翔雷纳德	14	28	1	2	3	28	26	20	23	37	1642	14	12	0	0	5	|...|	3203559
#	3560	秃头小凯拉	14	18	1	2	3	18	37	20	35	36	1641	14	12	0	0	5	|...|	3203560
#	3561	神圣的迈克尔	14	42	1	2	3	42	39	33	28	20	1640	14	12	0	0	5	|...|	3203561
#	3562	激情艾丽丝	14	17	1	2	3	17	42	21	24	18	1639	14	12	0	0	5	|...|	3203562
#	3563	未来的卡米尔	14	37	1	2	3	37	17	18	39	34	1638	14	12	0	0	5	|...|	3203563
#	3564	金色大包子	14	42	1	2	3	42	27	19	30	41	1637	14	12	0	0	5	|...|	3203564
#	3565	完美小昆廷	14	21	1	2	3	21	20	23	45	40	1636	14	12	0	0	5	|...|	3203565
#	3566	全速凯罗尔	14	24	1	2	3	24	44	37	43	29	1635	14	12	0	0	5	|...|	3203566
#	3567	腹黑的爱丝特	14	20	1	2	3	20	31	19	37	18	1634	14	12	0	0	5	|...|	3203567
#	3568	游荡史蒂文	14	32	1	2	3	32	40	33	17	27	1633	14	12	0	0	5	|...|	3203568
#	3569	轻大桃花源	14	29	1	2	3	29	33	41	39	35	1632	14	12	0	0	5	|...|	3203569
#	3570	滚滚的海伦	14	29	1	2	3	29	42	45	17	24	1631	14	12	0	0	5	|...|	3203570
#	3571	腹黑小约瑟夫	14	27	1	2	3	27	43	42	23	30	1630	14	12	0	0	5	|...|	3203571
#	3572	奶油的布兰特	14	43	1	2	3	43	19	17	31	35	1629	14	12	0	0	5	|...|	3203572
#	3573	单车小朱迪丝	14	43	1	2	3	43	23	31	20	17	1628	14	12	0	0	5	|...|	3203573
#	3574	雷霆路易斯	14	24	1	2	3	24	34	28	37	19	1627	14	12	0	0	5	|...|	3203574
#	3575	耍帅小诺亚	14	31	1	2	3	31	39	41	45	43	1626	14	12	0	0	5	|...|	3203575
#	3576	正经弗恩	14	17	1	2	3	17	23	31	45	32	1625	14	12	0	0	5	|...|	3203576
#	3577	探险小达尔文	14	18	1	2	3	18	35	27	43	31	1624	14	12	0	0	5	|...|	3203577
#	3578	公正小布拉德	14	27	1	2	3	27	20	39	17	32	1623	14	12	0	0	5	|...|	3203578
#	3579	秘密的乔治	14	21	1	2	3	21	26	19	40	17	1622	14	12	0	0	5	|...|	3203579
#	3580	双刀小梅森	14	30	1	2	3	30	33	20	27	41	1621	14	12	0	0	5	|...|	3203580
#	3581	耍帅大海莉	14	32	1	2	3	32	35	24	44	39	1620	14	12	0	0	5	|...|	3203581
#	3582	天空哈利	14	27	1	2	3	27	17	21	33	43	1619	14	12	0	0	5	|...|	3203582
#	3583	华丽大安琪	14	36	1	2	3	36	31	32	39	45	1618	14	12	0	0	5	|...|	3203583
#	3584	励志默示录	14	45	1	2	3	45	39	44	43	41	1617	14	12	0	0	5	|...|	3203584
#	3585	制裁卡瑞达	14	32	1	2	3	32	19	37	18	31	1616	14	12	0	0	5	|...|	3203585
#	3586	冰冷小法典	14	32	1	2	3	32	19	20	31	24	1615	14	12	0	0	5	|...|	3203586
#	3587	灌水大坎蒂	14	42	1	2	3	42	18	23	37	44	1614	14	12	0	0	5	|...|	3203587
#	3588	演技的埃莉诺	14	39	1	2	3	39	29	37	32	31	1613	14	12	0	0	5	|...|	3203588
#	3589	正经小栗子	14	31	1	2	3	31	45	28	19	37	1612	14	12	0	0	5	|...|	3203589
#	3590	爱小尼克	14	38	1	2	3	38	36	37	43	41	1611	14	12	0	0	5	|...|	3203590
#	3591	重艾基尔达	14	24	1	2	3	24	40	20	38	28	1610	14	12	0	0	5	|...|	3203591
#	3592	孤独小海伦	14	31	1	2	3	31	43	26	21	20	1609	14	12	0	0	5	|...|	3203592
#	3593	死忠小阿波罗	14	17	1	2	3	17	40	28	33	26	1608	14	12	0	0	5	|...|	3203593
#	3594	华丽小伊迪丝	14	17	1	2	3	17	43	32	36	31	1607	14	12	0	0	5	|...|	3203594
#	3595	救世大弗恩	14	23	1	2	3	23	41	24	18	38	1606	14	12	0	0	5	|...|	3203595
#	3596	爆裂弹马尔斯	14	40	1	2	3	40	43	31	26	41	1605	14	12	0	0	5	|...|	3203596
#	3597	寂寞降落伞	14	44	1	2	3	44	27	26	34	43	1604	14	12	0	0	5	|...|	3203597
#	3598	白天大乔茜	14	19	1	2	3	19	24	21	45	35	1603	14	12	0	0	5	|...|	3203598
#	3599	酱油的姬尔	14	38	1	2	3	38	27	37	29	21	1602	14	12	0	0	5	|...|	3203599
#	3600	冷面小莰蒂丝	14	40	1	2	3	40	17	27	21	24	1601	14	12	0	0	5	|...|	3203600
#	3601	疗养小琳达	13	31	1	2	2	31	29	27	30	38	1600	13	11	0	0	4	|...|	3203601
#	3602	回归的梅甘	13	23	1	2	2	23	31	38	41	20	1599	13	11	0	0	4	|...|	3203602
#	3603	招牌斯考特	13	23	1	2	2	23	21	39	20	27	1598	13	11	0	0	4	|...|	3203603
#	3604	终极伊迪萨	13	40	1	2	2	40	23	39	36	24	1597	13	11	0	0	4	|...|	3203604
#	3605	出头的玛莎	13	35	1	2	2	35	37	41	20	17	1596	13	11	0	0	4	|...|	3203605
#	3606	无声乔	13	31	1	2	2	31	37	20	33	34	1595	13	11	0	0	4	|...|	3203606
#	3607	三生大卡罗琳	13	30	1	2	2	30	45	44	35	38	1594	13	11	0	0	4	|...|	3203607
#	3608	肥的科兹莫	13	17	1	2	2	17	29	44	21	38	1593	13	11	0	0	4	|...|	3203608
#	3609	遗憾小罗杰	13	33	1	2	2	33	26	18	43	24	1592	13	11	0	0	4	|...|	3203609
#	3610	芭蕾大伊妮德	13	23	1	2	2	23	31	38	30	45	1591	13	11	0	0	4	|...|	3203610
#	3611	助攻梅	13	30	1	2	2	30	45	32	31	27	1590	13	11	0	0	4	|...|	3203611
#	3612	魔幻小杰西	13	43	1	2	2	43	28	21	26	38	1589	13	11	0	0	4	|...|	3203612
#	3613	追风大西德尼	13	42	1	2	2	42	18	40	45	43	1588	13	11	0	0	4	|...|	3203613
#	3614	失落的鬣狗	13	35	1	2	2	35	27	18	45	37	1587	13	11	0	0	4	|...|	3203614
#	3615	光速大布伦达	13	32	1	2	2	32	42	43	23	29	1586	13	11	0	0	4	|...|	3203615
#	3616	幽灵小戴夫	13	44	1	2	2	44	35	32	21	42	1585	13	11	0	0	4	|...|	3203616
#	3617	西部的赖安	13	37	1	2	2	37	21	43	31	17	1584	13	11	0	0	4	|...|	3203617
#	3618	滚滚的雨果	13	23	1	2	2	23	44	21	36	37	1583	13	11	0	0	4	|...|	3203618
#	3619	完美林恩	13	21	1	2	2	21	18	24	45	23	1582	13	11	0	0	4	|...|	3203619
#	3620	圆滑的雅各布	13	35	1	2	2	35	40	43	42	30	1581	13	11	0	0	4	|...|	3203620
#	3621	制霸雅各布	13	20	1	2	2	20	44	42	26	28	1580	13	11	0	0	4	|...|	3203621
#	3622	小柚子	13	18	1	2	2	18	32	45	37	43	1579	13	11	0	0	4	|...|	3203622
#	3623	巨型大简	13	35	1	2	2	35	41	40	39	29	1578	13	11	0	0	4	|...|	3203623
#	3624	造点大麦克	13	36	1	2	2	36	21	42	30	26	1577	13	11	0	0	4	|...|	3203624
#	3625	冷静大布兰登	13	23	1	2	2	23	28	20	42	37	1576	13	11	0	0	4	|...|	3203625
#	3626	糊涂的所罗门	13	35	1	2	2	35	32	37	41	31	1575	13	11	0	0	4	|...|	3203626
#	3627	仁义小面条	13	20	1	2	2	20	35	44	45	27	1574	13	11	0	0	4	|...|	3203627
#	3628	伤心小采尼	13	19	1	2	2	19	33	28	17	35	1573	13	11	0	0	4	|...|	3203628
#	3629	仁义小埃莉诺	13	24	1	2	2	24	31	27	26	44	1572	13	11	0	0	4	|...|	3203629
#	3630	嗜血面条	13	31	1	2	2	31	19	36	18	41	1571	13	11	0	0	4	|...|	3203630
#	3631	带刀汉克	13	18	1	2	2	18	30	17	20	29	1570	13	11	0	0	4	|...|	3203631
#	3632	面具大菲利普	13	19	1	2	2	19	45	27	34	32	1569	13	11	0	0	4	|...|	3203632
#	3633	难舍大露茜	13	28	1	2	2	28	42	17	30	43	1568	13	11	0	0	4	|...|	3203633
#	3634	酱油大劳瑞恩	13	32	1	2	2	32	24	17	34	31	1567	13	11	0	0	4	|...|	3203634
#	3635	乱世大布伦特	13	34	1	2	2	34	33	41	35	42	1566	13	11	0	0	4	|...|	3203635
#	3636	冷面的克洛伊	13	43	1	2	2	43	21	28	33	32	1565	13	11	0	0	4	|...|	3203636
#	3637	助威大肯尼斯	13	43	1	2	2	43	39	24	31	18	1564	13	11	0	0	4	|...|	3203637
#	3638	酱油大乔伊	13	19	1	2	2	19	23	18	21	35	1563	13	11	0	0	4	|...|	3203638
#	3639	沉默大西蒙	13	38	1	2	2	38	31	36	39	33	1562	13	11	0	0	4	|...|	3203639
#	3640	非常姬尔	13	23	1	2	2	23	20	32	44	31	1561	13	11	0	0	4	|...|	3203640
#	3641	蓝色克莉丝	13	35	1	2	2	35	38	18	34	32	1560	13	11	0	0	4	|...|	3203641
#	3642	全能尼尔森	13	30	1	2	2	30	44	37	43	26	1559	13	11	0	0	4	|...|	3203642
#	3643	队草大亚当	13	38	1	2	2	38	26	36	17	23	1558	13	11	0	0	4	|...|	3203643
#	3644	十方朱迪丝	13	42	1	2	2	42	40	45	33	37	1557	13	11	0	0	4	|...|	3203644
#	3645	沉默大詹姆士	13	27	1	2	2	27	40	45	39	38	1556	13	11	0	0	4	|...|	3203645
#	3646	秘密大降落伞	13	37	1	2	2	37	24	27	30	44	1555	13	11	0	0	4	|...|	3203646
#	3647	理发罗宾	13	43	1	2	2	43	32	35	30	31	1554	13	11	0	0	4	|...|	3203647
#	3648	希望的汤米	13	43	1	2	2	43	26	40	30	23	1553	13	11	0	0	4	|...|	3203648
#	3649	疗养的采尼	13	31	1	2	2	31	33	35	37	39	1552	13	11	0	0	4	|...|	3203649
#	3650	灌水的瑞利	13	29	1	2	2	29	17	39	18	24	1551	13	11	0	0	4	|...|	3203650
#	3651	红色小布兰妮	13	31	1	2	2	31	43	36	41	29	1550	13	11	0	0	4	|...|	3203651
#	3652	爱大坎蒂	13	28	1	2	2	28	21	33	24	23	1549	13	11	0	0	4	|...|	3203652
#	3653	盗梦小夕阳	13	43	1	2	2	43	18	17	41	33	1548	13	11	0	0	4	|...|	3203653
#	3654	游荡大罗宾	13	35	1	2	2	35	32	30	44	42	1547	13	11	0	0	4	|...|	3203654
#	3655	伤感椰子	13	28	1	2	2	28	45	17	32	21	1546	13	11	0	0	4	|...|	3203655
#	3656	救世小福罗拉	13	40	1	2	2	40	17	32	26	21	1545	13	11	0	0	4	|...|	3203656
#	3657	无畏大理查德	13	17	1	2	2	17	31	36	34	37	1544	13	11	0	0	4	|...|	3203657
#	3658	阳光福罗拉	13	44	1	2	2	44	23	29	35	24	1543	13	11	0	0	4	|...|	3203658
#	3659	鹰眼简	13	26	1	2	2	26	34	41	30	27	1542	13	11	0	0	4	|...|	3203659
#	3660	极速的雷	13	42	1	2	2	42	43	30	45	26	1541	13	11	0	0	4	|...|	3203660
#	3661	无声小珍娜	13	37	1	2	2	37	21	35	42	41	1540	13	11	0	0	4	|...|	3203661
#	3662	诚信汉纳	13	26	1	2	2	26	41	40	35	30	1539	13	11	0	0	4	|...|	3203662
#	3663	嗜血曼达	13	39	1	2	2	39	40	20	33	30	1538	13	11	0	0	4	|...|	3203663
#	3664	蓝色小汉纳	13	20	1	2	2	20	30	45	28	37	1537	13	11	0	0	4	|...|	3203664
#	3665	伤心的珍妮特	13	42	1	2	2	42	43	21	35	28	1536	13	11	0	0	4	|...|	3203665
#	3666	矜持的切尔西	13	40	1	2	2	40	35	26	31	28	1535	13	11	0	0	4	|...|	3203666
#	3667	出头的乔治	13	30	1	2	2	30	31	24	44	42	1534	13	11	0	0	4	|...|	3203667
#	3668	积极黛布拉	13	36	1	2	2	36	28	26	43	33	1533	13	11	0	0	4	|...|	3203668
#	3669	恋恋卡蒂	13	17	1	2	2	17	37	24	44	19	1532	13	11	0	0	4	|...|	3203669
#	3670	闪电小雷欧	13	28	1	2	2	28	18	36	42	30	1531	13	11	0	0	4	|...|	3203670
#	3671	梦幻小柠檬	13	37	1	2	2	37	23	17	41	21	1530	13	11	0	0	4	|...|	3203671
#	3672	陨落大多拉	13	45	1	2	2	45	30	38	34	42	1529	13	11	0	0	4	|...|	3203672
#	3673	光速的奥斯汀	13	31	1	2	2	31	38	36	41	35	1528	13	11	0	0	4	|...|	3203673
#	3674	快乐弗瑞德	13	21	1	2	2	21	38	34	44	32	1527	13	11	0	0	4	|...|	3203674
#	3675	神锋的琳赛	13	38	1	2	2	38	33	21	41	19	1526	13	11	0	0	4	|...|	3203675
#	3676	恋恋的华纳	13	40	1	2	2	40	39	21	17	34	1525	13	11	0	0	4	|...|	3203676
#	3677	唯一大尼尔	13	43	1	2	2	43	35	30	27	19	1524	13	11	0	0	4	|...|	3203677
#	3678	仁义的杰西	13	21	1	2	2	21	37	45	24	36	1523	13	11	0	0	4	|...|	3203678
#	3679	蓝色马驹	13	39	1	2	2	39	35	45	37	24	1522	13	11	0	0	4	|...|	3203679
#	3680	奇妙大曼达	13	18	1	2	2	18	38	20	42	26	1521	13	11	0	0	4	|...|	3203680
#	3681	不攻艾基尔维	13	44	1	2	2	44	28	26	41	36	1520	13	11	0	0	4	|...|	3203681
#	3682	冷血大朱莉	13	45	1	2	2	45	23	42	20	33	1519	13	11	0	0	4	|...|	3203682
#	3683	冷静大杰西卡	13	42	1	2	2	42	21	41	36	34	1518	13	11	0	0	4	|...|	3203683
#	3684	种田安尼塔	13	27	1	2	2	27	45	39	37	18	1517	13	11	0	0	4	|...|	3203684
#	3685	招牌大罗文	13	40	1	2	2	40	26	44	28	29	1516	13	11	0	0	4	|...|	3203685
#	3686	绿色凯斯	13	24	1	2	2	24	36	32	45	21	1515	13	11	0	0	4	|...|	3203686
#	3687	龅牙大马修	13	39	1	2	2	39	41	32	34	44	1514	13	11	0	0	4	|...|	3203687
#	3688	愤怒大罗纳德	13	20	1	2	2	20	19	29	41	39	1513	13	11	0	0	4	|...|	3203688
#	3689	金色戴茜	13	37	1	2	2	37	35	38	40	24	1512	13	11	0	0	4	|...|	3203689
#	3690	绿色的柳真	13	40	1	2	2	40	38	36	35	34	1511	13	11	0	0	4	|...|	3203690
#	3691	哭泣莱斯利	13	23	1	2	2	23	27	36	29	19	1510	13	11	0	0	4	|...|	3203691
#	3692	懒散大安琪	13	40	1	2	2	40	30	44	29	37	1509	13	11	0	0	4	|...|	3203692
#	3693	激情大罗宾	13	42	1	2	2	42	31	37	19	27	1508	13	11	0	0	4	|...|	3203693
#	3694	疗养的德里克	13	43	1	2	2	43	18	34	24	19	1507	13	11	0	0	4	|...|	3203694
#	3695	遗忘的埃里克	13	41	1	2	2	41	36	30	38	35	1506	13	11	0	0	4	|...|	3203695
#	3696	愤怒的丹尼尔	13	33	1	2	2	33	18	19	17	21	1505	13	11	0	0	4	|...|	3203696
#	3697	从容大比利	13	41	1	2	2	41	39	27	19	17	1504	13	11	0	0	4	|...|	3203697
#	3698	耍帅大欧文	13	31	1	2	2	31	43	33	28	41	1503	13	11	0	0	4	|...|	3203698
#	3699	终极小卡梅伦	13	38	1	2	2	38	34	44	18	26	1502	13	11	0	0	4	|...|	3203699
#	3700	希望莉娜	13	34	1	2	2	34	31	30	39	36	1501	13	11	0	0	4	|...|	3203700
#	3701	种田的弗瑞德	13	43	1	2	2	43	23	29	44	33	1500	13	11	0	0	4	|...|	3203701
#	3702	英俊小笆笆拉	13	40	1	2	2	40	18	38	24	21	1499	13	11	0	0	4	|...|	3203702
#	3703	华丽斯帕克	13	18	1	2	2	18	42	37	28	21	1498	13	11	0	0	4	|...|	3203703
#	3704	落泪安尼塔	13	40	1	2	2	40	26	32	18	29	1497	13	11	0	0	4	|...|	3203704
#	3705	神秘的坎蒂	13	18	1	2	2	18	44	40	23	39	1496	13	11	0	0	4	|...|	3203705
#	3706	蓝眼杰奎琳	13	34	1	2	2	34	37	18	32	31	1495	13	11	0	0	4	|...|	3203706
#	3707	神锋的卡米尔	13	42	1	2	2	42	24	21	28	30	1494	13	11	0	0	4	|...|	3203707
#	3708	幽默小昆廷	13	45	1	2	2	45	42	44	38	40	1493	13	11	0	0	4	|...|	3203708
#	3709	伪善小里奇	13	41	1	2	2	41	31	20	30	39	1492	13	11	0	0	4	|...|	3203709
#	3710	零式梅米	13	30	1	2	2	30	18	28	17	37	1491	13	11	0	0	4	|...|	3203710
#	3711	零式小尤杜拉	13	32	1	2	2	32	39	24	33	18	1490	13	11	0	0	4	|...|	3203711
#	3712	我们在英俊	13	29	1	2	2	29	32	26	28	44	1489	13	11	0	0	4	|...|	3203712
#	3713	绿色艾莉	13	23	1	2	2	23	40	45	41	30	1488	13	11	0	0	4	|...|	3203713
#	3714	孤独的拉里	13	42	1	2	2	42	37	18	44	26	1487	13	11	0	0	4	|...|	3203714
#	3715	呆呆大爱伦	13	27	1	2	2	27	31	38	39	30	1486	13	11	0	0	4	|...|	3203715
#	3716	励志的爱迪生	13	30	1	2	2	30	21	39	42	26	1485	13	11	0	0	4	|...|	3203716
#	3717	萌萌小真相	13	37	1	2	2	37	34	41	19	29	1484	13	11	0	0	4	|...|	3203717
#	3718	微笑大玛克辛	13	30	1	2	2	30	32	42	27	43	1483	13	11	0	0	4	|...|	3203718
#	3719	爆裂弹小洛克	13	31	1	2	2	31	43	36	19	29	1482	13	11	0	0	4	|...|	3203719
#	3720	雷霆的吉姆	13	30	1	2	2	30	29	21	44	33	1481	13	11	0	0	4	|...|	3203720
#	3721	大珍娜	13	37	1	2	2	37	34	17	38	29	1480	13	11	0	0	4	|...|	3203721
#	3722	旗下贝拉	13	17	1	2	2	17	23	39	34	35	1479	13	11	0	0	4	|...|	3203722
#	3723	完美科瑞恩	13	27	1	2	2	27	21	30	17	39	1478	13	11	0	0	4	|...|	3203723
#	3724	救世的露西娅	13	18	1	2	2	18	29	40	39	23	1477	13	11	0	0	4	|...|	3203724
#	3725	南方大汤米	13	35	1	2	2	35	27	19	40	30	1476	13	11	0	0	4	|...|	3203725
#	3726	清纯的吉莉安	13	31	1	2	2	31	42	17	30	41	1475	13	11	0	0	4	|...|	3203726
#	3727	忧郁小扳手	13	19	1	2	2	19	27	33	29	41	1474	13	11	0	0	4	|...|	3203727
#	3728	梦游大文森特	13	26	1	2	2	26	34	44	27	36	1473	13	11	0	0	4	|...|	3203728
#	3729	审结的丹尼	13	28	1	2	2	28	20	32	18	29	1472	13	11	0	0	4	|...|	3203729
#	3730	制霸大克里斯	13	29	1	2	2	29	43	34	42	26	1471	13	11	0	0	4	|...|	3203730
#	3731	骗经丹尼尔	13	34	1	2	2	34	36	21	28	41	1470	13	11	0	0	4	|...|	3203731
#	3732	面具的艾萨克	13	44	1	2	2	44	27	42	26	20	1469	13	11	0	0	4	|...|	3203732
#	3733	非常阿维娃	13	38	1	2	2	38	19	30	23	42	1468	13	11	0	0	4	|...|	3203733
#	3734	帐下螺丝钉	13	38	1	2	2	38	26	29	27	35	1467	13	11	0	0	4	|...|	3203734
#	3735	重的列得	13	38	1	2	2	38	41	42	33	30	1466	13	11	0	0	4	|...|	3203735
#	3736	旗下的安娜	13	28	1	2	2	28	30	36	19	40	1465	13	11	0	0	4	|...|	3203736
#	3737	招牌莰蒂丝	13	19	1	2	2	19	43	38	23	36	1464	13	11	0	0	4	|...|	3203737
#	3738	天生小乔	13	32	1	2	2	32	40	17	44	43	1463	13	11	0	0	4	|...|	3203738
#	3739	演技小洛克	13	28	1	2	2	28	18	20	40	35	1462	13	11	0	0	4	|...|	3203739
#	3740	不羁小卡尔	13	36	1	2	2	36	27	34	44	20	1461	13	11	0	0	4	|...|	3203740
#	3741	光速卡尔	13	37	1	2	2	37	24	38	35	45	1460	13	11	0	0	4	|...|	3203741
#	3742	抽风大卢克	13	32	1	2	2	32	41	30	36	18	1459	13	11	0	0	4	|...|	3203742
#	3743	玻璃大维克多	13	27	1	2	2	27	39	35	40	29	1458	13	11	0	0	4	|...|	3203743
#	3744	乱战大伊恩	13	40	1	2	2	40	44	32	24	33	1457	13	11	0	0	4	|...|	3203744
#	3745	傲娇的保罗	13	20	1	2	2	20	41	38	43	39	1456	13	11	0	0	4	|...|	3203745
#	3746	沉默科林	13	23	1	2	2	23	28	45	38	37	1455	13	11	0	0	4	|...|	3203746
#	3747	带刀的雷	13	38	1	2	2	38	33	24	18	28	1454	13	11	0	0	4	|...|	3203747
#	3748	闷骚小伯特	13	36	1	2	2	36	26	20	27	29	1453	13	11	0	0	4	|...|	3203748
#	3749	独裁者小二	13	33	1	2	2	33	31	18	38	28	1452	13	11	0	0	4	|...|	3203749
#	3750	文静的艾莉莎	13	44	1	2	2	44	21	18	33	35	1451	13	11	0	0	4	|...|	3203750
#	3751	飞翔的黛米	13	31	1	2	2	31	24	21	27	41	1450	13	11	0	0	4	|...|	3203751
#	3752	红色艾米	13	21	1	2	2	21	30	28	26	27	1449	13	11	0	0	4	|...|	3203752
#	3753	靠谱的飞车	13	45	1	2	2	45	44	41	38	26	1448	13	11	0	0	4	|...|	3203753
#	3754	绝世的迪伦	13	34	1	2	2	34	37	38	41	33	1447	13	11	0	0	4	|...|	3203754
#	3755	绝世大杰弗里	13	23	1	2	2	23	21	42	31	29	1446	13	11	0	0	4	|...|	3203755
#	3756	零式的守望者	13	27	1	2	2	27	45	20	33	24	1445	13	11	0	0	4	|...|	3203756
#	3757	鹰眼詹森	13	30	1	2	2	30	26	43	24	33	1444	13	11	0	0	4	|...|	3203757
#	3758	今日大绝顶	13	20	1	2	2	20	40	27	32	45	1443	13	11	0	0	4	|...|	3203758
#	3759	陨落小大卫	13	45	1	2	2	45	35	23	32	20	1442	13	11	0	0	4	|...|	3203759
#	3760	逝去小朱蒂	13	34	1	2	2	34	29	17	35	28	1441	13	11	0	0	4	|...|	3203760
#	3761	无声大黛布拉	13	34	1	2	2	34	42	44	35	17	1440	13	11	0	0	4	|...|	3203761
#	3762	不羁的迦勒	13	20	1	2	2	20	37	24	18	32	1439	13	11	0	0	4	|...|	3203762
#	3763	滑稽的露西娅	13	19	1	2	2	19	33	39	34	38	1438	13	11	0	0	4	|...|	3203763
#	3764	矜持罗兰	13	36	1	2	2	36	19	45	31	40	1437	13	11	0	0	4	|...|	3203764
#	3765	芭蕾的杰罗姆	13	45	1	2	2	45	31	38	24	18	1436	13	11	0	0	4	|...|	3203765
#	3766	旗下大汉纳	13	31	1	2	2	31	20	45	41	27	1435	13	11	0	0	4	|...|	3203766
#	3767	做梦小西瓜	13	18	1	2	2	18	19	45	23	35	1434	13	11	0	0	4	|...|	3203767
#	3768	审结小真知	13	20	1	2	2	20	29	34	44	39	1433	13	11	0	0	4	|...|	3203768
#	3769	恐怖艾基尔美	13	28	1	2	2	28	24	30	26	40	1432	13	11	0	0	4	|...|	3203769
#	3770	无声小欧文	13	18	1	2	2	18	45	32	37	41	1431	13	11	0	0	4	|...|	3203770
#	3771	军中大欧文	13	31	1	2	2	31	35	40	30	20	1430	13	11	0	0	4	|...|	3203771
#	3772	滚滚大摩根	13	40	1	2	2	40	18	30	31	20	1429	13	11	0	0	4	|...|	3203772
#	3773	秘密大弗恩	13	30	1	2	2	30	17	31	38	37	1428	13	11	0	0	4	|...|	3203773
#	3774	疯狂伊恩	13	42	1	2	2	42	29	23	28	18	1427	13	11	0	0	4	|...|	3203774
#	3775	玻璃路易斯	13	34	1	2	2	34	37	19	28	24	1426	13	11	0	0	4	|...|	3203775
#	3776	无相滑板	13	18	1	2	2	18	39	35	38	44	1425	13	11	0	0	4	|...|	3203776
#	3777	励志大桃瑞丝	13	33	1	2	2	33	32	26	41	21	1424	13	11	0	0	4	|...|	3203777
#	3778	温暖肖恩	13	44	1	2	2	44	18	33	20	38	1423	13	11	0	0	4	|...|	3203778
#	3779	灌水奥斯卡	13	43	1	2	2	43	40	18	26	35	1422	13	11	0	0	4	|...|	3203779
#	3780	演技大伊凡	13	41	1	2	2	41	42	27	31	37	1421	13	11	0	0	4	|...|	3203780
#	3781	轻的坎蒂	13	29	1	2	2	29	41	37	38	20	1420	13	11	0	0	4	|...|	3203781
#	3782	忠义的尤杜拉	13	45	1	2	2	45	24	26	43	44	1419	13	11	0	0	4	|...|	3203782
#	3783	未来的布伦达	13	41	1	2	2	41	39	18	43	23	1418	13	11	0	0	4	|...|	3203783
#	3784	乱世的结衣	13	20	1	2	2	20	31	19	37	28	1417	13	11	0	0	4	|...|	3203784
#	3785	诚信莫尼卡	13	23	1	2	2	23	33	34	30	26	1416	13	11	0	0	4	|...|	3203785
#	3786	走神的伊夫林	13	41	1	2	2	41	32	29	30	42	1415	13	11	0	0	4	|...|	3203786
#	3787	骗经大琳达	13	27	1	2	2	27	35	28	42	19	1414	13	11	0	0	4	|...|	3203787
#	3788	努力大弗瑞德	13	19	1	2	2	19	34	26	37	21	1413	13	11	0	0	4	|...|	3203788
#	3789	巨型大昆廷	13	19	1	2	2	19	39	29	44	30	1412	13	11	0	0	4	|...|	3203789
#	3790	西部大埃里克	13	26	1	2	2	26	34	28	30	42	1411	13	11	0	0	4	|...|	3203790
#	3791	百式小朱莉	13	33	1	2	2	33	36	24	31	41	1410	13	11	0	0	4	|...|	3203791
#	3792	凝固的电灯泡	13	38	1	2	2	38	27	36	32	39	1409	13	11	0	0	4	|...|	3203792
#	3793	出局大汉娜	13	21	1	2	2	21	32	18	19	40	1408	13	11	0	0	4	|...|	3203793
#	3794	无敌大守望者	13	36	1	2	2	36	38	30	19	40	1407	13	11	0	0	4	|...|	3203794
#	3795	散步小阿诺德	13	19	1	2	2	19	26	24	40	28	1406	13	11	0	0	4	|...|	3203795
#	3796	死忠朱莉	13	35	1	2	2	35	34	26	39	23	1405	13	11	0	0	4	|...|	3203796
#	3797	风流大费怡	13	43	1	2	2	43	32	36	45	23	1404	13	11	0	0	4	|...|	3203797
#	3798	清纯小凯西	13	45	1	2	2	45	33	31	34	21	1403	13	11	0	0	4	|...|	3203798
#	3799	阳光大飞车	13	20	1	2	2	20	23	45	31	21	1402	13	11	0	0	4	|...|	3203799
#	3800	白色小劳拉	13	31	1	2	2	31	36	26	35	40	1401	13	11	0	0	4	|...|	3203800
#	3801	嗜血大贝亚特	12	43	1	2	1	43	20	27	45	35	1400	12	10	0	0	3	|...|	3203801
#	3802	青训雷欧	12	26	1	2	1	26	27	21	29	40	1399	12	10	0	0	3	|...|	3203802
#	3803	圣光的马歇尔	12	26	1	2	1	26	44	21	33	23	1398	12	10	0	0	3	|...|	3203803
#	3804	南方大路易丝	12	21	1	2	1	21	35	17	37	20	1397	12	10	0	0	3	|...|	3203804
#	3805	呆呆小乔治	12	40	1	2	1	40	30	34	27	19	1396	12	10	0	0	3	|...|	3203805
#	3806	英俊的托德	12	31	1	2	1	31	19	18	20	34	1395	12	10	0	0	3	|...|	3203806
#	3807	无敌的朱恩	12	24	1	2	1	24	31	35	29	30	1394	12	10	0	0	3	|...|	3203807
#	3808	清纯小茉莉	12	28	1	2	1	28	41	29	34	43	1393	12	10	0	0	3	|...|	3203808
#	3809	圣贤小塞西	12	17	1	2	1	17	26	40	41	38	1392	12	10	0	0	3	|...|	3203809
#	3810	无妄大克莱尔	12	19	1	2	1	19	21	29	26	20	1391	12	10	0	0	3	|...|	3203810
#	3811	圆滑的柠檬	12	37	1	2	1	37	24	36	31	32	1390	12	10	0	0	3	|...|	3203811
#	3812	单车小降落伞	12	35	1	2	1	35	34	21	24	20	1389	12	10	0	0	3	|...|	3203812
#	3813	追风小汤米	12	24	1	2	1	24	36	33	28	31	1388	12	10	0	0	3	|...|	3203813
#	3814	微笑小杰罗姆	12	36	1	2	1	36	43	26	29	39	1387	12	10	0	0	3	|...|	3203814
#	3815	无相大猩猩	12	32	1	2	1	32	40	30	23	44	1386	12	10	0	0	3	|...|	3203815
#	3816	哭泣小玛丽莲	12	23	1	2	1	23	36	33	26	28	1385	12	10	0	0	3	|...|	3203816
#	3817	夜空大乔治	12	18	1	2	1	18	45	40	30	21	1384	12	10	0	0	3	|...|	3203817
#	3818	长缨的真相	12	19	1	2	1	19	18	35	34	43	1383	12	10	0	0	3	|...|	3203818
#	3819	忘情小杰弗里	12	19	1	2	1	19	27	37	17	29	1382	12	10	0	0	3	|...|	3203819
#	3820	下凡大埃文	12	17	1	2	1	17	45	21	19	36	1381	12	10	0	0	3	|...|	3203820
#	3821	清纯大马克	12	27	1	2	1	27	44	28	38	36	1380	12	10	0	0	3	|...|	3203821
#	3822	单车小黛比	12	40	1	2	1	40	38	24	26	28	1379	12	10	0	0	3	|...|	3203822
#	3823	挥手大邦妮	12	40	1	2	1	40	44	41	23	17	1378	12	10	0	0	3	|...|	3203823
#	3824	闪电大里奇	12	23	1	2	1	23	32	17	30	41	1377	12	10	0	0	3	|...|	3203824
#	3825	公正的凯尔	12	34	1	2	1	34	26	35	36	19	1376	12	10	0	0	3	|...|	3203825
#	3826	未来大莉莲	12	19	1	2	1	19	26	34	41	31	1375	12	10	0	0	3	|...|	3203826
#	3827	羞羞凯瑟琳	12	34	1	2	1	34	43	32	17	39	1374	12	10	0	0	3	|...|	3203827
#	3828	白色禅	12	27	1	2	1	27	37	45	34	17	1373	12	10	0	0	3	|...|	3203828
#	3829	做梦艾伦	12	40	1	2	1	40	44	19	21	29	1372	12	10	0	0	3	|...|	3203829
#	3830	特训的华纳	12	27	1	2	1	27	26	36	35	28	1371	12	10	0	0	3	|...|	3203830
#	3831	爆裂弹的大海	12	40	1	2	1	40	29	21	35	32	1370	12	10	0	0	3	|...|	3203831
#	3832	幽灵的看门人	12	20	1	2	1	20	29	38	26	41	1369	12	10	0	0	3	|...|	3203832
#	3833	度假夏洛特	12	35	1	2	1	35	29	34	28	26	1368	12	10	0	0	3	|...|	3203833
#	3834	靠谱伊莱恩	12	18	1	2	1	18	34	29	26	17	1367	12	10	0	0	3	|...|	3203834
#	3835	耍帅的黛安娜	12	21	1	2	1	21	37	31	32	17	1366	12	10	0	0	3	|...|	3203835
#	3836	滑稽格林	12	29	1	2	1	29	31	27	26	37	1365	12	10	0	0	3	|...|	3203836
#	3837	诚信凯尔西	12	41	1	2	1	41	37	44	36	28	1364	12	10	0	0	3	|...|	3203837
#	3838	待定小安吉拉	12	19	1	2	1	19	18	31	34	36	1363	12	10	0	0	3	|...|	3203838
#	3839	不迫真知	12	42	1	2	1	42	39	38	34	26	1362	12	10	0	0	3	|...|	3203839
#	3840	秘密的昆廷	12	23	1	2	1	23	36	17	30	34	1361	12	10	0	0	3	|...|	3203840
#	3841	贤者小安伯	12	27	1	2	1	27	45	41	37	26	1360	12	10	0	0	3	|...|	3203841
#	3842	出头大罗宾	12	37	1	2	1	37	32	42	31	44	1359	12	10	0	0	3	|...|	3203842
#	3843	飞翔斯派克	12	27	1	2	1	27	37	29	21	42	1358	12	10	0	0	3	|...|	3203843
#	3844	硬糖艾基尔达	12	38	1	2	1	38	30	19	29	37	1357	12	10	0	0	3	|...|	3203844
#	3845	无间扳手	12	27	1	2	1	27	24	40	45	18	1356	12	10	0	0	3	|...|	3203845
#	3846	疯狂海伦	12	30	1	2	1	30	29	21	45	27	1355	12	10	0	0	3	|...|	3203846
#	3847	棉花糖的丹尼斯	12	44	1	2	1	44	20	45	39	23	1354	12	10	0	0	3	|...|	3203847
#	3848	慈善朱迪丝	12	37	1	2	1	37	26	44	34	17	1353	12	10	0	0	3	|...|	3203848
#	3849	神气小安	12	24	1	2	1	24	37	44	32	27	1352	12	10	0	0	3	|...|	3203849
#	3850	寂寞乔尼	12	18	1	2	1	18	27	19	34	29	1351	12	10	0	0	3	|...|	3203850
#	3851	独裁者大提姆	12	19	1	2	1	19	38	17	30	28	1350	12	10	0	0	3	|...|	3203851
#	3852	伤感小飞车	12	24	1	2	1	24	43	39	33	29	1349	12	10	0	0	3	|...|	3203852
#	3853	伪善的肯尼	12	37	1	2	1	37	36	24	27	17	1348	12	10	0	0	3	|...|	3203853
#	3854	积极小切尔西	12	41	1	2	1	41	34	43	27	39	1347	12	10	0	0	3	|...|	3203854
#	3855	逝去大托德	12	21	1	2	1	21	27	38	36	42	1346	12	10	0	0	3	|...|	3203855
#	3856	肆虐的杰克逊	12	26	1	2	1	26	45	36	32	20	1345	12	10	0	0	3	|...|	3203856
#	3857	遗憾小安娜	12	36	1	2	1	36	44	18	28	33	1344	12	10	0	0	3	|...|	3203857
#	3858	神之手小桃瑞丝	12	19	1	2	1	19	31	41	26	34	1343	12	10	0	0	3	|...|	3203858
#	3859	百式的里奇	12	19	1	2	1	19	44	17	42	33	1342	12	10	0	0	3	|...|	3203859
#	3860	登顶的丹尼	12	41	1	2	1	41	28	19	26	44	1341	12	10	0	0	3	|...|	3203860
#	3861	致命凯西	12	38	1	2	1	38	39	28	40	26	1340	12	10	0	0	3	|...|	3203861
#	3862	出头桃瑞丝	12	19	1	2	1	19	35	24	23	29	1339	12	10	0	0	3	|...|	3203862
#	3863	光头的马驹	12	35	1	2	1	35	41	44	17	32	1338	12	10	0	0	3	|...|	3203863
#	3864	雷霆大托德	12	23	1	2	1	23	24	41	33	26	1337	12	10	0	0	3	|...|	3203864
#	3865	一个小乔伊斯	12	17	1	2	1	17	43	23	44	30	1336	12	10	0	0	3	|...|	3203865
#	3866	慈爱大特里	12	44	1	2	1	44	31	23	43	33	1335	12	10	0	0	3	|...|	3203866
#	3867	失落小阿波罗	12	19	1	2	1	19	18	27	33	35	1334	12	10	0	0	3	|...|	3203867
#	3868	贤者大玛丽亚	12	26	1	2	1	26	37	38	34	18	1333	12	10	0	0	3	|...|	3203868
#	3869	旗下格林	12	34	1	2	1	34	38	37	42	33	1332	12	10	0	0	3	|...|	3203869
#	3870	抽风的法典	12	27	1	2	1	27	37	43	35	44	1331	12	10	0	0	3	|...|	3203870
#	3871	天空诺亚	12	30	1	2	1	30	36	32	45	38	1330	12	10	0	0	3	|...|	3203871
#	3872	积极小米歇尔	12	28	1	2	1	28	37	44	27	24	1329	12	10	0	0	3	|...|	3203872
#	3873	爆裂弹小爱德华	12	24	1	2	1	24	45	36	30	33	1328	12	10	0	0	3	|...|	3203873
#	3874	极速的尼尔	12	19	1	2	1	19	39	40	45	27	1327	12	10	0	0	3	|...|	3203874
#	3875	双刀小鲁宾逊	12	28	1	2	1	28	26	43	30	34	1326	12	10	0	0	3	|...|	3203875
#	3876	助威小杰克逊	12	26	1	2	1	26	19	36	43	32	1325	12	10	0	0	3	|...|	3203876
#	3877	红白小黛米	12	21	1	2	1	21	34	18	40	26	1324	12	10	0	0	3	|...|	3203877
#	3878	饥饿艾塞亚	12	28	1	2	1	28	36	29	38	37	1323	12	10	0	0	3	|...|	3203878
#	3879	遗忘曼达	12	19	1	2	1	19	17	45	32	41	1322	12	10	0	0	3	|...|	3203879
#	3880	度假大启示录	12	36	1	2	1	36	21	27	32	20	1321	12	10	0	0	3	|...|	3203880
#	3881	奔跑小詹姆士	12	23	1	2	1	23	39	41	34	42	1320	12	10	0	0	3	|...|	3203881
#	3882	棉花糖大诺曼	12	17	1	2	1	17	28	39	35	42	1319	12	10	0	0	3	|...|	3203882
#	3883	代言大劳瑞	12	30	1	2	1	30	34	35	28	17	1318	12	10	0	0	3	|...|	3203883
#	3884	天才椰子	12	40	1	2	1	40	24	44	18	39	1317	12	10	0	0	3	|...|	3203884
#	3885	激情艾基尔略特	12	31	1	2	1	31	44	26	36	24	1316	12	10	0	0	3	|...|	3203885
#	3886	天空小比利	12	31	1	2	1	31	21	38	18	27	1315	12	10	0	0	3	|...|	3203886
#	3887	逝去的芭比	12	26	1	2	1	26	43	29	45	31	1314	12	10	0	0	3	|...|	3203887
#	3888	孤傲小劳拉	12	39	1	2	1	39	36	45	42	44	1313	12	10	0	0	3	|...|	3203888
#	3889	正经采尼	12	41	1	2	1	41	31	18	36	42	1312	12	10	0	0	3	|...|	3203889
#	3890	出局的劳伦斯	12	18	1	2	1	18	19	39	44	42	1311	12	10	0	0	3	|...|	3203890
#	3891	梦游大米迦勒	12	17	1	2	1	17	27	42	19	37	1310	12	10	0	0	3	|...|	3203891
#	3892	巅峰小尤杜拉	12	23	1	2	1	23	44	37	26	30	1309	12	10	0	0	3	|...|	3203892
#	3893	夜空的梅维丝	12	38	1	2	1	38	23	34	21	41	1308	12	10	0	0	3	|...|	3203893
#	3894	重磅的安妮	12	29	1	2	1	29	43	42	34	33	1307	12	10	0	0	3	|...|	3203894
#	3895	潜水的山楂	12	21	1	2	1	21	34	28	18	30	1306	12	10	0	0	3	|...|	3203895
#	3896	出头小番茄	12	35	1	2	1	35	18	43	19	45	1305	12	10	0	0	3	|...|	3203896
#	3897	野蛮大梅米	12	42	1	2	1	42	36	30	34	38	1304	12	10	0	0	3	|...|	3203897
#	3898	神锋米兰达	12	37	1	2	1	37	17	40	27	36	1303	12	10	0	0	3	|...|	3203898
#	3899	低调伦道夫	12	36	1	2	1	36	35	23	26	24	1302	12	10	0	0	3	|...|	3203899
#	3900	芭蕾大艾玛	12	45	1	2	1	45	42	20	28	34	1301	12	10	0	0	3	|...|	3203900
#	3901	无畏杰克逊	12	31	1	2	1	31	34	39	30	43	1300	12	10	0	0	3	|...|	3203901
#	3902	耍帅雷	12	33	1	2	1	33	20	41	26	37	1299	12	10	0	0	3	|...|	3203902
#	3903	未来栗子	12	45	1	2	1	45	36	27	38	41	1298	12	10	0	0	3	|...|	3203903
#	3904	天生艾莉尔	12	29	1	2	1	29	23	40	24	38	1297	12	10	0	0	3	|...|	3203904
#	3905	凝固小克莉丝	12	27	1	2	1	27	21	35	34	17	1296	12	10	0	0	3	|...|	3203905
#	3906	重艾萨克	12	28	1	2	1	28	31	17	20	23	1295	12	10	0	0	3	|...|	3203906
#	3907	巨型的凯里	12	36	1	2	1	36	31	44	28	33	1294	12	10	0	0	3	|...|	3203907
#	3908	随行凯拉	12	42	1	2	1	42	35	45	17	40	1293	12	10	0	0	3	|...|	3203908
#	3909	冷静大大熊	12	20	1	2	1	20	38	29	24	33	1292	12	10	0	0	3	|...|	3203909
#	3910	面具小格瑞塔	12	42	1	2	1	42	17	20	33	43	1291	12	10	0	0	3	|...|	3203910
#	3911	北欧艾基尔美	12	42	1	2	1	42	39	24	21	29	1290	12	10	0	0	3	|...|	3203911
#	3912	死神欧蕊	12	44	1	2	1	44	20	37	34	31	1289	12	10	0	0	3	|...|	3203912
#	3913	正经小格瑞丝	12	28	1	2	1	28	33	24	27	17	1288	12	10	0	0	3	|...|	3203913
#	3914	吴钩露茜	12	18	1	2	1	18	24	32	27	20	1287	12	10	0	0	3	|...|	3203914
#	3915	盗梦的海伦	12	30	1	2	1	30	19	33	28	29	1286	12	10	0	0	3	|...|	3203915
#	3916	种田的雅各布	12	21	1	2	1	21	26	27	45	36	1285	12	10	0	0	3	|...|	3203916
#	3917	魔相大萨米	12	43	1	2	1	43	18	37	42	35	1284	12	10	0	0	3	|...|	3203917
#	3918	三生的戴茜	12	19	1	2	1	19	34	30	29	38	1283	12	10	0	0	3	|...|	3203918
#	3919	回归大扳手	12	17	1	2	1	17	30	37	28	19	1282	12	10	0	0	3	|...|	3203919
#	3920	寂寞大路易丝	12	37	1	2	1	37	42	21	34	43	1281	12	10	0	0	3	|...|	3203920
#	3921	寂寞大弗里达	12	35	1	2	1	35	18	17	30	38	1280	12	10	0	0	3	|...|	3203921
#	3922	登顶大安妮	12	42	1	2	1	42	24	43	17	41	1279	12	10	0	0	3	|...|	3203922
#	3923	糊涂大艾莉尔	12	42	1	2	1	42	32	44	26	27	1278	12	10	0	0	3	|...|	3203923
#	3924	小贾斯汀	12	20	1	2	1	20	32	33	41	17	1277	12	10	0	0	3	|...|	3203924
#	3925	伤心小卡瑞娜	12	39	1	2	1	39	23	44	37	19	1276	12	10	0	0	3	|...|	3203925
#	3926	守望的格瑞塔	12	34	1	2	1	34	19	41	20	27	1275	12	10	0	0	3	|...|	3203926
#	3927	白色大山楂	12	33	1	2	1	33	39	38	31	30	1274	12	10	0	0	3	|...|	3203927
#	3928	办证小布伦特	12	17	1	2	1	17	21	36	28	19	1273	12	10	0	0	3	|...|	3203928
#	3929	幽灵的艾萨克	12	41	1	2	1	41	31	39	32	40	1272	12	10	0	0	3	|...|	3203929
#	3930	金色的凯茜	12	24	1	2	1	24	18	27	41	43	1271	12	10	0	0	3	|...|	3203930
#	3931	天空的雷纳德	12	33	1	2	1	33	30	44	29	45	1270	12	10	0	0	3	|...|	3203931
#	3932	伪善小扳手	12	37	1	2	1	37	34	40	24	31	1269	12	10	0	0	3	|...|	3203932
#	3933	青训大莉莲	12	29	1	2	1	29	45	30	40	26	1268	12	10	0	0	3	|...|	3203933
#	3934	关键的玛丽亚	12	17	1	2	1	17	32	26	41	34	1267	12	10	0	0	3	|...|	3203934
#	3935	理智小塞西	12	26	1	2	1	26	39	18	17	40	1266	12	10	0	0	3	|...|	3203935
#	3936	补考阿维娃	12	17	1	2	1	17	26	36	18	20	1265	12	10	0	0	3	|...|	3203936
#	3937	积极小霍华德	12	17	1	2	1	17	40	33	36	21	1264	12	10	0	0	3	|...|	3203937
#	3938	理发小沃伦	12	45	1	2	1	45	42	30	31	39	1263	12	10	0	0	3	|...|	3203938
#	3939	面具的列得	12	38	1	2	1	38	31	42	28	45	1262	12	10	0	0	3	|...|	3203939
#	3940	失落大诺曼	12	17	1	2	1	17	32	40	35	23	1261	12	10	0	0	3	|...|	3203940
#	3941	理智大埃里克	12	40	1	2	1	40	33	41	20	42	1260	12	10	0	0	3	|...|	3203941
#	3942	重小米奇	12	44	1	2	1	44	19	45	18	33	1259	12	10	0	0	3	|...|	3203942
#	3943	圆滑米莉	12	24	1	2	1	24	18	30	40	43	1258	12	10	0	0	3	|...|	3203943
#	3944	橡皮的乔茜	12	45	1	2	1	45	23	35	43	32	1257	12	10	0	0	3	|...|	3203944
#	3945	红白小哈利	12	35	1	2	1	35	44	38	30	45	1256	12	10	0	0	3	|...|	3203945
#	3946	守望安吉拉	12	26	1	2	1	26	32	45	40	33	1255	12	10	0	0	3	|...|	3203946
#	3947	审结的福特	12	42	1	2	1	42	38	29	37	17	1254	12	10	0	0	3	|...|	3203947
#	3948	夜空小杰克	12	41	1	2	1	41	35	29	45	17	1253	12	10	0	0	3	|...|	3203948
#	3949	梦游的伊恩	12	20	1	2	1	20	18	33	40	38	1252	12	10	0	0	3	|...|	3203949
#	3950	一个大约瑟夫	12	35	1	2	1	35	21	32	20	18	1251	12	10	0	0	3	|...|	3203950
#	3951	贤者大洛克	12	45	1	2	1	45	24	39	33	40	1250	12	10	0	0	3	|...|	3203951
#	3952	神锋大朱恩	12	28	1	2	1	28	41	39	30	45	1249	12	10	0	0	3	|...|	3203952
#	3953	娃面的克拉克	12	24	1	2	1	24	36	32	26	39	1248	12	10	0	0	3	|...|	3203953
#	3954	天空大诺曼	12	41	1	2	1	41	20	44	36	45	1247	12	10	0	0	3	|...|	3203954
#	3955	北欧的米奇	12	43	1	2	1	43	20	26	31	34	1246	12	10	0	0	3	|...|	3203955
#	3956	残剑的布赖恩	12	45	1	2	1	45	28	39	26	27	1245	12	10	0	0	3	|...|	3203956
#	3957	叛逆约书亚	12	19	1	2	1	19	27	29	35	36	1244	12	10	0	0	3	|...|	3203957
#	3958	秘密的伊凡	12	40	1	2	1	40	44	27	38	45	1243	12	10	0	0	3	|...|	3203958
#	3959	懒散大克莉丝	12	27	1	2	1	27	42	35	23	26	1242	12	10	0	0	3	|...|	3203959
#	3960	演技的肯尼	12	27	1	2	1	27	23	42	29	30	1241	12	10	0	0	3	|...|	3203960
#	3961	百式汉克	12	24	1	2	1	24	19	33	31	38	1240	12	10	0	0	3	|...|	3203961
#	3962	吟游特里	12	17	1	2	1	17	18	35	34	32	1239	12	10	0	0	3	|...|	3203962
#	3963	慈爱杰伊	12	33	1	2	1	33	41	42	20	39	1238	12	10	0	0	3	|...|	3203963
#	3964	无相大欧蕊	12	29	1	2	1	29	40	18	35	39	1237	12	10	0	0	3	|...|	3203964
#	3965	奔跑大凯特	12	44	1	2	1	44	24	38	28	42	1236	12	10	0	0	3	|...|	3203965
#	3966	孤独埃文	12	38	1	2	1	38	41	33	32	37	1235	12	10	0	0	3	|...|	3203966
#	3967	死神麦克	12	36	1	2	1	36	35	41	18	19	1234	12	10	0	0	3	|...|	3203967
#	3968	不攻的亚当	12	37	1	2	1	37	38	34	32	44	1233	12	10	0	0	3	|...|	3203968
#	3969	重的狄克	12	42	1	2	1	42	31	43	41	29	1232	12	10	0	0	3	|...|	3203969
#	3970	白色大布伦达	12	17	1	2	1	17	44	38	42	24	1231	12	10	0	0	3	|...|	3203970
#	3971	杀戮者小肖恩	12	31	1	2	1	31	37	38	43	20	1230	12	10	0	0	3	|...|	3203971
#	3972	暴君大乔尼	12	17	1	2	1	17	44	38	26	45	1229	12	10	0	0	3	|...|	3203972
#	3973	贤者小埃里克	12	43	1	2	1	43	35	37	36	30	1228	12	10	0	0	3	|...|	3203973
#	3974	骄傲欧蕊	12	39	1	2	1	39	31	17	34	40	1227	12	10	0	0	3	|...|	3203974
#	3975	灌水的加百利	12	24	1	2	1	24	30	29	27	37	1226	12	10	0	0	3	|...|	3203975
#	3976	秘密小科拉	12	21	1	2	1	21	19	39	23	30	1225	12	10	0	0	3	|...|	3203976
#	3977	神圣的凯	12	21	1	2	1	21	26	41	29	20	1224	12	10	0	0	3	|...|	3203977
#	3978	重装的埃莉卡	12	18	1	2	1	18	31	35	28	44	1223	12	10	0	0	3	|...|	3203978
#	3979	演技昆廷	12	28	1	2	1	28	37	19	45	39	1222	12	10	0	0	3	|...|	3203979
#	3980	理发简	12	23	1	2	1	23	40	35	43	37	1221	12	10	0	0	3	|...|	3203980
#	3981	火爆小番茄	12	37	1	2	1	37	44	23	26	19	1220	12	10	0	0	3	|...|	3203981
#	3982	诚信大橄榄	12	38	1	2	1	38	19	27	20	42	1219	12	10	0	0	3	|...|	3203982
#	3983	帐下大雷纳德	12	26	1	2	1	26	45	19	39	42	1218	12	10	0	0	3	|...|	3203983
#	3984	下凡小杰弗瑞	12	20	1	2	1	20	29	32	34	30	1217	12	10	0	0	3	|...|	3203984
#	3985	星界默示录	12	24	1	2	1	24	28	41	38	17	1216	12	10	0	0	3	|...|	3203985
#	3986	神圣小特里	12	19	1	2	1	19	32	23	43	41	1215	12	10	0	0	3	|...|	3203986
#	3987	伪善的杰弗里	12	26	1	2	1	26	36	17	43	31	1214	12	10	0	0	3	|...|	3203987
#	3988	蓝色小奥特曼	12	38	1	2	1	38	20	40	34	23	1213	12	10	0	0	3	|...|	3203988
#	3989	不攻大桃瑞丝	12	38	1	2	1	38	31	43	33	17	1212	12	10	0	0	3	|...|	3203989
#	3990	阔绰小乔伊斯	12	43	1	2	1	43	44	36	23	19	1211	12	10	0	0	3	|...|	3203990
#	3991	叛逆小梅米	12	24	1	2	1	24	27	44	45	37	1210	12	10	0	0	3	|...|	3203991
#	3992	升华大雷欧	12	18	1	2	1	18	38	39	19	41	1209	12	10	0	0	3	|...|	3203992
#	3993	萌萌小吉莉安	12	43	1	2	1	43	31	37	39	18	1208	12	10	0	0	3	|...|	3203993
#	3994	耍帅大米歇尔	12	38	1	2	1	38	24	31	21	39	1207	12	10	0	0	3	|...|	3203994
#	3995	忠义看门人	12	45	1	2	1	45	41	23	24	18	1206	12	10	0	0	3	|...|	3203995
#	3996	招牌托马斯	12	33	1	2	1	33	44	19	34	40	1205	12	10	0	0	3	|...|	3203996
#	3997	小大文森特	12	45	1	2	1	45	40	29	44	17	1204	12	10	0	0	3	|...|	3203997
#	3998	特训大埃迪	12	33	1	2	1	33	41	38	24	18	1203	12	10	0	0	3	|...|	3203998
#	3999	秘密艾基尔琳娜	12	42	1	2	1	42	26	19	29	41	1202	12	10	0	0	3	|...|	3203999
#	4000	绝世凯尔西	12	21	1	2	1	21	29	28	42	37	1201	12	10	0	0	3	|...|	3204000
#	4001	野蛮大艾米丽	11	30	1	2	0	30	31	36	38	34	1200	11	9	0	0	2	|...|	3204001
#	4002	致命大赫柏	11	40	1	2	0	40	44	39	34	42	1199	11	9	0	0	2	|...|	3204002
#	4003	魔相的辛迪	11	35	1	2	0	35	31	42	21	24	1198	11	9	0	0	2	|...|	3204003
#	4004	复出小莱瑞拉	11	18	1	2	0	18	41	30	27	34	1197	11	9	0	0	2	|...|	3204004
#	4005	金发大电灯泡	11	28	1	2	0	28	40	45	39	30	1196	11	9	0	0	2	|...|	3204005
#	4006	雷霆大亨利	11	45	1	2	0	45	32	27	31	33	1195	11	9	0	0	2	|...|	3204006
#	4007	金发大汉娜	11	17	1	2	0	17	39	37	30	41	1194	11	9	0	0	2	|...|	3204007
#	4008	绝世杰西	11	21	1	2	0	21	19	33	37	28	1193	11	9	0	0	2	|...|	3204008
#	4009	圣贤大科迪	11	43	1	2	0	43	35	32	20	17	1192	11	9	0	0	2	|...|	3204009
#	4010	浮夸大德里克	11	17	1	2	0	17	20	43	40	33	1191	11	9	0	0	2	|...|	3204010
#	4011	正经肖恩	11	35	1	2	0	35	30	40	29	43	1190	11	9	0	0	2	|...|	3204011
#	4012	肆虐大巨龙	11	17	1	2	0	17	41	21	38	26	1189	11	9	0	0	2	|...|	3204012
#	4013	神圣大保罗	11	30	1	2	0	30	26	41	19	44	1188	11	9	0	0	2	|...|	3204013
#	4014	快乐大堂娜	11	27	1	2	0	27	29	41	42	24	1187	11	9	0	0	2	|...|	3204014
#	4015	奔跑大马德琳	11	39	1	2	0	39	28	34	30	24	1186	11	9	0	0	2	|...|	3204015
#	4016	风流大艾比	11	43	1	2	0	43	21	27	42	32	1185	11	9	0	0	2	|...|	3204016
#	4017	诚信的笆笆拉	11	27	1	2	0	27	29	32	33	36	1184	11	9	0	0	2	|...|	3204017
#	4018	轻的克莱尔	11	27	1	2	0	27	26	35	23	33	1183	11	9	0	0	2	|...|	3204018
#	4019	招牌小朱恩	11	27	1	2	0	27	35	23	42	31	1182	11	9	0	0	2	|...|	3204019
#	4020	孤傲海顿	11	44	1	2	0	44	20	32	33	24	1181	11	9	0	0	2	|...|	3204020
#	4021	北欧的艾莉森	11	45	1	2	0	45	19	37	20	35	1180	11	9	0	0	2	|...|	3204021
#	4022	强悍的亚伦	11	30	1	2	0	30	17	27	40	44	1179	11	9	0	0	2	|...|	3204022
#	4023	星月小德里克	11	33	1	2	0	33	43	17	39	23	1178	11	9	0	0	2	|...|	3204023
#	4024	激情大达茜	11	45	1	2	0	45	39	40	30	31	1177	11	9	0	0	2	|...|	3204024
#	4025	红白提姆	11	20	1	2	0	20	29	35	34	42	1176	11	9	0	0	2	|...|	3204025
#	4026	游荡的艾莉森	11	19	1	2	0	19	18	40	33	28	1175	11	9	0	0	2	|...|	3204026
#	4027	浮夸的邦妮	11	17	1	2	0	17	23	41	30	24	1174	11	9	0	0	2	|...|	3204027
#	4028	耍帅小雄鹰	11	43	1	2	0	43	35	32	26	23	1173	11	9	0	0	2	|...|	3204028
#	4029	理智乔治	11	34	1	2	0	34	29	36	31	21	1172	11	9	0	0	2	|...|	3204029
#	4030	出头小吉莉安	11	42	1	2	0	42	38	43	45	21	1171	11	9	0	0	2	|...|	3204030
#	4031	乱世小劳伦斯	11	37	1	2	0	37	38	41	18	32	1170	11	9	0	0	2	|...|	3204031
#	4032	不羁的史蒂文	11	19	1	2	0	19	44	28	18	27	1169	11	9	0	0	2	|...|	3204032
#	4033	萌萌的安迪	11	18	1	2	0	18	42	44	31	39	1168	11	9	0	0	2	|...|	3204033
#	4034	独眼的凯茜	11	27	1	2	0	27	36	23	31	40	1167	11	9	0	0	2	|...|	3204034
#	4035	蓝眼大塞缪尔	11	35	1	2	0	35	27	29	37	28	1166	11	9	0	0	2	|...|	3204035
#	4036	白发小罗伯特	11	20	1	2	0	20	45	40	30	42	1165	11	9	0	0	2	|...|	3204036
#	4037	冰封的艾米	11	28	1	2	0	28	27	31	24	40	1164	11	9	0	0	2	|...|	3204037
#	4038	非凡的海莉	11	31	1	2	0	31	37	35	42	44	1163	11	9	0	0	2	|...|	3204038
#	4039	伤心艾琳	11	26	1	2	0	26	20	36	17	28	1162	11	9	0	0	2	|...|	3204039
#	4040	招牌小乔尼	11	29	1	2	0	29	43	18	23	44	1161	11	9	0	0	2	|...|	3204040
#	4041	慈爱大雷	11	26	1	2	0	26	45	31	17	35	1160	11	9	0	0	2	|...|	3204041
#	4042	抢镜阿曼达	11	32	1	2	0	32	36	41	38	23	1159	11	9	0	0	2	|...|	3204042
#	4043	奇妙小莫琳	11	27	1	2	0	27	34	36	32	40	1158	11	9	0	0	2	|...|	3204043
#	4044	重装小	11	33	1	2	0	33	41	45	26	20	1157	11	9	0	0	2	|...|	3204044
#	4045	探险约书亚	11	43	1	2	0	43	32	24	44	20	1156	11	9	0	0	2	|...|	3204045
#	4046	不破大伊娃	11	29	1	2	0	29	28	38	41	45	1155	11	9	0	0	2	|...|	3204046
#	4047	神秘的汉纳	11	39	1	2	0	39	34	31	41	27	1154	11	9	0	0	2	|...|	3204047
#	4048	冰封大梅维丝	11	41	1	2	0	41	26	20	24	19	1153	11	9	0	0	2	|...|	3204048
#	4049	圆梦的乔伊	11	33	1	2	0	33	39	24	23	26	1152	11	9	0	0	2	|...|	3204049
#	4050	伪善大大海	11	35	1	2	0	35	29	45	43	42	1151	11	9	0	0	2	|...|	3204050
#	4051	文静大艾伯特	11	31	1	2	0	31	28	24	37	40	1150	11	9	0	0	2	|...|	3204051
#	4052	青训大达尔文	11	27	1	2	0	27	36	33	24	29	1149	11	9	0	0	2	|...|	3204052
#	4053	爱安妮	11	35	1	2	0	35	37	26	19	20	1148	11	9	0	0	2	|...|	3204053
#	4054	重大肯尼迪	11	28	1	2	0	28	32	44	34	27	1147	11	9	0	0	2	|...|	3204054
#	4055	吴钩法典	11	45	1	2	0	45	31	20	30	33	1146	11	9	0	0	2	|...|	3204055
#	4056	制裁大莉迪娅	11	33	1	2	0	33	18	36	44	37	1145	11	9	0	0	2	|...|	3204056
#	4057	星月达茜	11	23	1	2	0	23	33	26	20	38	1144	11	9	0	0	2	|...|	3204057
#	4058	秃头小福特	11	41	1	2	0	41	32	45	44	21	1143	11	9	0	0	2	|...|	3204058
#	4059	奶油小布兰妮	11	34	1	2	0	34	35	40	32	33	1142	11	9	0	0	2	|...|	3204059
#	4060	沉默的茉莉	11	18	1	2	0	18	43	36	29	24	1141	11	9	0	0	2	|...|	3204060
#	4061	鹰眼柯利弗	11	34	1	2	0	34	27	32	33	17	1140	11	9	0	0	2	|...|	3204061
#	4062	走神大科兹莫	11	19	1	2	0	19	45	26	40	41	1139	11	9	0	0	2	|...|	3204062
#	4063	残剑兰斯	11	41	1	2	0	41	37	19	32	20	1138	11	9	0	0	2	|...|	3204063
#	4064	不羁维克多	11	18	1	2	0	18	30	32	37	17	1137	11	9	0	0	2	|...|	3204064
#	4065	办证的柳真	11	38	1	2	0	38	27	26	32	44	1136	11	9	0	0	2	|...|	3204065
#	4066	有病小降落伞	11	39	1	2	0	39	40	37	31	26	1135	11	9	0	0	2	|...|	3204066
#	4067	华丽的菲比	11	20	1	2	0	20	44	41	40	17	1134	11	9	0	0	2	|...|	3204067
#	4068	独裁者小杰瑞	11	28	1	2	0	28	41	32	17	18	1133	11	9	0	0	2	|...|	3204068
#	4069	绝世查尔斯	11	38	1	2	0	38	23	21	24	39	1132	11	9	0	0	2	|...|	3204069
#	4070	骗经艾丽莎	11	37	1	2	0	37	27	21	43	31	1131	11	9	0	0	2	|...|	3204070
#	4071	梦幻克拉克	11	27	1	2	0	27	32	18	37	44	1130	11	9	0	0	2	|...|	3204071
#	4072	全能小加里	11	44	1	2	0	44	17	29	30	21	1129	11	9	0	0	2	|...|	3204072
#	4073	疗伤大布朗	11	45	1	2	0	45	41	24	40	38	1128	11	9	0	0	2	|...|	3204073
#	4074	冰冷大泰勒	11	23	1	2	0	23	26	44	31	17	1127	11	9	0	0	2	|...|	3204074
#	4075	夜空的本杰明	11	39	1	2	0	39	27	35	23	34	1126	11	9	0	0	2	|...|	3204075
#	4076	出头大伯特	11	27	1	2	0	27	34	28	36	21	1125	11	9	0	0	2	|...|	3204076
#	4077	残剑瑞利	11	19	1	2	0	19	23	43	40	27	1124	11	9	0	0	2	|...|	3204077
#	4078	强悍的伊凡	11	37	1	2	0	37	28	17	27	45	1123	11	9	0	0	2	|...|	3204078
#	4079	白天小贝蒂	11	41	1	2	0	41	31	24	43	17	1122	11	9	0	0	2	|...|	3204079
#	4080	不攻大布朗	11	36	1	2	0	36	23	41	18	30	1121	11	9	0	0	2	|...|	3204080
#	4081	卷毛的杏仁	11	34	1	2	0	34	21	23	37	41	1120	11	9	0	0	2	|...|	3204081
#	4082	叛逆的简	11	30	1	2	0	30	24	23	31	19	1119	11	9	0	0	2	|...|	3204082
#	4083	巨型大玛米	11	21	1	2	0	21	20	18	36	35	1118	11	9	0	0	2	|...|	3204083
#	4084	巅峰的柯利弗	11	32	1	2	0	32	19	26	33	34	1117	11	9	0	0	2	|...|	3204084
#	4085	骇人大看门人	11	37	1	2	0	37	29	17	18	30	1116	11	9	0	0	2	|...|	3204085
#	4086	代言大内森	11	33	1	2	0	33	40	41	42	21	1115	11	9	0	0	2	|...|	3204086
#	4087	卷毛小稻草	11	28	1	2	0	28	40	24	31	29	1114	11	9	0	0	2	|...|	3204087
#	4088	清纯小切尔西	11	27	1	2	0	27	24	20	38	33	1113	11	9	0	0	2	|...|	3204088
#	4089	待定小贝斯	11	43	1	2	0	43	24	21	19	38	1112	11	9	0	0	2	|...|	3204089
#	4090	守望大杰西	11	19	1	2	0	19	30	38	41	39	1111	11	9	0	0	2	|...|	3204090
#	4091	奔跑大托尼	11	41	1	2	0	41	40	21	29	23	1110	11	9	0	0	2	|...|	3204091
#	4092	大的安格斯	11	17	1	2	0	17	39	30	24	31	1109	11	9	0	0	2	|...|	3204092
#	4093	橡皮大汉克	11	18	1	2	0	18	45	39	36	34	1108	11	9	0	0	2	|...|	3204093
#	4094	不屈大杰克	11	32	1	2	0	32	20	45	33	18	1107	11	9	0	0	2	|...|	3204094
#	4095	神秘大乔伊	11	37	1	2	0	37	28	42	34	40	1106	11	9	0	0	2	|...|	3204095
#	4096	伤感大尼尔	11	38	1	2	0	38	34	23	17	44	1105	11	9	0	0	2	|...|	3204096
#	4097	秃头的尼尔森	11	33	1	2	0	33	37	42	40	26	1104	11	9	0	0	2	|...|	3204097
#	4098	不羁贝拉	11	45	1	2	0	45	32	33	30	37	1103	11	9	0	0	2	|...|	3204098
#	4099	多面大杰弗里	11	23	1	2	0	23	20	36	17	31	1102	11	9	0	0	2	|...|	3204099
#	4100	回首奥利弗	11	45	1	2	0	45	33	35	27	39	1101	11	9	0	0	2	|...|	3204100
#	4101	守望的蒂莫西	11	28	1	2	0	28	39	43	32	42	1100	11	9	0	0	2	|...|	3204101
#	4102	救世大艾丽丝	11	26	1	2	0	26	45	38	42	33	1099	11	9	0	0	2	|...|	3204102
#	4103	执念的阿波罗	11	35	1	2	0	35	44	28	20	24	1098	11	9	0	0	2	|...|	3204103
#	4104	霹雳小马德琳	11	21	1	2	0	21	32	29	36	39	1097	11	9	0	0	2	|...|	3204104
#	4105	帅气大哥	11	36	1	2	0	36	30	26	40	41	1096	11	9	0	0	2	|...|	3204105
#	4106	不屈珍娜	11	21	1	2	0	21	23	41	39	38	1095	11	9	0	0	2	|...|	3204106
#	4107	不迫大樱桃	11	43	1	2	0	43	40	44	38	28	1094	11	9	0	0	2	|...|	3204107
#	4108	悟透大克洛伊	11	31	1	2	0	31	21	26	19	23	1093	11	9	0	0	2	|...|	3204108
#	4109	贤者小钜子	11	31	1	2	0	31	27	44	41	34	1092	11	9	0	0	2	|...|	3204109
#	4110	深沉飞车	11	36	1	2	0	36	34	41	27	37	1091	11	9	0	0	2	|...|	3204110
#	4111	爱的菲比	11	19	1	2	0	19	29	31	30	41	1090	11	9	0	0	2	|...|	3204111
#	4112	助攻的谷仓	11	39	1	2	0	39	30	24	31	26	1089	11	9	0	0	2	|...|	3204112
#	4113	不破的林恩	11	45	1	2	0	45	35	42	31	20	1088	11	9	0	0	2	|...|	3204113
#	4114	忘情大乔茜	11	35	1	2	0	35	34	29	44	32	1087	11	9	0	0	2	|...|	3204114
#	4115	浮夸大萨米	11	24	1	2	0	24	36	42	34	31	1086	11	9	0	0	2	|...|	3204115
#	4116	吟游大伊迪丝	11	17	1	2	0	17	18	35	41	38	1085	11	9	0	0	2	|...|	3204116
#	4117	大小阿尔瓦	11	37	1	2	0	37	31	19	36	20	1084	11	9	0	0	2	|...|	3204117
#	4118	金发伊芙	11	39	1	2	0	39	41	18	31	36	1083	11	9	0	0	2	|...|	3204118
#	4119	仁义的贝迪	11	37	1	2	0	37	18	41	26	36	1082	11	9	0	0	2	|...|	3204119
#	4120	演技的雄鹰	11	40	1	2	0	40	17	18	20	45	1081	11	9	0	0	2	|...|	3204120
#	4121	卷毛艾许莉	11	31	1	2	0	31	18	24	19	42	1080	11	9	0	0	2	|...|	3204121
#	4122	呆呆小路易丝	11	32	1	2	0	32	18	30	43	36	1079	11	9	0	0	2	|...|	3204122
#	4123	潜水大拉里	11	20	1	2	0	20	17	41	39	43	1078	11	9	0	0	2	|...|	3204123
#	4124	积极杰西	11	21	1	2	0	21	26	24	44	41	1077	11	9	0	0	2	|...|	3204124
#	4125	飞翔的彼得	11	20	1	2	0	20	32	24	21	39	1076	11	9	0	0	2	|...|	3204125
#	4126	伤心大路易斯	11	42	1	2	0	42	32	35	23	45	1075	11	9	0	0	2	|...|	3204126
#	4127	恋恋的费怡	11	38	1	2	0	38	20	24	28	31	1074	11	9	0	0	2	|...|	3204127
#	4128	诚信小所罗门	11	44	1	2	0	44	20	17	26	31	1073	11	9	0	0	2	|...|	3204128
#	4129	零式福罗拉	11	18	1	2	0	18	34	27	21	30	1072	11	9	0	0	2	|...|	3204129
#	4130	牛皮糖劳瑞恩	11	38	1	2	0	38	43	40	35	17	1071	11	9	0	0	2	|...|	3204130
#	4131	呆呆小萨姆	11	33	1	2	0	33	35	36	44	21	1070	11	9	0	0	2	|...|	3204131
#	4132	蓝眼大山楂	11	39	1	2	0	39	23	26	38	28	1069	11	9	0	0	2	|...|	3204132
#	4133	浮夸哈利	11	34	1	2	0	34	24	18	30	21	1068	11	9	0	0	2	|...|	3204133
#	4134	风流葡萄	11	28	1	2	0	28	34	39	19	17	1067	11	9	0	0	2	|...|	3204134
#	4135	酱油卡尔	11	32	1	2	0	32	37	18	17	19	1066	11	9	0	0	2	|...|	3204135
#	4136	全速的巨龙	11	31	1	2	0	31	29	41	26	43	1065	11	9	0	0	2	|...|	3204136
#	4137	英俊马歇尔	11	17	1	2	0	17	38	45	39	41	1064	11	9	0	0	2	|...|	3204137
#	4138	希望的格瑞丝	11	34	1	2	0	34	19	42	24	21	1063	11	9	0	0	2	|...|	3204138
#	4139	腹黑里奇	11	42	1	2	0	42	19	21	18	34	1062	11	9	0	0	2	|...|	3204139
#	4140	奇怪的梅森	11	26	1	2	0	26	24	42	40	35	1061	11	9	0	0	2	|...|	3204140
#	4141	极速大米莉	11	29	1	2	0	29	39	26	41	17	1060	11	9	0	0	2	|...|	3204141
#	4142	首任小本杰明	11	33	1	2	0	33	32	42	18	45	1059	11	9	0	0	2	|...|	3204142
#	4143	无妄大哈帝	11	34	1	2	0	34	37	42	45	30	1058	11	9	0	0	2	|...|	3204143
#	4144	伤心的莉莲	11	38	1	2	0	38	21	24	34	42	1057	11	9	0	0	2	|...|	3204144
#	4145	伪善大美洛蒂	11	28	1	2	0	28	26	44	32	21	1056	11	9	0	0	2	|...|	3204145
#	4146	靠谱大雅各布	11	38	1	2	0	38	23	20	30	42	1055	11	9	0	0	2	|...|	3204146
#	4147	微笑的林恩	11	20	1	2	0	20	37	24	28	26	1054	11	9	0	0	2	|...|	3204147
#	4148	吟游大雅各布	11	36	1	2	0	36	21	23	19	42	1053	11	9	0	0	2	|...|	3204148
#	4149	独裁者小加百利	11	23	1	2	0	23	43	31	17	24	1052	11	9	0	0	2	|...|	3204149
#	4150	诚信的萨姆	11	36	1	2	0	36	24	26	20	23	1051	11	9	0	0	2	|...|	3204150
#	4151	极速的芬妮	11	42	1	2	0	42	35	39	38	29	1050	11	9	0	0	2	|...|	3204151
#	4152	笑面艾基尔琳娜	11	44	1	2	0	44	21	35	45	20	1049	11	9	0	0	2	|...|	3204152
#	4153	靠谱的布兰登	11	44	1	2	0	44	30	20	26	21	1048	11	9	0	0	2	|...|	3204153
#	4154	卷毛启示录	11	33	1	2	0	33	17	38	30	32	1047	11	9	0	0	2	|...|	3204154
#	4155	白天马歇尔	11	30	1	2	0	30	19	41	39	27	1046	11	9	0	0	2	|...|	3204155
#	4156	冷面的尼尔森	11	35	1	2	0	35	17	28	23	18	1045	11	9	0	0	2	|...|	3204156
#	4157	恋恋小费怡	11	33	1	2	0	33	30	27	19	29	1044	11	9	0	0	2	|...|	3204157
#	4158	白发真相	11	40	1	2	0	40	34	31	36	23	1043	11	9	0	0	2	|...|	3204158
#	4159	激情大塞西	11	23	1	2	0	23	26	20	31	38	1042	11	9	0	0	2	|...|	3204159
#	4160	带刀小詹米	11	32	1	2	0	32	24	36	41	27	1041	11	9	0	0	2	|...|	3204160
#	4161	过气克莉丝	11	30	1	2	0	30	28	44	33	19	1040	11	9	0	0	2	|...|	3204161
#	4162	大帝小希拉里	11	34	1	2	0	34	29	44	23	42	1039	11	9	0	0	2	|...|	3204162
#	4163	迟到的凯西	11	24	1	2	0	24	35	42	19	45	1038	11	9	0	0	2	|...|	3204163
#	4164	金发小贝亚特	11	24	1	2	0	24	38	35	32	39	1037	11	9	0	0	2	|...|	3204164
#	4165	牛皮糖汉克	11	26	1	2	0	26	40	30	17	31	1036	11	9	0	0	2	|...|	3204165
#	4166	星月的莉兹	11	23	1	2	0	23	35	28	27	26	1035	11	9	0	0	2	|...|	3204166
#	4167	华丽的弗兰克	11	30	1	2	0	30	18	37	36	19	1034	11	9	0	0	2	|...|	3204167
#	4168	豪爽小琼	11	40	1	2	0	40	42	19	21	26	1033	11	9	0	0	2	|...|	3204168
#	4169	灌水大电灯泡	11	34	1	2	0	34	17	40	30	28	1032	11	9	0	0	2	|...|	3204169
#	4170	快乐大埃德加	11	21	1	2	0	21	19	36	33	43	1031	11	9	0	0	2	|...|	3204170
#	4171	绝世小詹姆士	11	42	1	2	0	42	27	41	38	17	1030	11	9	0	0	2	|...|	3204171
#	4172	十方大汉娜	11	34	1	2	0	34	18	17	41	38	1029	11	9	0	0	2	|...|	3204172
#	4173	从容的欧蕊	11	45	1	2	0	45	40	21	37	39	1028	11	9	0	0	2	|...|	3204173
#	4174	公正大露西妮	11	18	1	2	0	18	29	32	21	33	1027	11	9	0	0	2	|...|	3204174
#	4175	稳定小堂娜	11	17	1	2	0	17	41	39	24	32	1026	11	9	0	0	2	|...|	3204175
#	4176	野蛮的托马斯	11	38	1	2	0	38	32	23	31	30	1025	11	9	0	0	2	|...|	3204176
#	4177	非凡唐纳德	11	35	1	2	0	35	29	36	27	19	1024	11	9	0	0	2	|...|	3204177
#	4178	队草的朱莉	11	38	1	2	0	38	32	17	19	34	1023	11	9	0	0	2	|...|	3204178
#	4179	孤傲大邦妮	11	40	1	2	0	40	42	18	39	28	1022	11	9	0	0	2	|...|	3204179
#	4180	守望小大猩猩	11	36	1	2	0	36	40	42	24	32	1021	11	9	0	0	2	|...|	3204180
#	4181	狂贼的罗杰	11	18	1	2	0	18	43	34	23	17	1020	11	9	0	0	2	|...|	3204181
#	4182	深沉梅利莎	11	19	1	2	0	19	20	33	21	30	1019	11	9	0	0	2	|...|	3204182
#	4183	悲情的辛迪	11	17	1	2	0	17	24	20	35	27	1018	11	9	0	0	2	|...|	3204183
#	4184	幽灵的克里斯	11	37	1	2	0	37	41	35	36	17	1017	11	9	0	0	2	|...|	3204184
#	4185	补考小德里克	11	17	1	2	0	17	32	39	28	27	1016	11	9	0	0	2	|...|	3204185
#	4186	冰封的伊迪萨	11	24	1	2	0	24	17	31	38	18	1015	11	9	0	0	2	|...|	3204186
#	4187	未来大伊迪丝	11	40	1	2	0	40	43	21	33	23	1014	11	9	0	0	2	|...|	3204187
#	4188	硬糖马歇尔	11	26	1	2	0	26	33	23	41	34	1013	11	9	0	0	2	|...|	3204188
#	4189	神秘小迈克尔	11	28	1	2	0	28	18	42	19	23	1012	11	9	0	0	2	|...|	3204189
#	4190	低调小玉	11	29	1	2	0	29	28	30	45	17	1011	11	9	0	0	2	|...|	3204190
#	4191	低调的詹妮弗	11	43	1	2	0	43	37	41	38	27	1010	11	9	0	0	2	|...|	3204191
#	4192	华丽的乔斯林	11	19	1	2	0	19	40	38	44	35	1009	11	9	0	0	2	|...|	3204192
#	4193	不破大卡罗琳	11	29	1	2	0	29	38	19	36	45	1008	11	9	0	0	2	|...|	3204193
#	4194	蓝眼小托马斯	11	45	1	2	0	45	32	26	39	18	1007	11	9	0	0	2	|...|	3204194
#	4195	伪善科林	11	30	1	2	0	30	20	40	36	42	1006	11	9	0	0	2	|...|	3204195
#	4196	多面的汤米	11	17	1	2	0	17	40	35	45	20	1005	11	9	0	0	2	|...|	3204196
#	4197	吴钩小赖安	11	35	1	2	0	35	26	21	27	18	1004	11	9	0	0	2	|...|	3204197
#	4198	无敌大布赖恩	11	17	1	2	0	17	36	39	24	18	1003	11	9	0	0	2	|...|	3204198
#	4199	补考露西娅	11	45	1	2	0	45	35	27	24	36	1002	11	9	0	0	2	|...|	3204199
#	4200	急速费怡	11	24	1	2	0	24	37	32	43	39	1001	11	9	0	0	2	|...|	3204200
#	4201	百式的亚伯	10	30	1	1	2	30	27	21	19	17	1000	10	8	0	0	1	|...|	3204201
#	4202	散步伊迪萨	10	30	1	1	2	30	23	21	19	17	999	10	8	0	0	1	|...|	3204202
#	4203	致命布伦特	10	30	1	1	2	30	28	27	18	17	998	10	8	0	0	1	|...|	3204203
#	4204	芭蕾的姬恩	10	30	1	1	2	30	29	24	20	17	997	10	8	0	0	1	|...|	3204204
#	4205	吴钩的艾琳娜	10	30	1	1	2	30	27	24	19	17	996	10	8	0	0	1	|...|	3204205
#	4206	夜空的雅各布	10	30	1	1	2	30	29	28	26	19	995	10	8	0	0	1	|...|	3204206
#	4207	糊涂大梅维丝	10	29	1	1	2	29	28	27	21	19	994	10	8	0	0	1	|...|	3204207
#	4208	制裁杰罗姆	10	31	1	1	2	31	29	24	21	18	993	10	8	0	0	1	|...|	3204208
#	4209	独裁者大克里斯	10	31	1	1	2	31	27	26	24	20	992	10	8	0	0	1	|...|	3204209
#	4210	骗经大禅	10	30	1	1	2	30	29	21	20	17	991	10	8	0	0	1	|...|	3204210
#	4211	圆梦小小玉	10	27	1	1	2	27	26	23	20	17	990	10	8	0	0	1	|...|	3204211
#	4212	探险大玛克辛	10	30	1	1	2	30	28	26	24	21	989	10	8	0	0	1	|...|	3204212
#	4213	靠谱的乔安娜	10	29	1	1	2	29	26	24	20	17	988	10	8	0	0	1	|...|	3204213
#	4214	梦幻大艾莉森	10	27	1	1	2	27	26	24	23	17	987	10	8	0	0	1	|...|	3204214
#	4215	白发的华纳	10	31	1	1	2	31	28	27	26	18	986	10	8	0	0	1	|...|	3204215
#	4216	丑陋大杰弗瑞	10	31	1	1	2	31	29	28	18	17	985	10	8	0	0	1	|...|	3204216
#	4217	无敌达茜	10	30	1	1	2	30	29	24	20	17	984	10	8	0	0	1	|...|	3204217
#	4218	懒散大艾伯特	10	27	1	1	2	27	26	23	19	18	983	10	8	0	0	1	|...|	3204218
#	4219	未来安尼塔	10	31	1	1	2	31	30	21	18	17	982	10	8	0	0	1	|...|	3204219
#	4220	代言大马科斯	10	27	1	1	2	27	26	23	20	19	981	10	8	0	0	1	|...|	3204220
#	4221	圆滑小罗杰	10	29	1	1	2	29	23	21	18	17	980	10	8	0	0	1	|...|	3204221
#	4222	芭蕾拉里	10	28	1	1	2	28	26	24	21	18	979	10	8	0	0	1	|...|	3204222
#	4223	圆梦的诺亚	10	26	1	1	2	26	23	21	20	19	978	10	8	0	0	1	|...|	3204223
#	4224	度假麦克	10	31	1	1	2	31	30	27	20	19	977	10	8	0	0	1	|...|	3204224
#	4225	低调的卡门	10	31	1	1	2	31	30	29	27	20	976	10	8	0	0	1	|...|	3204225
#	4226	被爱大雷	10	31	1	1	2	31	28	27	24	23	975	10	8	0	0	1	|...|	3204226
#	4227	西部的布鲁斯	10	30	1	1	2	30	29	27	23	18	974	10	8	0	0	1	|...|	3204227
#	4228	肥安德鲁	10	30	1	1	2	30	29	24	23	19	973	10	8	0	0	1	|...|	3204228
#	4229	全速小凯斯	10	29	1	1	2	29	26	23	20	17	972	10	8	0	0	1	|...|	3204229
#	4230	热血乔丹	10	28	1	1	2	28	24	21	19	17	971	10	8	0	0	1	|...|	3204230
#	4231	白色洛克	10	31	1	1	2	31	28	21	19	18	970	10	8	0	0	1	|...|	3204231
#	4232	难舍曼迪	10	26	1	1	2	26	24	23	21	19	969	10	8	0	0	1	|...|	3204232
#	4233	夜空斯考特	10	30	1	1	2	30	29	26	24	23	968	10	8	0	0	1	|...|	3204233
#	4234	酱油克莉丝	10	31	1	1	2	31	29	28	27	18	967	10	8	0	0	1	|...|	3204234
#	4235	神气大欧文	10	29	1	1	2	29	27	24	19	18	966	10	8	0	0	1	|...|	3204235
#	4236	爱大加百利	10	30	1	1	2	30	26	23	21	19	965	10	8	0	0	1	|...|	3204236
#	4237	腹黑的塞西	10	30	1	1	2	30	27	23	19	17	964	10	8	0	0	1	|...|	3204237
#	4238	伪善大欧文	10	29	1	1	2	29	21	19	18	17	963	10	8	0	0	1	|...|	3204238
#	4239	巅峰小罗伯特	10	30	1	1	2	30	29	28	20	18	962	10	8	0	0	1	|...|	3204239
#	4240	奇怪詹森	10	31	1	1	2	31	26	24	23	21	961	10	8	0	0	1	|...|	3204240
#	4241	下凡的亨利	10	30	1	1	2	30	28	23	21	17	960	10	8	0	0	1	|...|	3204241
#	4242	乱世小安妮	10	30	1	1	2	30	29	27	23	17	959	10	8	0	0	1	|...|	3204242
#	4243	带刀的艾莉莎	10	29	1	1	2	29	27	26	24	23	958	10	8	0	0	1	|...|	3204243
#	4244	疯狂的露茜	10	28	1	1	2	28	24	23	19	17	957	10	8	0	0	1	|...|	3204244
#	4245	无间小摩根	10	29	1	1	2	29	27	26	20	19	956	10	8	0	0	1	|...|	3204245
#	4246	逝去的伊妮德	10	26	1	1	2	26	24	20	19	18	955	10	8	0	0	1	|...|	3204246
#	4247	神秘的里奇	10	30	1	1	2	30	29	24	20	17	954	10	8	0	0	1	|...|	3204247
#	4248	金色大西蒙	10	31	1	1	2	31	28	26	24	23	953	10	8	0	0	1	|...|	3204248
#	4249	出头大埃德加	10	31	1	1	2	31	27	20	19	17	952	10	8	0	0	1	|...|	3204249
#	4250	肥的凯斯	10	30	1	1	2	30	29	26	24	17	951	10	8	0	0	1	|...|	3204250
#	4251	红白詹姆士	10	27	1	1	2	27	23	19	18	17	950	10	8	0	0	1	|...|	3204251
#	4252	仲裁小麦克	10	31	1	1	2	31	29	26	21	17	949	10	8	0	0	1	|...|	3204252
#	4253	登顶沃伦	10	29	1	1	2	29	28	21	20	18	948	10	8	0	0	1	|...|	3204253
#	4254	魔相奥斯汀	10	29	1	1	2	29	26	23	21	20	947	10	8	0	0	1	|...|	3204254
#	4255	神圣大凯瑟琳	10	31	1	1	2	31	30	21	20	18	946	10	8	0	0	1	|...|	3204255
#	4256	零式大西瓜	10	30	1	1	2	30	29	28	26	23	945	10	8	0	0	1	|...|	3204256
#	4257	急速大本森	10	31	1	1	2	31	30	27	21	18	944	10	8	0	0	1	|...|	3204257
#	4258	哭泣大泰勒	10	28	1	1	2	28	26	24	20	18	943	10	8	0	0	1	|...|	3204258
#	4259	死忠特里娜	10	28	1	1	2	28	27	24	23	20	942	10	8	0	0	1	|...|	3204259
#	4260	带刀的杯具	10	30	1	1	2	30	24	23	19	18	941	10	8	0	0	1	|...|	3204260
#	4261	不羁大米兰达	10	29	1	1	2	29	27	20	19	17	940	10	8	0	0	1	|...|	3204261
#	4262	希望安德鲁	10	31	1	1	2	31	24	23	21	17	939	10	8	0	0	1	|...|	3204262
#	4263	回首的梅利莎	10	31	1	1	2	31	29	27	21	18	938	10	8	0	0	1	|...|	3204263
#	4264	冰冷小贾斯汀	10	28	1	1	2	28	26	23	21	20	937	10	8	0	0	1	|...|	3204264
#	4265	有病小科迪	10	30	1	1	2	30	28	27	23	21	936	10	8	0	0	1	|...|	3204265
#	4266	不屈菲比	10	31	1	1	2	31	27	20	19	18	935	10	8	0	0	1	|...|	3204266
#	4267	慈爱的劳拉	10	30	1	1	2	30	27	24	23	18	934	10	8	0	0	1	|...|	3204267
#	4268	愤怒小奥斯汀	10	29	1	1	2	29	27	20	18	17	933	10	8	0	0	1	|...|	3204268
#	4269	闷骚小莱斯利	10	31	1	1	2	31	30	24	19	17	932	10	8	0	0	1	|...|	3204269
#	4270	带刀芒果	10	29	1	1	2	29	27	20	19	18	931	10	8	0	0	1	|...|	3204270
#	4271	棉花糖小海莉	10	27	1	1	2	27	26	20	19	18	930	10	8	0	0	1	|...|	3204271
#	4272	南方达茜	10	31	1	1	2	31	30	28	20	18	929	10	8	0	0	1	|...|	3204272
#	4273	一个大露露	10	31	1	1	2	31	28	26	19	17	928	10	8	0	0	1	|...|	3204273
#	4274	抽风艾基尔德琳	10	30	1	1	2	30	26	24	23	17	927	10	8	0	0	1	|...|	3204274
#	4275	下凡的斯帕克	10	29	1	1	2	29	26	21	19	17	926	10	8	0	0	1	|...|	3204275
#	4276	散步克莉丝	10	31	1	1	2	31	30	26	23	19	925	10	8	0	0	1	|...|	3204276
#	4277	双刀的约书亚	10	31	1	1	2	31	27	26	24	18	924	10	8	0	0	1	|...|	3204277
#	4278	理智托德	10	30	1	1	2	30	26	24	21	19	923	10	8	0	0	1	|...|	3204278
#	4279	暴君的比尔	10	28	1	1	2	28	27	23	20	19	922	10	8	0	0	1	|...|	3204279
#	4280	阔绰樱桃	10	31	1	1	2	31	28	20	19	17	921	10	8	0	0	1	|...|	3204280
#	4281	轻大杰瑞	10	31	1	1	2	31	28	27	26	20	920	10	8	0	0	1	|...|	3204281
#	4282	巨型的约翰	10	29	1	1	2	29	28	24	21	18	919	10	8	0	0	1	|...|	3204282
#	4283	野蛮的塞缪尔	10	31	1	1	2	31	30	26	21	19	918	10	8	0	0	1	|...|	3204283
#	4284	今日的海顿	10	28	1	1	2	28	27	21	20	18	917	10	8	0	0	1	|...|	3204284
#	4285	正义大格林	10	31	1	1	2	31	26	24	18	17	916	10	8	0	0	1	|...|	3204285
#	4286	风流大包子	10	30	1	1	2	30	29	21	19	17	915	10	8	0	0	1	|...|	3204286
#	4287	刻章德里克	10	31	1	1	2	31	26	24	23	20	914	10	8	0	0	1	|...|	3204287
#	4288	暴君的艾伦	10	28	1	1	2	28	21	20	19	17	913	10	8	0	0	1	|...|	3204288
#	4289	悟透大阿维娃	10	29	1	1	2	29	26	24	20	17	912	10	8	0	0	1	|...|	3204289
#	4290	豪爽大杰西	10	31	1	1	2	31	30	27	24	17	911	10	8	0	0	1	|...|	3204290
#	4291	致命基诺	10	26	1	1	2	26	23	20	19	18	910	10	8	0	0	1	|...|	3204291
#	4292	复出伊桑	10	30	1	1	2	30	28	27	23	18	909	10	8	0	0	1	|...|	3204292
#	4293	致命小爱迪生	10	30	1	1	2	30	24	23	21	18	908	10	8	0	0	1	|...|	3204293
#	4294	狂贼霍华德	10	29	1	1	2	29	23	20	19	17	907	10	8	0	0	1	|...|	3204294
#	4295	呆呆大埃尔莎	10	31	1	1	2	31	30	26	23	20	906	10	8	0	0	1	|...|	3204295
#	4296	理发小雷	10	31	1	1	2	31	30	27	26	18	905	10	8	0	0	1	|...|	3204296
#	4297	萌萌大格瑞塔	10	29	1	1	2	29	27	26	19	18	904	10	8	0	0	1	|...|	3204297
#	4298	散步西德尼	10	28	1	1	2	28	27	24	21	17	903	10	8	0	0	1	|...|	3204298
#	4299	吟游小罗琳	10	31	1	1	2	31	27	24	21	20	902	10	8	0	0	1	|...|	3204299
#	4300	军中小玛佩尔	10	28	1	1	2	28	27	26	23	19	901	10	8	0	0	1	|...|	3204300
#	4301	公正大巨龙	9	30	1	1	2	30	23	21	20	18	900	9	7	0	0	1	|...|	3204301
#	4302	巨型小科迪	9	28	1	1	2	28	27	24	23	21	899	9	7	0	0	1	|...|	3204302
#	4303	饥饿的凯尔	9	26	1	1	2	26	24	23	21	19	898	9	7	0	0	1	|...|	3204303
#	4304	光速乔伊	9	31	1	1	2	31	27	26	24	23	897	9	7	0	0	1	|...|	3204304
#	4305	大帝小奥利弗	9	29	1	1	2	29	26	21	20	18	896	9	7	0	0	1	|...|	3204305
#	4306	天生的埃莉诺	9	30	1	1	2	30	24	19	18	17	895	9	7	0	0	1	|...|	3204306
#	4307	伪善大莉莉	9	30	1	1	2	30	29	26	23	20	894	9	7	0	0	1	|...|	3204307
#	4308	强悍大杰奎琳	9	30	1	1	2	30	29	23	21	19	893	9	7	0	0	1	|...|	3204308
#	4309	努力艾萨克	9	30	1	1	2	30	29	28	26	21	892	9	7	0	0	1	|...|	3204309
#	4310	恐怖大爱伦	9	30	1	1	2	30	28	26	24	21	891	9	7	0	0	1	|...|	3204310
#	4311	硬糖的查尔斯	9	31	1	1	2	31	29	28	27	19	890	9	7	0	0	1	|...|	3204311
#	4312	巨型小卡瑞娜	9	26	1	1	2	26	23	21	20	17	889	9	7	0	0	1	|...|	3204312
#	4313	游荡荔枝	9	29	1	1	2	29	28	27	20	18	888	9	7	0	0	1	|...|	3204313
#	4314	橡皮大艾莉尔	9	27	1	1	2	27	24	21	19	18	887	9	7	0	0	1	|...|	3204314
#	4315	残剑大基蒂	9	29	1	1	2	29	27	24	23	19	886	9	7	0	0	1	|...|	3204315
#	4316	闷骚的米歇尔	9	31	1	1	2	31	30	21	20	18	885	9	7	0	0	1	|...|	3204316
#	4317	零式大斯派克	9	31	1	1	2	31	29	28	24	21	884	9	7	0	0	1	|...|	3204317
#	4318	嗜血大马驹	9	28	1	1	2	28	26	20	18	17	883	9	7	0	0	1	|...|	3204318
#	4319	复出大布伦达	9	30	1	1	2	30	29	28	19	17	882	9	7	0	0	1	|...|	3204319
#	4320	关键的亚瑟	9	29	1	1	2	29	27	21	20	19	881	9	7	0	0	1	|...|	3204320
#	4321	一个大亚伦	9	27	1	1	2	27	26	24	23	20	880	9	7	0	0	1	|...|	3204321
#	4322	仁义大安伯	9	31	1	1	2	31	28	23	20	19	879	9	7	0	0	1	|...|	3204322
#	4323	闷骚小柿子	9	28	1	1	2	28	27	23	18	17	878	9	7	0	0	1	|...|	3204323
#	4324	首任小列得	9	31	1	1	2	31	28	27	23	21	877	9	7	0	0	1	|...|	3204324
#	4325	闪电大朱蒂	9	31	1	1	2	31	29	26	23	18	876	9	7	0	0	1	|...|	3204325
#	4326	凝固肯	9	29	1	1	2	29	28	21	20	18	875	9	7	0	0	1	|...|	3204326
#	4327	游荡斯宾塞	9	26	1	1	2	26	24	23	20	19	874	9	7	0	0	1	|...|	3204327
#	4328	军中泰勒	9	27	1	1	2	27	26	21	19	18	873	9	7	0	0	1	|...|	3204328
#	4329	骇人大巨龙	9	30	1	1	2	30	28	26	24	18	872	9	7	0	0	1	|...|	3204329
#	4330	当红安妮	9	29	1	1	2	29	21	19	18	17	871	9	7	0	0	1	|...|	3204330
#	4331	火爆的柯利弗	9	28	1	1	2	28	26	21	19	18	870	9	7	0	0	1	|...|	3204331
#	4332	仲裁大斯帕克	9	30	1	1	2	30	28	27	18	17	869	9	7	0	0	1	|...|	3204332
#	4333	轻大茉莉	9	30	1	1	2	30	27	24	19	18	868	9	7	0	0	1	|...|	3204333
#	4334	愤怒小采尼	9	31	1	1	2	31	30	26	20	17	867	9	7	0	0	1	|...|	3204334
#	4335	孤独的里奇	9	27	1	1	2	27	23	21	20	17	866	9	7	0	0	1	|...|	3204335
#	4336	不迫堂娜	9	31	1	1	2	31	30	29	27	26	865	9	7	0	0	1	|...|	3204336
#	4337	潜水大保罗	9	30	1	1	2	30	29	28	26	19	864	9	7	0	0	1	|...|	3204337
#	4338	神之手小布鲁斯	9	30	1	1	2	30	27	26	23	19	863	9	7	0	0	1	|...|	3204338
#	4339	优雅大梅米	9	26	1	1	2	26	24	21	20	18	862	9	7	0	0	1	|...|	3204339
#	4340	重大哈里森	9	31	1	1	2	31	30	29	23	18	861	9	7	0	0	1	|...|	3204340
#	4341	代言大梅甘	9	26	1	1	2	26	23	19	18	17	860	9	7	0	0	1	|...|	3204341
#	4342	魔幻本杰明	9	31	1	1	2	31	30	23	21	18	859	9	7	0	0	1	|...|	3204342
#	4343	阳光大吉米	9	30	1	1	2	30	27	20	19	17	858	9	7	0	0	1	|...|	3204343
#	4344	探险的玛莎	9	29	1	1	2	29	28	27	26	18	857	9	7	0	0	1	|...|	3204344
#	4345	冰冷小道	9	31	1	1	2	31	28	21	20	19	856	9	7	0	0	1	|...|	3204345
#	4346	公正大椰子	9	30	1	1	2	30	27	23	20	19	855	9	7	0	0	1	|...|	3204346
#	4347	种田唐纳德	9	30	1	1	2	30	28	24	21	19	854	9	7	0	0	1	|...|	3204347
#	4348	凝固大卡斯帕	9	30	1	1	2	30	29	24	19	17	853	9	7	0	0	1	|...|	3204348
#	4349	独眼的杜克	9	31	1	1	2	31	30	21	18	17	852	9	7	0	0	1	|...|	3204349
#	4350	办证大深渊	9	31	1	1	2	31	30	23	20	19	851	9	7	0	0	1	|...|	3204350
#	4351	龅牙大科林	9	30	1	1	2	30	28	21	19	17	850	9	7	0	0	1	|...|	3204351
#	4352	逝去黛安娜	9	28	1	1	2	28	27	20	18	17	849	9	7	0	0	1	|...|	3204352
#	4353	出头琳赛	9	29	1	1	2	29	28	26	20	18	848	9	7	0	0	1	|...|	3204353
#	4354	骗经大科兹莫	9	30	1	1	2	30	28	27	20	18	847	9	7	0	0	1	|...|	3204354
#	4355	疯狂艾基尔德琳	9	30	1	1	2	30	28	24	18	17	846	9	7	0	0	1	|...|	3204355
#	4356	滚滚的路易斯	9	31	1	1	2	31	28	23	21	19	845	9	7	0	0	1	|...|	3204356
#	4357	光头大米兰达	9	27	1	1	2	27	24	23	19	18	844	9	7	0	0	1	|...|	3204357
#	4358	难舍米莉	9	29	1	1	2	29	27	26	19	18	843	9	7	0	0	1	|...|	3204358
#	4359	疗伤小山楂	9	26	1	1	2	26	24	23	19	17	842	9	7	0	0	1	|...|	3204359
#	4360	野蛮的凯茜	9	24	1	1	2	24	23	20	19	17	841	9	7	0	0	1	|...|	3204360
#	4361	橡皮莫尼卡	9	31	1	1	2	31	30	24	23	18	840	9	7	0	0	1	|...|	3204361
#	4362	飞翔水蜜桃	9	30	1	1	2	30	29	27	19	17	839	9	7	0	0	1	|...|	3204362
#	4363	闷骚大弗兰克	9	29	1	1	2	29	28	21	20	18	838	9	7	0	0	1	|...|	3204363
#	4364	低调小范	9	29	1	1	2	29	23	21	20	18	837	9	7	0	0	1	|...|	3204364
#	4365	慈爱的巨龙	9	30	1	1	2	30	29	28	27	24	836	9	7	0	0	1	|...|	3204365
#	4366	饥饿的朱恩	9	31	1	1	2	31	30	27	26	24	835	9	7	0	0	1	|...|	3204366
#	4367	逝去的爱沙拉	9	31	1	1	2	31	30	24	20	17	834	9	7	0	0	1	|...|	3204367
#	4368	全能的汉娜	9	31	1	1	2	31	27	26	23	19	833	9	7	0	0	1	|...|	3204368
#	4369	玻璃的爱沙拉	9	31	1	1	2	31	30	28	21	17	832	9	7	0	0	1	|...|	3204369
#	4370	关键小彼得	9	28	1	1	2	28	27	23	19	17	831	9	7	0	0	1	|...|	3204370
#	4371	小查尔斯	9	29	1	1	2	29	24	23	21	20	830	9	7	0	0	1	|...|	3204371
#	4372	微笑的阿维娃	9	31	1	1	2	31	30	27	26	24	829	9	7	0	0	1	|...|	3204372
#	4373	死神大奥斯汀	9	30	1	1	2	30	21	20	19	17	828	9	7	0	0	1	|...|	3204373
#	4374	十方小汤米	9	30	1	1	2	30	28	27	23	20	827	9	7	0	0	1	|...|	3204374
#	4375	疗伤的马修	9	28	1	1	2	28	27	26	24	23	826	9	7	0	0	1	|...|	3204375
#	4376	暴君大尼克	9	28	1	1	2	28	23	20	18	17	825	9	7	0	0	1	|...|	3204376
#	4377	恋恋大约瑟夫	9	29	1	1	2	29	21	20	19	17	824	9	7	0	0	1	|...|	3204377
#	4378	梦游小采尼	9	29	1	1	2	29	28	24	21	19	823	9	7	0	0	1	|...|	3204378
#	4379	演技大伊迪丝	9	31	1	1	2	31	29	28	26	23	822	9	7	0	0	1	|...|	3204379
#	4380	抽风的阿曼达	9	31	1	1	2	31	30	27	21	18	821	9	7	0	0	1	|...|	3204380
#	4381	队草小亨利	9	30	1	1	2	30	27	24	23	21	820	9	7	0	0	1	|...|	3204381
#	4382	极速小霍华德	9	27	1	1	2	27	26	23	21	20	819	9	7	0	0	1	|...|	3204382
#	4383	秃头大莰蒂丝	9	30	1	1	2	30	27	24	18	17	818	9	7	0	0	1	|...|	3204383
#	4384	神圣艾丽丝	9	31	1	1	2	31	30	26	23	19	817	9	7	0	0	1	|...|	3204384
#	4385	化身的安格斯	9	29	1	1	2	29	23	19	18	17	816	9	7	0	0	1	|...|	3204385
#	4386	耍帅兰斯	9	31	1	1	2	31	23	21	19	18	815	9	7	0	0	1	|...|	3204386
#	4387	助威大艾米丽	9	28	1	1	2	28	26	24	21	19	814	9	7	0	0	1	|...|	3204387
#	4388	种田大小米糕	9	31	1	1	2	31	28	24	21	18	813	9	7	0	0	1	|...|	3204388
#	4389	前场大米兰达	9	31	1	1	2	31	29	23	19	18	812	9	7	0	0	1	|...|	3204389
#	4390	白色的马文	9	30	1	1	2	30	28	26	23	18	811	9	7	0	0	1	|...|	3204390
#	4391	回归大曼迪	9	27	1	1	2	27	26	20	18	17	810	9	7	0	0	1	|...|	3204391
#	4392	牛皮糖罗宾	9	28	1	1	2	28	27	24	20	19	809	9	7	0	0	1	|...|	3204392
#	4393	演技小伊凡	9	31	1	1	2	31	29	28	27	23	808	9	7	0	0	1	|...|	3204393
#	4394	闪电埃德加	9	28	1	1	2	28	26	20	19	17	807	9	7	0	0	1	|...|	3204394
#	4395	待定的朱迪丝	9	30	1	1	2	30	28	24	21	17	806	9	7	0	0	1	|...|	3204395
#	4396	绝世大塞缪尔	9	30	1	1	2	30	29	24	21	20	805	9	7	0	0	1	|...|	3204396
#	4397	忽悠小伯特	9	29	1	1	2	29	28	26	21	20	804	9	7	0	0	1	|...|	3204397
#	4398	华丽劳瑞	9	31	1	1	2	31	28	23	19	17	803	9	7	0	0	1	|...|	3204398
#	4399	龅牙的凯尔西	9	31	1	1	2	31	28	27	23	20	802	9	7	0	0	1	|...|	3204399
#	4400	冰冷小华纳	9	31	1	1	2	31	30	28	20	19	801	9	7	0	0	1	|...|	3204400
#	4401	傲娇大桃花源	8	30	1	1	1	30	27	29	0	0	800	8	6	0	0	0	|...|	3204401
#	4402	无间的凯西	8	18	1	1	1	18	31	36	0	0	799	8	6	0	0	0	|...|	3204402
#	4403	懒散小克里斯	8	37	1	1	1	37	36	24	0	0	798	8	6	0	0	0	|...|	3204403
#	4404	无妄小露西妮	8	41	1	1	1	41	24	27	0	0	797	8	6	0	0	0	|...|	3204404
#	4405	糊涂小埃拉	8	29	1	1	1	29	26	23	0	0	796	8	6	0	0	0	|...|	3204405
#	4406	不迫兰迪	8	21	1	1	1	21	36	29	0	0	795	8	6	0	0	0	|...|	3204406
#	4407	演技大汉娜	8	21	1	1	1	21	30	41	0	0	794	8	6	0	0	0	|...|	3204407
#	4408	终极罗伊	8	41	1	1	1	41	30	18	0	0	793	8	6	0	0	0	|...|	3204408
#	4409	闪电的琳赛	8	19	1	1	1	19	36	21	0	0	792	8	6	0	0	0	|...|	3204409
#	4410	无相米迦勒	8	24	1	1	1	24	23	41	0	0	791	8	6	0	0	0	|...|	3204410
#	4411	死忠大娜塔莉	8	20	1	1	1	20	30	24	0	0	790	8	6	0	0	0	|...|	3204411
#	4412	魔相大伊莱恩	8	20	1	1	1	20	29	19	0	0	789	8	6	0	0	0	|...|	3204412
#	4413	秘密的艾莉	8	21	1	1	1	21	31	24	0	0	788	8	6	0	0	0	|...|	3204413
#	4414	梦游大加百列	8	29	1	1	1	29	24	19	0	0	787	8	6	0	0	0	|...|	3204414
#	4415	白色大海顿	8	37	1	1	1	37	36	18	0	0	786	8	6	0	0	0	|...|	3204415
#	4416	贤者的劳伦特	8	30	1	1	1	30	27	26	0	0	785	8	6	0	0	0	|...|	3204416
#	4417	办证的娜塔莉	8	21	1	1	1	21	18	41	0	0	784	8	6	0	0	0	|...|	3204417
#	4418	棉花糖的乔伊斯	8	20	1	1	1	20	26	21	0	0	783	8	6	0	0	0	|...|	3204418
#	4419	飞翔大山楂	8	20	1	1	1	20	41	30	0	0	782	8	6	0	0	0	|...|	3204419
#	4420	唯一的丹尼斯	8	19	1	1	1	19	31	26	0	0	781	8	6	0	0	0	|...|	3204420
#	4421	难舍大诺亚	8	18	1	1	1	18	20	19	0	0	780	8	6	0	0	0	|...|	3204421
#	4422	终极乔茜	8	30	1	1	1	30	27	36	0	0	779	8	6	0	0	0	|...|	3204422
#	4423	圣光卡米尔	8	30	1	1	1	30	26	23	0	0	778	8	6	0	0	0	|...|	3204423
#	4424	演技艾许莉	8	27	1	1	1	27	19	31	0	0	777	8	6	0	0	0	|...|	3204424
#	4425	多面大海蒂	8	26	1	1	1	26	20	23	0	0	776	8	6	0	0	0	|...|	3204425
#	4426	沉默的葡萄	8	20	1	1	1	20	37	19	0	0	775	8	6	0	0	0	|...|	3204426
#	4427	星月雷欧	8	37	1	1	1	37	31	21	0	0	774	8	6	0	0	0	|...|	3204427
#	4428	公正大露西妮	8	18	1	1	1	18	23	36	0	0	773	8	6	0	0	0	|...|	3204428
#	4429	飞翔弗恩	8	21	1	1	1	21	23	18	0	0	772	8	6	0	0	0	|...|	3204429
#	4430	独裁者大大猩猩	8	37	1	1	1	37	29	31	0	0	771	8	6	0	0	0	|...|	3204430
#	4431	金色的劳伦斯	8	19	1	1	1	19	29	24	0	0	770	8	6	0	0	0	|...|	3204431
#	4432	悲情的迈克尔	8	29	1	1	1	29	23	20	0	0	769	8	6	0	0	0	|...|	3204432
#	4433	刻章的玛丽莲	8	41	1	1	1	41	19	18	0	0	768	8	6	0	0	0	|...|	3204433
#	4434	低调恶魔	8	37	1	1	1	37	27	24	0	0	767	8	6	0	0	0	|...|	3204434
#	4435	飞翔大卡洛斯	8	31	1	1	1	31	41	23	0	0	766	8	6	0	0	0	|...|	3204435
#	4436	大阿维娃	8	30	1	1	1	30	20	24	0	0	765	8	6	0	0	0	|...|	3204436
#	4437	极速小鲁宾逊	8	27	1	1	1	27	24	21	0	0	764	8	6	0	0	0	|...|	3204437
#	4438	大帝琳达	8	30	1	1	1	30	37	24	0	0	763	8	6	0	0	0	|...|	3204438
#	4439	招牌小露西妮	8	27	1	1	1	27	21	29	0	0	762	8	6	0	0	0	|...|	3204439
#	4440	腹黑爱迪生	8	26	1	1	1	26	20	30	0	0	761	8	6	0	0	0	|...|	3204440
#	4441	龅牙玛克辛	8	31	1	1	1	31	20	36	0	0	760	8	6	0	0	0	|...|	3204441
#	4442	温暖埃尔莎	8	18	1	1	1	18	36	24	0	0	759	8	6	0	0	0	|...|	3204442
#	4443	奔跑大克莉丝	8	19	1	1	1	19	20	18	0	0	758	8	6	0	0	0	|...|	3204443
#	4444	传奇的黛米	8	27	1	1	1	27	21	26	0	0	757	8	6	0	0	0	|...|	3204444
#	4445	风流大乔丹	8	37	1	1	1	37	31	19	0	0	756	8	6	0	0	0	|...|	3204445
#	4446	雷霆小卢克	8	18	1	1	1	18	26	24	0	0	755	8	6	0	0	0	|...|	3204446
#	4447	硬糖的黛比	8	36	1	1	1	36	30	24	0	0	754	8	6	0	0	0	|...|	3204447
#	4448	忠义小埃莉卡	8	23	1	1	1	23	26	41	0	0	753	8	6	0	0	0	|...|	3204448
#	4449	办证的鲍比	8	23	1	1	1	23	19	20	0	0	752	8	6	0	0	0	|...|	3204449
#	4450	忘情大梅	8	27	1	1	1	27	26	41	0	0	751	8	6	0	0	0	|...|	3204450
#	4451	从容劳拉	8	24	1	1	1	24	21	27	0	0	750	8	6	0	0	0	|...|	3204451
#	4452	狂野大詹米	8	27	1	1	1	27	37	30	0	0	749	8	6	0	0	0	|...|	3204452
#	4453	强悍大路易丝	8	31	1	1	1	31	30	26	0	0	748	8	6	0	0	0	|...|	3204453
#	4454	清纯大真相	8	23	1	1	1	23	31	18	0	0	747	8	6	0	0	0	|...|	3204454
#	4455	硬糖大劳拉	8	23	1	1	1	23	41	36	0	0	746	8	6	0	0	0	|...|	3204455
#	4456	残剑小马歇尔	8	37	1	1	1	37	24	19	0	0	745	8	6	0	0	0	|...|	3204456
#	4457	落泪的拉里	8	30	1	1	1	30	24	18	0	0	744	8	6	0	0	0	|...|	3204457
#	4458	无畏大莉迪娅	8	24	1	1	1	24	19	21	0	0	743	8	6	0	0	0	|...|	3204458
#	4459	致命范	8	26	1	1	1	26	20	37	0	0	742	8	6	0	0	0	|...|	3204459
#	4460	萌萌小梅甘	8	31	1	1	1	31	21	26	0	0	741	8	6	0	0	0	|...|	3204460
#	4461	优雅大贝拉	8	24	1	1	1	24	37	29	0	0	740	8	6	0	0	0	|...|	3204461
#	4462	单车小文森特	8	23	1	1	1	23	37	21	0	0	739	8	6	0	0	0	|...|	3204462
#	4463	激情的稻草	8	31	1	1	1	31	36	21	0	0	738	8	6	0	0	0	|...|	3204463
#	4464	待定小凯丽	8	36	1	1	1	36	31	26	0	0	737	8	6	0	0	0	|...|	3204464
#	4465	金发的大海	8	23	1	1	1	23	30	36	0	0	736	8	6	0	0	0	|...|	3204465
#	4466	盗梦的玛丽莲	8	41	1	1	1	41	21	19	0	0	735	8	6	0	0	0	|...|	3204466
#	4467	冷静螺丝钉	8	29	1	1	1	29	21	37	0	0	734	8	6	0	0	0	|...|	3204467
#	4468	造点小亚伦	8	31	1	1	1	31	21	24	0	0	733	8	6	0	0	0	|...|	3204468
#	4469	理智小切尔西	8	20	1	1	1	20	19	37	0	0	732	8	6	0	0	0	|...|	3204469
#	4470	杀戮者的林恩	8	41	1	1	1	41	36	26	0	0	731	8	6	0	0	0	|...|	3204470
#	4471	橡皮安东尼	8	20	1	1	1	20	23	24	0	0	730	8	6	0	0	0	|...|	3204471
#	4472	优雅的玛丽莲	8	20	1	1	1	20	30	27	0	0	729	8	6	0	0	0	|...|	3204472
#	4473	孤独路易丝	8	18	1	1	1	18	24	23	0	0	728	8	6	0	0	0	|...|	3204473
#	4474	狂野雷	8	36	1	1	1	36	20	19	0	0	727	8	6	0	0	0	|...|	3204474
#	4475	秘密	8	20	1	1	1	20	41	37	0	0	726	8	6	0	0	0	|...|	3204475
#	4476	面具奥斯汀	8	20	1	1	1	20	21	18	0	0	725	8	6	0	0	0	|...|	3204476
#	4477	唯一的卡蒂	8	36	1	1	1	36	23	26	0	0	724	8	6	0	0	0	|...|	3204477
#	4478	悟透大凯尔	8	20	1	1	1	20	24	29	0	0	723	8	6	0	0	0	|...|	3204478
#	4479	公正小凯瑟琳	8	24	1	1	1	24	29	18	0	0	722	8	6	0	0	0	|...|	3204479
#	4480	奔跑艾基尔德蒙	8	41	1	1	1	41	36	24	0	0	721	8	6	0	0	0	|...|	3204480
#	4481	种田小塞西	8	30	1	1	1	30	18	23	0	0	720	8	6	0	0	0	|...|	3204481
#	4482	传播者的爱德华	8	27	1	1	1	27	23	36	0	0	719	8	6	0	0	0	|...|	3204482
#	4483	忧郁小爱沙拉	8	30	1	1	1	30	24	41	0	0	718	8	6	0	0	0	|...|	3204483
#	4484	全速兰迪	8	29	1	1	1	29	31	26	0	0	717	8	6	0	0	0	|...|	3204484
#	4485	白色的达芙妮	8	30	1	1	1	30	37	21	0	0	716	8	6	0	0	0	|...|	3204485
#	4486	探险小哈利	8	23	1	1	1	23	41	31	0	0	715	8	6	0	0	0	|...|	3204486
#	4487	冷静的马库斯	8	27	1	1	1	27	36	37	0	0	714	8	6	0	0	0	|...|	3204487
#	4488	浮夸的迦勒	8	19	1	1	1	19	26	30	0	0	713	8	6	0	0	0	|...|	3204488
#	4489	十方的玛克辛	8	41	1	1	1	41	29	27	0	0	712	8	6	0	0	0	|...|	3204489
#	4490	圣贤小塞缪尔	8	21	1	1	1	21	18	20	0	0	711	8	6	0	0	0	|...|	3204490
#	4491	化身的鲁宾逊	8	27	1	1	1	27	31	18	0	0	710	8	6	0	0	0	|...|	3204491
#	4492	魔幻的尼克	8	29	1	1	1	29	27	23	0	0	709	8	6	0	0	0	|...|	3204492
#	4493	执念大扳手	8	29	1	1	1	29	26	31	0	0	708	8	6	0	0	0	|...|	3204493
#	4494	饥饿南茜	8	21	1	1	1	21	31	41	0	0	707	8	6	0	0	0	|...|	3204494
#	4495	游荡大凯特	8	36	1	1	1	36	18	26	0	0	706	8	6	0	0	0	|...|	3204495
#	4496	小汤米	8	37	1	1	1	37	41	30	0	0	705	8	6	0	0	0	|...|	3204496
#	4497	被爱小海伦	8	23	1	1	1	23	29	36	0	0	704	8	6	0	0	0	|...|	3204497
#	4498	走神小海伦娜	8	23	1	1	1	23	24	27	0	0	703	8	6	0	0	0	|...|	3204498
#	4499	不迫小希拉里	8	23	1	1	1	23	19	24	0	0	702	8	6	0	0	0	|...|	3204499
#	4500	奇怪昆廷	8	29	1	1	1	29	30	36	0	0	701	8	6	0	0	0	|...|	3204500
#	4501	致命的安格斯	7	30	1	1	1	30	31	20	0	0	700	7	5	0	0	0	|...|	3204501
#	4502	轻小马驹	7	41	1	1	1	41	36	21	0	0	699	7	5	0	0	0	|...|	3204502
#	4503	抢镜的马修	7	21	1	1	1	21	31	30	0	0	698	7	5	0	0	0	|...|	3204503
#	4504	零式卡米尔	7	31	1	1	1	31	37	21	0	0	697	7	5	0	0	0	|...|	3204504
#	4505	滑稽的布兰奇	7	23	1	1	1	23	20	29	0	0	696	7	5	0	0	0	|...|	3204505
#	4506	忠义小梅	7	29	1	1	1	29	36	24	0	0	695	7	5	0	0	0	|...|	3204506
#	4507	双刀的圣经	7	41	1	1	1	41	31	24	0	0	694	7	5	0	0	0	|...|	3204507
#	4508	冷静华纳	7	30	1	1	1	30	18	37	0	0	693	7	5	0	0	0	|...|	3204508
#	4509	化身小约书亚	7	24	1	1	1	24	31	26	0	0	692	7	5	0	0	0	|...|	3204509
#	4510	闷骚小柳真	7	21	1	1	1	21	19	41	0	0	691	7	5	0	0	0	|...|	3204510
#	4511	绿色杰罗姆	7	36	1	1	1	36	23	20	0	0	690	7	5	0	0	0	|...|	3204511
#	4512	完美的乔安娜	7	26	1	1	1	26	29	18	0	0	689	7	5	0	0	0	|...|	3204512
#	4513	贤者黛米	7	23	1	1	1	23	31	29	0	0	688	7	5	0	0	0	|...|	3204513
#	4514	抢镜奥斯卡	7	27	1	1	1	27	29	20	0	0	687	7	5	0	0	0	|...|	3204514
#	4515	圣贤大莱瑞拉	7	29	1	1	1	29	31	30	0	0	686	7	5	0	0	0	|...|	3204515
#	4516	代言约瑟夫	7	27	1	1	1	27	21	24	0	0	685	7	5	0	0	0	|...|	3204516
#	4517	从容杰西	7	27	1	1	1	27	29	26	0	0	684	7	5	0	0	0	|...|	3204517
#	4518	圣贤小海伦	7	19	1	1	1	19	30	20	0	0	683	7	5	0	0	0	|...|	3204518
#	4519	助攻小路易莎	7	30	1	1	1	30	26	24	0	0	682	7	5	0	0	0	|...|	3204519
#	4520	白天大玛丽亚	7	18	1	1	1	18	37	26	0	0	681	7	5	0	0	0	|...|	3204520
#	4521	恐怖的杰西	7	20	1	1	1	20	26	37	0	0	680	7	5	0	0	0	|...|	3204521
#	4522	随行肯尼	7	26	1	1	1	26	23	21	0	0	679	7	5	0	0	0	|...|	3204522
#	4523	悲情小菲奥纳	7	27	1	1	1	27	29	19	0	0	678	7	5	0	0	0	|...|	3204523
#	4524	零式的玛佩尔	7	18	1	1	1	18	21	41	0	0	677	7	5	0	0	0	|...|	3204524
#	4525	救世劳伦斯	7	24	1	1	1	24	23	21	0	0	676	7	5	0	0	0	|...|	3204525
#	4526	冰封小滑板	7	21	1	1	1	21	30	29	0	0	675	7	5	0	0	0	|...|	3204526
#	4527	白色的弗瑞德	7	20	1	1	1	20	21	24	0	0	674	7	5	0	0	0	|...|	3204527
#	4528	悲情大戴茜	7	36	1	1	1	36	37	27	0	0	673	7	5	0	0	0	|...|	3204528
#	4529	疯狂的劳拉	7	21	1	1	1	21	20	30	0	0	672	7	5	0	0	0	|...|	3204529
#	4530	滚滚小桃花源	7	21	1	1	1	21	37	19	0	0	671	7	5	0	0	0	|...|	3204530
#	4531	特别斯帕克	7	29	1	1	1	29	30	36	0	0	670	7	5	0	0	0	|...|	3204531
#	4532	待定茉莉	7	36	1	1	1	36	21	30	0	0	669	7	5	0	0	0	|...|	3204532
#	4533	被爱小路易莎	7	36	1	1	1	36	21	31	0	0	668	7	5	0	0	0	|...|	3204533
#	4534	圆滑詹妮弗	7	41	1	1	1	41	37	27	0	0	667	7	5	0	0	0	|...|	3204534
#	4535	全能的罗文	7	20	1	1	1	20	30	29	0	0	666	7	5	0	0	0	|...|	3204535
#	4536	走神詹森	7	18	1	1	1	18	27	24	0	0	665	7	5	0	0	0	|...|	3204536
#	4537	百式大安德鲁	7	41	1	1	1	41	18	30	0	0	664	7	5	0	0	0	|...|	3204537
#	4538	温柔姬恩	7	18	1	1	1	18	31	23	0	0	663	7	5	0	0	0	|...|	3204538
#	4539	牛皮糖大亚当	7	23	1	1	1	23	21	29	0	0	662	7	5	0	0	0	|...|	3204539
#	4540	传播者的昆廷	7	41	1	1	1	41	21	36	0	0	661	7	5	0	0	0	|...|	3204540
#	4541	非常大玛姬	7	29	1	1	1	29	26	19	0	0	660	7	5	0	0	0	|...|	3204541
#	4542	饥饿的弗瑞德	7	29	1	1	1	29	30	19	0	0	659	7	5	0	0	0	|...|	3204542
#	4543	硬糖小劳瑞	7	19	1	1	1	19	26	29	0	0	658	7	5	0	0	0	|...|	3204543
#	4544	蓝色小菲奥纳	7	19	1	1	1	19	20	23	0	0	657	7	5	0	0	0	|...|	3204544
#	4545	稳定凯	7	21	1	1	1	21	24	26	0	0	656	7	5	0	0	0	|...|	3204545
#	4546	特训罗文	7	21	1	1	1	21	20	27	0	0	655	7	5	0	0	0	|...|	3204546
#	4547	死忠小贝迪	7	21	1	1	1	21	18	29	0	0	654	7	5	0	0	0	|...|	3204547
#	4548	伤心的布兰奇	7	37	1	1	1	37	24	29	0	0	653	7	5	0	0	0	|...|	3204548
#	4549	希望的乔安娜	7	20	1	1	1	20	31	21	0	0	652	7	5	0	0	0	|...|	3204549
#	4550	公正大罗琳	7	30	1	1	1	30	36	27	0	0	651	7	5	0	0	0	|...|	3204550
#	4551	神圣埃莉诺	7	29	1	1	1	29	23	21	0	0	650	7	5	0	0	0	|...|	3204551
#	4552	圣贤的伊莱恩	7	24	1	1	1	24	20	37	0	0	649	7	5	0	0	0	|...|	3204552
#	4553	下凡小芭比	7	31	1	1	1	31	19	23	0	0	648	7	5	0	0	0	|...|	3204553
#	4554	腹黑的伊娃	7	23	1	1	1	23	21	41	0	0	647	7	5	0	0	0	|...|	3204554
#	4555	圣大布赖恩	7	24	1	1	1	24	23	41	0	0	646	7	5	0	0	0	|...|	3204555
#	4556	无妄的劳伦斯	7	19	1	1	1	19	37	18	0	0	645	7	5	0	0	0	|...|	3204556
#	4557	鹰眼大昆廷	7	21	1	1	1	21	41	26	0	0	644	7	5	0	0	0	|...|	3204557
#	4558	神奇小洛克	7	21	1	1	1	21	29	27	0	0	643	7	5	0	0	0	|...|	3204558
#	4559	白色的芒果	7	31	1	1	1	31	18	20	0	0	642	7	5	0	0	0	|...|	3204559
#	4560	待定大海莉	7	41	1	1	1	41	21	23	0	0	641	7	5	0	0	0	|...|	3204560
#	4561	棉花糖安迪	7	21	1	1	1	21	36	18	0	0	640	7	5	0	0	0	|...|	3204561
#	4562	落泪玛米	7	36	1	1	1	36	41	21	0	0	639	7	5	0	0	0	|...|	3204562
#	4563	嗜血小道	7	41	1	1	1	41	24	18	0	0	638	7	5	0	0	0	|...|	3204563
#	4564	演技杰克逊	7	21	1	1	1	21	29	24	0	0	637	7	5	0	0	0	|...|	3204564
#	4565	懒散大小二	7	27	1	1	1	27	41	31	0	0	636	7	5	0	0	0	|...|	3204565
#	4566	爆裂弹大卡瑞娜	7	26	1	1	1	26	18	24	0	0	635	7	5	0	0	0	|...|	3204566
#	4567	袖珍杰弗里	7	26	1	1	1	26	20	41	0	0	634	7	5	0	0	0	|...|	3204567
#	4568	矜持的菲比	7	36	1	1	1	36	30	21	0	0	633	7	5	0	0	0	|...|	3204568
#	4569	造点路易斯	7	21	1	1	1	21	26	37	0	0	632	7	5	0	0	0	|...|	3204569
#	4570	助威大乔斯林	7	24	1	1	1	24	36	31	0	0	631	7	5	0	0	0	|...|	3204570
#	4571	下凡小科迪	7	31	1	1	1	31	30	37	0	0	630	7	5	0	0	0	|...|	3204571
#	4572	文静的鲁宾逊	7	31	1	1	1	31	27	20	0	0	629	7	5	0	0	0	|...|	3204572
#	4573	遗忘小马文	7	37	1	1	1	37	24	41	0	0	628	7	5	0	0	0	|...|	3204573
#	4574	双刀小海伦娜	7	31	1	1	1	31	23	19	0	0	627	7	5	0	0	0	|...|	3204574
#	4575	过气大布兰特	7	37	1	1	1	37	36	31	0	0	626	7	5	0	0	0	|...|	3204575
#	4576	鹰眼大布伦达	7	21	1	1	1	21	18	37	0	0	625	7	5	0	0	0	|...|	3204576
#	4577	优雅西瓜	7	23	1	1	1	23	20	19	0	0	624	7	5	0	0	0	|...|	3204577
#	4578	阔绰的约书亚	7	19	1	1	1	19	20	29	0	0	623	7	5	0	0	0	|...|	3204578
#	4579	十方大艾丽丝	7	36	1	1	1	36	23	41	0	0	622	7	5	0	0	0	|...|	3204579
#	4580	抢镜小飞车	7	23	1	1	1	23	29	30	0	0	621	7	5	0	0	0	|...|	3204580
#	4581	梦幻小鲍伯	7	18	1	1	1	18	20	23	0	0	620	7	5	0	0	0	|...|	3204581
#	4582	弹簧的包子	7	36	1	1	1	36	18	37	0	0	619	7	5	0	0	0	|...|	3204582
#	4583	悟透小斯派克	7	18	1	1	1	18	19	30	0	0	618	7	5	0	0	0	|...|	3204583
#	4584	神秘小吉姆	7	20	1	1	1	20	21	27	0	0	617	7	5	0	0	0	|...|	3204584
#	4585	暴走小爱德华	7	41	1	1	1	41	24	23	0	0	616	7	5	0	0	0	|...|	3204585
#	4586	骄傲小约瑟芬	7	26	1	1	1	26	24	41	0	0	615	7	5	0	0	0	|...|	3204586
#	4587	火爆大艾塞亚	7	18	1	1	1	18	36	26	0	0	614	7	5	0	0	0	|...|	3204587
#	4588	积极大布兰奇	7	20	1	1	1	20	31	21	0	0	613	7	5	0	0	0	|...|	3204588
#	4589	特别的凯	7	31	1	1	1	31	19	26	0	0	612	7	5	0	0	0	|...|	3204589
#	4590	守望的大海	7	31	1	1	1	31	23	18	0	0	611	7	5	0	0	0	|...|	3204590
#	4591	招牌大布赖恩	7	30	1	1	1	30	23	29	0	0	610	7	5	0	0	0	|...|	3204591
#	4592	激情小杏仁	7	24	1	1	1	24	36	20	0	0	609	7	5	0	0	0	|...|	3204592
#	4593	丑陋的阿波罗	7	31	1	1	1	31	36	23	0	0	608	7	5	0	0	0	|...|	3204593
#	4594	独裁者真相	7	18	1	1	1	18	30	41	0	0	607	7	5	0	0	0	|...|	3204594
#	4595	牛皮糖大克拉克	7	18	1	1	1	18	41	30	0	0	606	7	5	0	0	0	|...|	3204595
#	4596	蓝眼大乔伊斯	7	19	1	1	1	19	20	21	0	0	605	7	5	0	0	0	|...|	3204596
#	4597	一个大电灯泡	7	37	1	1	1	37	21	30	0	0	604	7	5	0	0	0	|...|	3204597
#	4598	公正大艾美	7	36	1	1	1	36	20	19	0	0	603	7	5	0	0	0	|...|	3204598
#	4599	豪爽杰伊	7	41	1	1	1	41	20	23	0	0	602	7	5	0	0	0	|...|	3204599
#	4600	滑稽大弗恩	6	23	1	1	1	23	19	18	0	0	601	6	4	0	0	0	|...|	3204600
#	4601	代言小露茜	6	24	1	1	0	24	26	36	0	0	600	6	4	0	0	0	|...|	3204601
#	4602	凝固小贝拉	6	21	1	1	0	21	18	36	0	0	599	6	4	0	0	0	|...|	3204602
#	4603	滚滚的戴茜	6	41	1	1	0	41	30	26	0	0	598	6	4	0	0	0	|...|	3204603
#	4604	走神大戴茜	6	20	1	1	0	20	37	27	0	0	597	6	4	0	0	0	|...|	3204604
#	4605	忘情的文森特	6	23	1	1	0	23	41	24	0	0	596	6	4	0	0	0	|...|	3204605
#	4606	极速小马文	6	37	1	1	0	37	19	29	0	0	595	6	2	0	0	0	|...|	3204606
#	4607	吴钩的露茜	6	27	1	1	0	27	36	20	0	0	594	6	2	0	0	0	|...|	3204607
#	4608	死忠米迦勒	6	18	1	1	0	18	36	41	0	0	593	6	2	0	0	0	|...|	3204608
#	4609	疯狂小樱桃	6	24	1	1	0	24	26	37	0	0	592	6	2	0	0	0	|...|	3204609
#	4610	急速大米歇尔	6	30	1	1	0	30	21	18	0	0	591	6	2	0	0	0	|...|	3204610
#	4611	招牌大飞车	6	30	1	1	0	30	18	41	0	0	590	6	2	0	0	0	|...|	3204611
#	4612	火爆的弗恩	6	26	1	1	0	26	20	23	0	0	589	6	2	0	0	0	|...|	3204612
#	4613	北欧的露茜	6	21	1	1	0	21	23	37	0	0	588	6	2	0	0	0	|...|	3204613
#	4614	疯狂杯具	6	20	1	1	0	20	41	21	0	0	587	6	2	0	0	0	|...|	3204614
#	4615	首任大杰奎琳	6	29	1	1	0	29	24	31	0	0	586	6	2	0	0	0	|...|	3204615
#	4616	不迫布伦特	6	18	1	1	0	18	21	20	0	0	585	6	2	0	0	0	|...|	3204616
#	4617	羞羞小安迪	6	37	1	1	0	37	21	31	0	0	584	6	2	0	0	0	|...|	3204617
#	4618	回归肯	6	27	1	1	0	27	19	21	0	0	583	6	2	0	0	0	|...|	3204618
#	4619	今日小启示录	6	26	1	1	0	26	27	21	0	0	582	6	2	0	0	0	|...|	3204619
#	4620	哭泣小娜塔莉	6	18	1	1	0	18	36	19	0	0	581	6	2	0	0	0	|...|	3204620
#	4621	遗憾小兰斯	6	37	1	1	0	37	18	29	0	0	580	6	2	0	0	0	|...|	3204621
#	4622	升华大特里娜	6	36	1	1	0	36	18	29	0	0	579	6	2	0	0	0	|...|	3204622
#	4623	传播者小埃莉卡	6	41	1	1	0	41	19	30	0	0	578	6	2	0	0	0	|...|	3204623
#	4624	今日艾基尔丽丝	6	41	1	1	0	41	36	20	0	0	577	6	2	0	0	0	|...|	3204624
#	4625	励志的科迪	6	37	1	1	0	37	31	24	0	0	576	6	2	0	0	0	|...|	3204625
#	4626	难舍的巨龙	6	19	1	1	0	19	30	23	0	0	575	6	2	0	0	0	|...|	3204626
#	4627	红白凯斯	6	29	1	1	0	29	36	41	0	0	574	6	2	0	0	0	|...|	3204627
#	4628	三生小约翰	6	36	1	1	0	36	23	31	0	0	573	6	2	0	0	0	|...|	3204628
#	4629	无妄亚伦	6	24	1	1	0	24	27	26	0	0	572	6	2	0	0	0	|...|	3204629
#	4630	奇怪吉姆	6	23	1	1	0	23	21	37	0	0	571	6	2	0	0	0	|...|	3204630
#	4631	激情的贝基	6	41	1	1	0	41	24	23	0	0	570	6	2	0	0	0	|...|	3204631
#	4632	野蛮橄榄	6	30	1	1	0	30	23	18	0	0	569	6	2	0	0	0	|...|	3204632
#	4633	天才大吉姆	6	30	1	1	0	30	41	24	0	0	568	6	2	0	0	0	|...|	3204633
#	4634	肥小克洛伊	6	21	1	1	0	21	37	31	0	0	567	6	2	0	0	0	|...|	3204634
#	4635	努力的乔尼	6	20	1	1	0	20	21	41	0	0	566	6	2	0	0	0	|...|	3204635
#	4636	奇怪大伊芙	6	30	1	1	0	30	23	20	0	0	565	6	2	0	0	0	|...|	3204636
#	4637	审结杰奎琳	6	18	1	1	0	18	31	19	0	0	564	6	2	0	0	0	|...|	3204637
#	4638	慈爱里奇	6	31	1	1	0	31	24	20	0	0	563	6	2	0	0	0	|...|	3204638
#	4639	温暖小欧蕊	6	18	1	1	0	18	23	30	0	0	562	6	2	0	0	0	|...|	3204639
#	4640	未来大艾伯特	6	20	1	1	0	20	26	37	0	0	561	6	2	0	0	0	|...|	3204640
#	4641	温柔樱桃	6	30	1	1	0	30	20	41	0	0	560	6	2	0	0	0	|...|	3204641
#	4642	冰封雅各布	6	24	1	1	0	24	21	31	0	0	559	6	2	0	0	0	|...|	3204642
#	4643	一个的朱莉	6	20	1	1	0	20	41	36	0	0	558	6	2	0	0	0	|...|	3204643
#	4644	逝去大艾伦	6	26	1	1	0	26	19	30	0	0	557	6	2	0	0	0	|...|	3204644
#	4645	弹簧大艾德琳	6	27	1	1	0	27	29	37	0	0	556	6	2	0	0	0	|...|	3204645
#	4646	终极小真相	6	29	1	1	0	29	24	27	0	0	555	6	2	0	0	0	|...|	3204646
#	4647	神秘小玛丽莲	6	30	1	1	0	30	41	31	0	0	554	6	2	0	0	0	|...|	3204647
#	4648	北欧的黛博拉	6	31	1	1	0	31	21	41	0	0	553	6	2	0	0	0	|...|	3204648
#	4649	急速大面条	6	20	1	1	0	20	37	19	0	0	552	6	2	0	0	0	|...|	3204649
#	4650	放屁虫方丈	6	41	1	1	0	41	26	37	0	0	551	6	2	0	0	0	|...|	3204650
#	4651	魔相小拉里	6	29	1	1	0	29	18	23	0	0	550	6	2	0	0	0	|...|	3204651
#	4652	死忠的布兰登	6	21	1	1	0	21	18	36	0	0	549	6	2	0	0	0	|...|	3204652
#	4653	升华大阿尔瓦	6	41	1	1	0	41	36	26	0	0	548	6	2	0	0	0	|...|	3204653
#	4654	吴钩大凯罗尔	6	19	1	1	0	19	23	21	0	0	547	6	2	0	0	0	|...|	3204654
#	4655	诚信小芭比	6	26	1	1	0	26	36	29	0	0	546	6	2	0	0	0	|...|	3204655
#	4656	吟游大芬妮	6	18	1	1	0	18	27	29	0	0	545	6	2	0	0	0	|...|	3204656
#	4657	闷骚小文森特	6	26	1	1	0	26	41	29	0	0	544	6	2	0	0	0	|...|	3204657
#	4658	未来小菲奥纳	6	37	1	1	0	37	36	23	0	0	543	6	2	0	0	0	|...|	3204658
#	4659	独裁者大马修	6	37	1	1	0	37	26	41	0	0	542	6	2	0	0	0	|...|	3204659
#	4660	秘密的伯特	6	23	1	1	0	23	20	26	0	0	541	6	2	0	0	0	|...|	3204660
#	4661	哭泣大乔丹	6	41	1	1	0	41	20	30	0	0	540	6	2	0	0	0	|...|	3204661
#	4662	军中大高原	6	18	1	1	0	18	26	19	0	0	539	6	2	0	0	0	|...|	3204662
#	4663	十方的露西妮	6	41	1	1	0	41	29	18	0	0	538	6	2	0	0	0	|...|	3204663
#	4664	玻璃的杏仁	6	27	1	1	0	27	20	30	0	0	537	6	2	0	0	0	|...|	3204664
#	4665	腹黑小托尼	6	27	1	1	0	27	41	24	0	0	536	6	2	0	0	0	|...|	3204665
#	4666	守望玛莎	6	31	1	1	0	31	37	36	0	0	535	6	2	0	0	0	|...|	3204666
#	4667	上进大格瑞丝	6	26	1	1	0	26	29	19	0	0	534	6	2	0	0	0	|...|	3204667
#	4668	天生大劳瑞恩	6	37	1	1	0	37	29	20	0	0	533	6	2	0	0	0	|...|	3204668
#	4669	热血大凯文	6	26	1	1	0	26	23	29	0	0	532	6	2	0	0	0	|...|	3204669
#	4670	清纯萨姆	6	31	1	1	0	31	18	23	0	0	531	6	2	0	0	0	|...|	3204670
#	4671	冰冷的埃德加	6	21	1	1	0	21	41	24	0	0	530	6	2	0	0	0	|...|	3204671
#	4672	励志的伊迪萨	6	41	1	1	0	41	26	23	0	0	529	6	2	0	0	0	|...|	3204672
#	4673	圣光的杰弗瑞	6	19	1	1	0	19	30	21	0	0	528	6	2	0	0	0	|...|	3204673
#	4674	化身尼克	6	21	1	1	0	21	23	26	0	0	527	6	1	0	0	0	|...|	3204674
#	4675	孤独大艾玛	6	36	1	1	0	36	26	23	0	0	526	6	1	0	0	0	|...|	3204675
#	4676	无敌大嗓门	6	23	1	1	0	23	27	18	0	0	525	6	1	0	0	0	|...|	3204676
#	4677	多面大琼	6	27	1	1	0	27	20	29	0	0	524	6	1	0	0	0	|...|	3204677
#	4678	金发多拉	6	41	1	1	0	41	37	36	0	0	523	6	1	0	0	0	|...|	3204678
#	4679	秃头的埃莉诺	6	36	1	1	0	36	29	24	0	0	522	6	1	0	0	0	|...|	3204679
#	4680	希望的泰勒	6	19	1	1	0	19	18	23	0	0	521	6	1	0	0	0	|...|	3204680
#	4681	百式的加百列	6	27	1	1	0	27	23	21	0	0	520	6	1	0	0	0	|...|	3204681
#	4682	龅牙珍娜	6	41	1	1	0	41	23	24	0	0	519	6	1	0	0	0	|...|	3204682
#	4683	不羁特伦斯	6	27	1	1	0	27	41	26	0	0	518	6	1	0	0	0	|...|	3204683
#	4684	狂野的爱丽丝	6	20	1	1	0	20	19	36	0	0	517	6	1	0	0	0	|...|	3204684
#	4685	帐下小埃文	6	18	1	1	0	18	41	29	0	0	516	6	1	0	0	0	|...|	3204685
#	4686	忧郁的弗农	6	23	1	1	0	23	36	30	0	0	515	6	1	0	0	0	|...|	3204686
#	4687	补考大伊桑	6	19	1	1	0	19	26	20	0	0	514	6	1	0	0	0	|...|	3204687
#	4688	青训布兰妮	6	31	1	1	0	31	18	21	0	0	513	6	1	0	0	0	|...|	3204688
#	4689	愤怒埃尔莎	6	31	1	1	0	31	20	29	0	0	512	6	1	0	0	0	|...|	3204689
#	4690	牛皮糖的扳手	6	27	1	1	0	27	24	26	0	0	511	6	1	0	0	0	|...|	3204690
#	4691	制裁小杯具	6	29	1	1	0	29	41	20	0	0	510	6	1	0	0	0	|...|	3204691
#	4692	南方大柚子	6	41	1	1	0	41	24	30	0	0	509	6	1	0	0	0	|...|	3204692
#	4693	幽灵小安德鲁	6	31	1	1	0	31	30	27	0	0	508	6	1	0	0	0	|...|	3204693
#	4694	登顶的塞西	6	23	1	1	0	23	26	37	0	0	507	6	1	0	0	0	|...|	3204694
#	4695	回归大高原	6	27	1	1	0	27	21	31	0	0	506	6	1	0	0	0	|...|	3204695
#	4696	狂野的朱迪丝	6	27	1	1	0	27	21	30	0	0	505	6	1	0	0	0	|...|	3204696
#	4697	硬糖大罗宾	6	36	1	1	0	36	23	21	0	0	504	6	1	0	0	0	|...|	3204697
#	4698	正义大格林顿	6	29	1	1	0	29	21	24	0	0	503	6	1	0	0	0	|...|	3204698
#	4699	魔幻小马尔斯	6	21	1	1	0	21	19	23	0	0	502	6	1	0	0	0	|...|	3204699
#	4700	唯一的马丁	5	41	1	0	0	41	20	21	0	0	501	3	0	0	0	0	|...|	3204700
#	4701	孤独的亚伯	5	21	1	0	0	21	19	30	0	0	500	3	0	0	0	0	|...|	3204701
#	4702	闷骚的曼达	5	20	1	0	0	20	21	26	0	0	499	3	0	0	0	0	|...|	3204702
#	4703	硬糖晓恩	5	26	1	0	0	26	23	31	0	0	498	3	0	0	0	0	|...|	3204703
#	4704	希望大米迦勒	5	31	1	0	0	31	20	29	0	0	497	3	0	0	0	0	|...|	3204704
#	4705	前场大钜子	5	26	1	0	0	26	19	31	0	0	496	3	0	0	0	0	|...|	3204705
#	4706	小小洛克	5	20	1	0	0	20	30	29	0	0	495	3	0	0	0	0	|...|	3204706
#	4707	不屈的瑞利	5	21	1	0	0	21	37	36	0	0	494	3	0	0	0	0	|...|	3204707
#	4708	羞羞番茄	5	26	1	0	0	26	23	29	0	0	493	3	0	0	0	0	|...|	3204708
#	4709	寂寞的布莱克	5	27	1	0	0	27	29	37	0	0	492	3	0	0	0	0	|...|	3204709
#	4710	迟到小爱丽丝	5	41	1	0	0	41	23	26	0	0	491	3	0	0	0	0	|...|	3204710
#	4711	制裁小凯里	5	19	1	0	0	19	21	36	0	0	490	3	0	0	0	0	|...|	3204711
#	4712	闷骚小卡门	5	30	1	0	0	30	29	37	0	0	489	3	0	0	0	0	|...|	3204712
#	4713	独眼的西瓜	5	41	1	0	0	41	21	23	0	0	488	3	0	0	0	0	|...|	3204713
#	4714	白天梅米	5	23	1	0	0	23	19	27	0	0	487	3	0	0	0	0	|...|	3204714
#	4715	豪爽小海伦娜	5	37	1	0	0	37	20	19	0	0	486	3	0	0	0	0	|...|	3204715
#	4716	光速小芒果	5	41	1	0	0	41	30	26	0	0	485	3	0	0	0	0	|...|	3204716
#	4717	独眼大弗农	5	31	1	0	0	31	20	30	0	0	484	3	0	0	0	0	|...|	3204717
#	4718	圆滑小朱迪丝	5	23	1	0	0	23	37	30	0	0	483	3	0	0	0	0	|...|	3204718
#	4719	糊涂的米迦勒	5	24	1	0	0	24	30	19	0	0	482	3	0	0	0	0	|...|	3204719
#	4720	雷霆汤姆	5	18	1	0	0	18	24	30	0	0	481	3	0	0	0	0	|...|	3204720
#	4721	忘情的丹尼斯	5	26	1	0	0	26	24	36	0	0	480	3	0	0	0	0	|...|	3204721
#	4722	羞羞小约翰	5	24	1	0	0	24	19	27	0	0	479	3	0	0	0	0	|...|	3204722
#	4723	全能的凯琳	5	29	1	0	0	29	27	30	0	0	478	3	0	0	0	0	|...|	3204723
#	4724	芭蕾朱恩	5	30	1	0	0	30	31	36	0	0	477	3	0	0	0	0	|...|	3204724
#	4725	沉默大山楂	5	30	1	0	0	30	37	41	0	0	476	3	0	0	0	0	|...|	3204725
#	4726	南方大真相	5	31	1	0	0	31	21	29	0	0	475	3	0	0	0	0	|...|	3204726
#	4727	秘密的海顿	5	24	1	0	0	24	23	26	0	0	474	3	0	0	0	0	|...|	3204727
#	4728	英俊大特伦斯	5	30	1	0	0	30	31	26	0	0	473	3	0	0	0	0	|...|	3204728
#	4729	孤独大马克斯	5	27	1	0	0	27	36	37	0	0	472	3	0	0	0	0	|...|	3204729
#	4730	阳光露西娅	5	19	1	0	0	19	31	21	0	0	471	3	0	0	0	0	|...|	3204730
#	4731	伤感小吉莉安	5	29	1	0	0	29	36	41	0	0	470	3	0	0	0	0	|...|	3204731
#	4732	造点大伊迪丝	5	29	1	0	0	29	21	36	0	0	469	3	0	0	0	0	|...|	3204732
#	4733	冷血的昆廷	5	18	1	0	0	18	20	36	0	0	468	3	0	0	0	0	|...|	3204733
#	4734	不攻大马西	5	21	1	0	0	21	18	24	0	0	467	3	0	0	0	0	|...|	3204734
#	4735	浮夸小鬣狗	5	18	1	0	0	18	30	21	0	0	466	3	0	0	0	0	|...|	3204735
#	4736	重装大瑞利	5	36	1	0	0	36	37	26	0	0	465	3	0	0	0	0	|...|	3204736
#	4737	乱世小凯斯	5	31	1	0	0	31	37	20	0	0	464	3	0	0	0	0	|...|	3204737
#	4738	失落伊妮德	5	20	1	0	0	20	30	18	0	0	463	3	0	0	0	0	|...|	3204738
#	4739	雷霆小汉纳	5	36	1	0	0	36	37	30	0	0	462	3	0	0	0	0	|...|	3204739
#	4740	散步大番茄	5	21	1	0	0	21	37	41	0	0	461	3	0	0	0	0	|...|	3204740
#	4741	金色小稻草	5	23	1	0	0	23	21	18	0	0	460	3	0	0	0	0	|...|	3204741
#	4742	审结小稻草	5	30	1	0	0	30	37	19	0	0	459	3	0	0	0	0	|...|	3204742
#	4743	圆滑大黛布拉	5	29	1	0	0	29	18	26	0	0	458	3	0	0	0	0	|...|	3204743
#	4744	蓝色小约瑟夫	5	36	1	0	0	36	30	29	0	0	457	3	0	0	0	0	|...|	3204744
#	4745	爆裂弹大绝顶	5	29	1	0	0	29	27	21	0	0	456	3	0	0	0	0	|...|	3204745
#	4746	饥饿小维克多	5	41	1	0	0	41	24	18	0	0	455	3	0	0	0	0	|...|	3204746
#	4747	金色德里克	5	27	1	0	0	27	21	19	0	0	454	3	0	0	0	0	|...|	3204747
#	4748	霹雳杰克逊	5	18	1	0	0	18	31	41	0	0	453	3	0	0	0	0	|...|	3204748
#	4749	复出小椰子	5	30	1	0	0	30	20	36	0	0	452	3	0	0	0	0	|...|	3204749
#	4750	伤感大米迦勒	5	31	1	0	0	31	26	24	0	0	451	3	0	0	0	0	|...|	3204750
#	4751	阔绰大提姆	5	24	1	0	0	24	19	20	0	0	450	3	0	0	0	0	|...|	3204751
#	4752	低调掌柜	5	41	1	0	0	41	26	31	0	0	449	3	0	0	0	0	|...|	3204752
#	4753	懒散大艾玛	5	20	1	0	0	20	31	37	0	0	448	3	0	0	0	0	|...|	3204753
#	4754	潜水小罗兰	5	30	1	0	0	30	27	36	0	0	447	3	0	0	0	0	|...|	3204754
#	4755	神锋小钜子	5	31	1	0	0	31	37	29	0	0	446	3	0	0	0	0	|...|	3204755
#	4756	十方的加百列	5	19	1	0	0	19	31	18	0	0	445	3	0	0	0	0	|...|	3204756
#	4757	首任的乔丹	5	21	1	0	0	21	18	30	0	0	444	3	0	0	0	0	|...|	3204757
#	4758	随行大詹森	5	24	1	0	0	24	30	36	0	0	443	3	0	0	0	0	|...|	3204758
#	4759	星界卡米尔	5	23	1	0	0	23	19	30	0	0	442	3	0	0	0	0	|...|	3204759
#	4760	沉默小露西娅	5	20	1	0	0	20	21	31	0	0	441	3	0	0	0	0	|...|	3204760
#	4761	愤怒的罗伯特	5	21	1	0	0	21	19	26	0	0	440	3	0	0	0	0	|...|	3204761
#	4762	不羁卡瑞娜	5	21	1	0	0	21	29	37	0	0	439	3	0	0	0	0	|...|	3204762
#	4763	懒散斯帕克	5	26	1	0	0	26	37	31	0	0	438	3	0	0	0	0	|...|	3204763
#	4764	大小路易斯	5	24	1	0	0	24	36	30	0	0	437	3	0	0	0	0	|...|	3204764
#	4765	激情特里	5	23	1	0	0	23	30	36	0	0	436	3	0	0	0	0	|...|	3204765
#	4766	残剑约翰	5	24	1	0	0	24	31	37	0	0	435	3	0	0	0	0	|...|	3204766
#	4767	青训的凯茜	5	41	1	0	0	41	26	31	0	0	434	3	0	0	0	0	|...|	3204767
#	4768	散步大弗农	5	23	1	0	0	23	41	29	0	0	433	3	0	0	0	0	|...|	3204768
#	4769	重装凯琳	5	36	1	0	0	36	18	24	0	0	432	2	0	0	0	0	|...|	3204769
#	4770	随行小水蜜桃	5	29	1	0	0	29	41	18	0	0	431	2	0	0	0	0	|...|	3204770
#	4771	落泪大安娜	5	30	1	0	0	30	36	27	0	0	430	2	0	0	0	0	|...|	3204771
#	4772	幽默小贝拉	5	24	1	0	0	24	41	27	0	0	429	2	0	0	0	0	|...|	3204772
#	4773	圣小玛克辛	5	31	1	0	0	31	21	18	0	0	428	2	0	0	0	0	|...|	3204773
#	4774	豪爽小布伦达	5	19	1	0	0	19	26	36	0	0	427	2	0	0	0	0	|...|	3204774
#	4775	腹黑布兰奇	5	27	1	0	0	27	29	20	0	0	426	2	0	0	0	0	|...|	3204775
#	4776	耍帅大罗伯特	5	29	1	0	0	29	19	21	0	0	425	2	0	0	0	0	|...|	3204776
#	4777	酱油小切尔西	5	26	1	0	0	26	36	24	0	0	424	2	0	0	0	0	|...|	3204777
#	4778	灌水大椰子	5	21	1	0	0	21	30	26	0	0	423	2	0	0	0	0	|...|	3204778
#	4779	今日小劳瑞	5	18	1	0	0	18	20	30	0	0	422	2	0	0	0	0	|...|	3204779
#	4780	哭泣的夕阳	5	29	1	0	0	29	23	36	0	0	421	2	0	0	0	0	|...|	3204780
#	4781	单车小迪伦	5	19	1	0	0	19	26	24	0	0	420	2	0	0	0	0	|...|	3204781
#	4782	重装的兰迪	5	37	1	0	0	37	41	24	0	0	419	2	0	0	0	0	|...|	3204782
#	4783	低调的史蒂夫	5	31	1	0	0	31	18	27	0	0	418	2	0	0	0	0	|...|	3204783
#	4784	圣艾维	5	30	1	0	0	30	19	18	0	0	417	2	0	0	0	0	|...|	3204784
#	4785	暴君的迪伦	5	30	1	0	0	30	23	21	0	0	416	2	0	0	0	0	|...|	3204785
#	4786	从容小约翰	5	26	1	0	0	26	29	31	0	0	415	2	0	0	0	0	|...|	3204786
#	4787	忘情的瑞利	5	26	1	0	0	26	27	23	0	0	414	2	0	0	0	0	|...|	3204787
#	4788	愤怒大劳伦斯	5	23	1	0	0	23	36	29	0	0	413	2	0	0	0	0	|...|	3204788
#	4789	正义小詹森	5	37	1	0	0	37	30	21	0	0	412	2	0	0	0	0	|...|	3204789
#	4790	过气大伊芙	5	29	1	0	0	29	19	37	0	0	411	2	0	0	0	0	|...|	3204790
#	4791	从容大柠檬	5	24	1	0	0	24	19	31	0	0	410	2	0	0	0	0	|...|	3204791
#	4792	今日大路易丝	5	24	1	0	0	24	27	26	0	0	409	2	0	0	0	0	|...|	3204792
#	4793	橡皮艾德文	5	31	1	0	0	31	21	18	0	0	408	2	0	0	0	0	|...|	3204793
#	4794	华丽的玛米	5	21	1	0	0	21	27	18	0	0	407	2	0	0	0	0	|...|	3204794
#	4795	军中吉娜	5	20	1	0	0	20	23	18	0	0	406	2	0	0	0	0	|...|	3204795
#	4796	无敌露西妮	5	18	1	0	0	18	41	23	0	0	405	2	0	0	0	0	|...|	3204796
#	4797	冷静的尼尔	5	30	1	0	0	30	19	37	0	0	404	2	0	0	0	0	|...|	3204797
#	4798	吟游亚伦	5	19	1	0	0	19	37	21	0	0	403	2	0	0	0	0	|...|	3204798
#	4799	奔跑大玛佩尔	5	36	1	0	0	36	41	18	0	0	402	2	0	0	0	0	|...|	3204799
#	4800	长缨的南茜	5	23	1	0	0	23	30	20	0	0	401	2	0	0	0	0	|...|	3204800
#	4801	星月的丹尼	5	37	1	0	0	37	29	30	0	0	400	2	0	0	0	0	|...|	3204801
#	4802	待定米莉	5	18	1	0	0	18	37	36	0	0	399	2	0	0	0	0	|...|	3204802
#	4803	英俊大内森	5	30	1	0	0	30	29	18	0	0	398	2	0	0	0	0	|...|	3204803
#	4804	出头大尤杜拉	5	21	1	0	0	21	26	37	0	0	397	2	0	0	0	0	|...|	3204804
#	4805	招牌小劳瑞	5	23	1	0	0	23	26	29	0	0	396	2	0	0	0	0	|...|	3204805
#	4806	失落小杰西卡	5	37	1	0	0	37	20	30	0	0	395	2	0	0	0	0	|...|	3204806
#	4807	冰冷的露西娅	5	27	1	0	0	27	29	30	0	0	394	2	0	0	0	0	|...|	3204807
#	4808	华丽的亚瑟	5	23	1	0	0	23	29	30	0	0	393	2	0	0	0	0	|...|	3204808
#	4809	乱战的玛姬	5	23	1	0	0	23	31	41	0	0	392	2	0	0	0	0	|...|	3204809
#	4810	有病的马修	5	21	1	0	0	21	37	30	0	0	391	2	0	0	0	0	|...|	3204810
#	4811	孤傲的珍妮特	5	23	1	0	0	23	41	29	0	0	390	2	0	0	0	0	|...|	3204811
#	4812	悲情小詹妮弗	5	19	1	0	0	19	29	41	0	0	389	2	0	0	0	0	|...|	3204812
#	4813	愤怒大简	5	41	1	0	0	41	23	27	0	0	388	2	0	0	0	0	|...|	3204813
#	4814	代言大特伦斯	5	24	1	0	0	24	29	37	0	0	387	2	0	0	0	0	|...|	3204814
#	4815	理发大采尼	5	21	1	0	0	21	26	20	0	0	386	2	0	0	0	0	|...|	3204815
#	4816	浮夸大诺亚	5	23	1	0	0	23	30	20	0	0	385	2	0	0	0	0	|...|	3204816
#	4817	复出贾斯敏	5	31	1	0	0	31	24	20	0	0	384	2	0	0	0	0	|...|	3204817
#	4818	狂野大费怡	5	41	1	0	0	41	26	31	0	0	383	2	0	0	0	0	|...|	3204818
#	4819	浮夸的萨姆	5	41	1	0	0	41	31	27	0	0	382	2	0	0	0	0	|...|	3204819
#	4820	制裁的克里斯	5	26	1	0	0	26	18	36	0	0	381	2	0	0	0	0	|...|	3204820
#	4821	玻璃的芒果	5	23	1	0	0	23	37	19	0	0	380	2	0	0	0	0	|...|	3204821
#	4822	代言的朱莉	5	30	1	0	0	30	27	24	0	0	379	2	0	0	0	0	|...|	3204822
#	4823	杀戮者丹尼尔	5	23	1	0	0	23	31	41	0	0	378	2	0	0	0	0	|...|	3204823
#	4824	造点小达尔文	5	30	1	0	0	30	31	21	0	0	377	2	0	0	0	0	|...|	3204824
#	4825	哭泣雅各布	5	26	1	0	0	26	41	29	0	0	376	2	0	0	0	0	|...|	3204825
#	4826	火爆小卡蒂	5	24	1	0	0	24	41	20	0	0	375	2	0	0	0	0	|...|	3204826
#	4827	无声大安妮	5	26	1	0	0	26	29	36	0	0	374	2	0	0	0	0	|...|	3204827
#	4828	刻章大丹尼	5	19	1	0	0	19	24	36	0	0	373	2	0	0	0	0	|...|	3204828
#	4829	娃面大克莱尔	5	37	1	0	0	37	41	29	0	0	372	2	0	0	0	0	|...|	3204829
#	4830	羞羞大艾德文	5	23	1	0	0	23	27	18	0	0	371	2	0	0	0	0	|...|	3204830
#	4831	耍帅的拉里	5	26	1	0	0	26	19	36	0	0	370	2	0	0	0	0	|...|	3204831
#	4832	天才橄榄	5	21	1	0	0	21	29	27	0	0	369	2	0	0	0	0	|...|	3204832
#	4833	温柔小加里	5	27	1	0	0	27	36	24	0	0	368	2	0	0	0	0	|...|	3204833
#	4834	狂贼小邦妮	5	19	1	0	0	19	24	20	0	0	367	2	0	0	0	0	|...|	3204834
#	4835	芭蕾大艾德琳	5	30	1	0	0	30	18	29	0	0	366	2	0	0	0	0	|...|	3204835
#	4836	随行琳达	5	20	1	0	0	20	30	37	0	0	365	2	0	0	0	0	|...|	3204836
#	4837	野蛮大爱伦	5	30	1	0	0	30	26	27	0	0	364	2	0	0	0	0	|...|	3204837
#	4838	追风大沃伦	5	23	1	0	0	23	41	37	0	0	363	2	0	0	0	0	|...|	3204838
#	4839	快乐大海莉	5	26	1	0	0	26	41	31	0	0	362	2	0	0	0	0	|...|	3204839
#	4840	遗忘大罗伯特	5	24	1	0	0	24	23	26	0	0	361	2	0	0	0	0	|...|	3204840
#	4841	橡皮大切尔西	5	26	1	0	0	26	18	21	0	0	360	2	0	0	0	0	|...|	3204841
#	4842	公正大凯尔西	5	24	1	0	0	24	36	20	0	0	359	2	0	0	0	0	|...|	3204842
#	4843	沉默的安吉拉	5	19	1	0	0	19	37	23	0	0	358	2	0	0	0	0	|...|	3204843
#	4844	传奇小真相	5	26	1	0	0	26	31	24	0	0	357	2	0	0	0	0	|...|	3204844
#	4845	轻的汉娜	5	21	1	0	0	21	24	41	0	0	356	2	0	0	0	0	|...|	3204845
#	4846	努力的里奇	5	21	1	0	0	21	20	31	0	0	355	2	0	0	0	0	|...|	3204846
#	4847	造点杰克	5	24	1	0	0	24	26	29	0	0	354	2	0	0	0	0	|...|	3204847
#	4848	大法典	5	37	1	0	0	37	21	31	0	0	353	2	0	0	0	0	|...|	3204848
#	4849	傲娇珍娜	5	31	1	0	0	31	29	37	0	0	352	2	0	0	0	0	|...|	3204849
#	4850	奔跑马尔斯	5	29	1	0	0	29	31	23	0	0	351	2	0	0	0	0	|...|	3204850
#	4851	耍帅的鬣狗	5	31	1	0	0	31	30	18	0	0	350	2	0	0	0	0	|...|	3204851
#	4852	圆梦大克拉克	5	30	1	0	0	30	20	36	0	0	349	2	0	0	0	0	|...|	3204852
#	4853	难舍的邦妮	5	29	1	0	0	29	21	24	0	0	348	2	0	0	0	0	|...|	3204853
#	4854	疗养斯考特	5	31	1	0	0	31	41	18	0	0	347	2	0	0	0	0	|...|	3204854
#	4855	度假的凯罗尔	5	41	1	0	0	41	21	23	0	0	346	2	0	0	0	0	|...|	3204855
#	4856	军中大布拉德	5	24	1	0	0	24	19	37	0	0	345	2	0	0	0	0	|...|	3204856
#	4857	化身的伊夫林	5	23	1	0	0	23	27	19	0	0	344	2	0	0	0	0	|...|	3204857
#	4858	挥手艾许莉	5	23	1	0	0	23	41	24	0	0	343	2	0	0	0	0	|...|	3204858
#	4859	未来艾基尔丽莎	5	36	1	0	0	36	37	24	0	0	342	2	0	0	0	0	|...|	3204859
#	4860	鹰眼詹妮弗	5	26	1	0	0	26	20	36	0	0	341	2	0	0	0	0	|...|	3204860
#	4861	愤怒大杰伊	5	41	1	0	0	41	18	23	0	0	340	2	0	0	0	0	|...|	3204861
#	4862	死神的戴夫	5	24	1	0	0	24	31	18	0	0	339	2	0	0	0	0	|...|	3204862
#	4863	玻璃小海顿	5	41	1	0	0	41	27	24	0	0	338	2	0	0	0	0	|...|	3204863
#	4864	队草大唐纳德	5	27	1	0	0	27	37	41	0	0	337	2	0	0	0	0	|...|	3204864
#	4865	温暖约书亚	5	27	1	0	0	27	24	26	0	0	336	2	0	0	0	0	|...|	3204865
#	4866	丑陋大肯	5	29	1	0	0	29	31	30	0	0	335	2	0	0	0	0	|...|	3204866
#	4867	助攻大布兰特	5	18	1	0	0	18	36	20	0	0	334	2	0	0	0	0	|...|	3204867
#	4868	影子的海顿	5	29	1	0	0	29	21	36	0	0	333	2	0	0	0	0	|...|	3204868
#	4869	圣光大洛克	5	27	1	0	0	27	19	24	0	0	332	2	0	0	0	0	|...|	3204869
#	4870	不羁大安格斯	5	26	1	0	0	26	36	23	0	0	331	2	0	0	0	0	|...|	3204870
#	4871	神奇大面条	5	18	1	0	0	18	31	19	0	0	330	2	0	0	0	0	|...|	3204871
#	4872	传播者大伊芙	5	27	1	0	0	27	29	20	0	0	329	2	0	0	0	0	|...|	3204872
#	4873	忘情大比利	5	41	1	0	0	41	27	37	0	0	328	2	0	0	0	0	|...|	3204873
#	4874	滑稽大霍华德	5	24	1	0	0	24	37	21	0	0	327	2	0	0	0	0	|...|	3204874
#	4875	疗养大方舟	5	27	1	0	0	27	21	37	0	0	326	2	0	0	0	0	|...|	3204875
#	4876	夜空的达芙妮	5	19	1	0	0	19	41	21	0	0	325	2	0	0	0	0	|...|	3204876
#	4877	走神小提姆	5	24	1	0	0	24	20	37	0	0	324	2	0	0	0	0	|...|	3204877
#	4878	死神小伦道夫	5	41	1	0	0	41	23	37	0	0	323	2	0	0	0	0	|...|	3204878
#	4879	我叫哈哈哈	5	41	1	0	0	41	27	31	0	0	322	2	0	0	0	0	|...|	3204879
#	4880	圣大熊	5	37	1	0	0	37	23	36	0	0	321	2	0	0	0	0	|...|	3204880
#	4881	圣贤小维克多	5	18	1	0	0	18	29	41	0	0	320	2	0	0	0	0	|...|	3204881
#	4882	悟透的多拉	5	31	1	0	0	31	29	19	0	0	319	2	0	0	0	0	|...|	3204882
#	4883	忠义的哈帝	5	18	1	0	0	18	31	21	0	0	318	2	0	0	0	0	|...|	3204883
#	4884	无畏小安吉拉	5	30	1	0	0	30	29	36	0	0	317	2	0	0	0	0	|...|	3204884
#	4885	优雅大克拉克	5	18	1	0	0	18	30	36	0	0	316	2	0	0	0	0	|...|	3204885
#	4886	巨型大科尔	5	19	1	0	0	19	36	37	0	0	315	2	0	0	0	0	|...|	3204886
#	4887	吴钩小贝迪	5	20	1	0	0	20	19	36	0	0	314	2	0	0	0	0	|...|	3204887
#	4888	萌萌哈里森	5	19	1	0	0	19	18	36	0	0	313	2	0	0	0	0	|...|	3204888
#	4889	贤者马克斯	5	24	1	0	0	24	30	26	0	0	312	2	0	0	0	0	|...|	3204889
#	4890	圣贤乔	5	24	1	0	0	24	19	29	0	0	311	2	0	0	0	0	|...|	3204890
#	4891	文静小布兰登	5	29	1	0	0	29	31	24	0	0	310	2	0	0	0	0	|...|	3204891
#	4892	老婆在发飙	5	30	1	0	0	30	27	19	0	0	309	2	0	0	0	0	|...|	3204892
#	4893	努力大安琪	5	26	1	0	0	26	23	37	0	0	308	2	0	0	0	0	|...|	3204893
#	4894	孤傲简	5	31	1	0	0	31	29	30	0	0	307	2	0	0	0	0	|...|	3204894
#	4895	三生的伯特	5	30	1	0	0	30	23	41	0	0	306	2	0	0	0	0	|...|	3204895
#	4896	当红的山楂	5	30	1	0	0	30	23	29	0	0	305	2	0	0	0	0	|...|	3204896
#	4897	影子大禅	5	26	1	0	0	26	30	24	0	0	304	2	0	0	0	0	|...|	3204897
#	4898	奇怪的杜克	5	26	1	0	0	26	21	19	0	0	303	2	0	0	0	0	|...|	3204898
#	4899	棉花糖肯	5	37	1	0	0	37	36	27	0	0	302	2	0	0	0	0	|...|	3204899
#	4900	笑面小沃伦	5	20	1	0	0	20	41	21	0	0	301	2	0	0	0	0	|...|	3204900
#	4901	灌水杰弗瑞	5	20	1	0	0	20	41	21	0	0	300	2	0	0	0	0	|...|	3204901
#	4902	死神大特里娜	5	41	1	0	0	41	30	26	0	0	299	2	0	0	0	0	|...|	3204902
#	4903	魔相小德里克	5	20	1	0	0	20	37	27	0	0	298	2	0	0	0	0	|...|	3204903
#	4904	终极的看门人	5	23	1	0	0	23	41	24	0	0	297	2	0	0	0	0	|...|	3204904
#	4905	金发的沙琳	5	37	1	0	0	37	19	29	0	0	296	2	0	0	0	0	|...|	3204905
#	4906	失落马歇尔	5	27	1	0	0	27	36	20	0	0	295	2	0	0	0	0	|...|	3204906
#	4907	带刀大杰罗姆	5	18	1	0	0	18	36	41	0	0	294	2	0	0	0	0	|...|	3204907
#	4908	腹黑的塞缪尔	5	24	1	0	0	24	26	37	0	0	293	2	0	0	0	0	|...|	3204908
#	4909	抽风小卡斯帕	5	30	1	0	0	30	21	18	0	0	292	2	0	0	0	0	|...|	3204909
#	4910	特别守望者	5	30	1	0	0	30	18	41	0	0	291	2	0	0	0	0	|...|	3204910
#	4911	温柔大贝蒂	5	26	1	0	0	26	20	23	0	0	290	2	0	0	0	0	|...|	3204911
#	4912	传播者大简	5	21	1	0	0	21	23	37	0	0	289	2	0	0	0	0	|...|	3204912
#	4913	探险大埃尔莎	5	20	1	0	0	20	41	21	0	0	288	2	0	0	0	0	|...|	3204913
#	4914	痛苦的毛毛虫	5	29	1	0	0	29	24	31	0	0	287	2	0	0	0	0	|...|	3204914
#	4915	下凡的贝拉	5	18	1	0	0	18	21	20	0	0	286	2	0	0	0	0	|...|	3204915
#	4916	狂野杰西	5	37	1	0	0	37	21	31	0	0	285	2	0	0	0	0	|...|	3204916
#	4917	乱战的道	5	27	1	0	0	27	19	21	0	0	284	2	0	0	0	0	|...|	3204917
#	4918	理发大布拉德	5	26	1	0	0	26	27	21	0	0	283	2	0	0	0	0	|...|	3204918
#	4919	奇怪的笆笆拉	5	18	1	0	0	18	36	19	0	0	282	2	0	0	0	0	|...|	3204919
#	4920	死忠大霍华德	5	37	1	0	0	37	18	29	0	0	281	2	0	0	0	0	|...|	3204920
#	4921	火爆小莉娜	5	36	1	0	0	36	18	29	0	0	280	2	0	0	0	0	|...|	3204921
#	4922	星月飞车	5	41	1	0	0	41	19	30	0	0	279	2	0	0	0	0	|...|	3204922
#	4923	魔相沃伦	5	41	1	0	0	41	36	20	0	0	278	2	0	0	0	0	|...|	3204923
#	4924	圣光小埃里克	5	37	1	0	0	37	31	24	0	0	277	2	0	0	0	0	|...|	3204924
#	4925	圣贤的琳赛	5	19	1	0	0	19	30	23	0	0	276	2	0	0	0	0	|...|	3204925
#	4926	无敌的汤姆	5	29	1	0	0	29	36	41	0	0	275	2	0	0	0	0	|...|	3204926
#	4927	弹簧的布伦达	5	36	1	0	0	36	23	31	0	0	274	2	0	0	0	0	|...|	3204927
#	4928	绿色大杰弗瑞	5	24	1	0	0	24	27	26	0	0	273	2	0	0	0	0	|...|	3204928
#	4929	大的大海	5	23	1	0	0	23	21	37	0	0	272	2	0	0	0	0	|...|	3204929
#	4930	滚滚的卡瑞娜	5	41	1	0	0	41	24	23	0	0	271	2	0	0	0	0	|...|	3204930
#	4931	强悍艾达	5	30	1	0	0	30	23	18	0	0	270	2	0	0	0	0	|...|	3204931
#	4932	耍帅卡蒂	5	30	1	0	0	30	41	24	0	0	269	2	0	0	0	0	|...|	3204932
#	4933	抽风小雅各布	5	21	1	0	0	21	37	31	0	0	268	2	0	0	0	0	|...|	3204933
#	4934	夜空小乔尼	5	20	1	0	0	20	21	41	0	0	267	2	0	0	0	0	|...|	3204934
#	4935	芭蕾小贾斯敏	5	30	1	0	0	30	23	20	0	0	266	2	0	0	0	0	|...|	3204935
#	4936	爱大汤米	5	18	1	0	0	18	31	19	0	0	265	2	0	0	0	0	|...|	3204936
#	4937	度假小凯特	5	31	1	0	0	31	24	20	0	0	264	2	0	0	0	0	|...|	3204937
#	4938	重大夕阳	5	18	1	0	0	18	23	30	0	0	263	2	0	0	0	0	|...|	3204938
#	4939	做梦特里娜	5	20	1	0	0	20	26	37	0	0	262	2	0	0	0	0	|...|	3204939
#	4940	重装小奥利弗	5	30	1	0	0	30	20	41	0	0	261	2	0	0	0	0	|...|	3204940
#	4941	腹黑大吉米	5	24	1	0	0	24	21	31	0	0	260	2	0	0	0	0	|...|	3204941
#	4942	三生斯派克	5	20	1	0	0	20	41	36	0	0	259	2	0	0	0	0	|...|	3204942
#	4943	仲裁本杰明	5	26	1	0	0	26	19	30	0	0	258	2	0	0	0	0	|...|	3204943
#	4944	骗经小汉娜	5	27	1	0	0	27	29	37	0	0	257	2	0	0	0	0	|...|	3204944
#	4945	下凡的格瑞丝	5	29	1	0	0	29	24	27	0	0	256	2	0	0	0	0	|...|	3204945
#	4946	上进诺亚	5	30	1	0	0	30	41	31	0	0	255	2	0	0	0	0	|...|	3204946
#	4947	沉默的埃文	5	31	1	0	0	31	21	41	0	0	254	2	0	0	0	0	|...|	3204947
#	4948	绝世大丹尼尔	5	20	1	0	0	20	37	19	0	0	253	2	0	0	0	0	|...|	3204948
#	4949	火爆小本杰明	5	41	1	0	0	41	26	37	0	0	252	2	0	0	0	0	|...|	3204949
#	4950	特训西德尼	5	29	1	0	0	29	18	23	0	0	251	1	0	0	0	0	|...|	3204950
#	4951	执念小珍娜	5	21	1	0	0	21	18	36	0	0	250	1	0	0	0	0	|...|	3204951
#	4952	疗伤的坎蒂	5	41	1	0	0	41	36	26	0	0	249	1	0	0	0	0	|...|	3204952
#	4953	无妄的爱沙拉	5	19	1	0	0	19	23	21	0	0	248	1	0	0	0	0	|...|	3204953
#	4954	不羁的蒂莫西	5	26	1	0	0	26	36	29	0	0	247	1	0	0	0	0	|...|	3204954
#	4955	优雅大凯茜	5	18	1	0	0	18	27	29	0	0	246	1	0	0	0	0	|...|	3204955
#	4956	带刀卡洛斯	5	26	1	0	0	26	41	29	0	0	245	1	0	0	0	0	|...|	3204956
#	4957	火爆的玛丽亚	5	37	1	0	0	37	36	23	0	0	244	1	0	0	0	0	|...|	3204957
#	4958	魔相的安格斯	5	37	1	0	0	37	26	41	0	0	243	1	0	0	0	0	|...|	3204958
#	4959	圆梦的青春	5	23	1	0	0	23	20	26	0	0	242	1	0	0	0	0	|...|	3204959
#	4960	小科迪	5	41	1	0	0	41	20	30	0	0	241	1	0	0	0	0	|...|	3204960
#	4961	抢镜的杜克	5	18	1	0	0	18	26	19	0	0	240	1	0	0	0	0	|...|	3204961
#	4962	励志大露西妮	5	41	1	0	0	41	29	18	0	0	239	1	0	0	0	0	|...|	3204962
#	4963	乱战加里	5	27	1	0	0	27	20	30	0	0	238	1	0	0	0	0	|...|	3204963
#	4964	演技大贝蒂	5	27	1	0	0	27	41	24	0	0	237	1	0	0	0	0	|...|	3204964
#	4965	疯狂的欧蕊	5	31	1	0	0	31	37	36	0	0	236	1	0	0	0	0	|...|	3204965
#	4966	骇人的梅甘	5	26	1	0	0	26	29	19	0	0	235	1	0	0	0	0	|...|	3204966
#	4967	下凡的艾达	5	37	1	0	0	37	29	20	0	0	234	1	0	0	0	0	|...|	3204967
#	4968	恋恋小米莉	5	26	1	0	0	26	23	29	0	0	233	1	0	0	0	0	|...|	3204968
#	4969	笑面小大海	5	31	1	0	0	31	18	23	0	0	232	1	0	0	0	0	|...|	3204969
#	4970	忠义小鲁宾逊	5	21	1	0	0	21	41	24	0	0	231	1	0	0	0	0	|...|	3204970
#	4971	霹雳小维克多	5	41	1	0	0	41	26	23	0	0	230	1	0	0	0	0	|...|	3204971
#	4972	魔相的艾莉莎	5	19	1	0	0	19	30	21	0	0	229	1	0	0	0	0	|...|	3204972
#	4973	矜持杰奎琳	5	21	1	0	0	21	23	26	0	0	228	1	0	0	0	0	|...|	3204973
#	4974	巨型的詹森	5	36	1	0	0	36	26	23	0	0	227	1	0	0	0	0	|...|	3204974
#	4975	重的爱德华	5	23	1	0	0	23	27	18	0	0	226	1	0	0	0	0	|...|	3204975
#	4976	袖珍大莫琳	5	27	1	0	0	27	20	29	0	0	225	1	0	0	0	0	|...|	3204976
#	4977	滚滚大马文	5	41	1	0	0	41	37	36	0	0	224	1	0	0	0	0	|...|	3204977
#	4978	遗憾的凯文	5	36	1	0	0	36	29	24	0	0	223	1	0	0	0	0	|...|	3204978
#	4979	招牌的布兰特	5	19	1	0	0	19	18	23	0	0	222	1	0	0	0	0	|...|	3204979
#	4980	努力的谷仓	5	27	1	0	0	27	23	21	0	0	221	1	0	0	0	0	|...|	3204980
#	4981	无相小桃瑞丝	5	41	1	0	0	41	23	24	0	0	220	1	0	0	0	0	|...|	3204981
#	4982	火爆大艾萨克	5	27	1	0	0	27	41	26	0	0	219	1	0	0	0	0	|...|	3204982
#	4983	回归大伊恩	5	20	1	0	0	20	19	36	0	0	218	1	0	0	0	0	|...|	3204983
#	4984	前场玛米	5	18	1	0	0	18	41	29	0	0	217	1	0	0	0	0	|...|	3204984
#	4985	稳定的马德琳	5	23	1	0	0	23	36	30	0	0	216	1	0	0	0	0	|...|	3204985
#	4986	鹰眼克拉克	5	19	1	0	0	19	26	20	0	0	215	1	0	0	0	0	|...|	3204986
#	4987	沉默小海伦娜	5	31	1	0	0	31	18	21	0	0	214	1	0	0	0	0	|...|	3204987
#	4988	零式小滑板	5	31	1	0	0	31	20	29	0	0	213	1	0	0	0	0	|...|	3204988
#	4989	重的杰弗里	5	27	1	0	0	27	24	26	0	0	212	1	0	0	0	0	|...|	3204989
#	4990	复出小乔纳森	5	29	1	0	0	29	41	20	0	0	211	1	0	0	0	0	|...|	3204990
#	4991	军中艾基尔略特	5	41	1	0	0	41	24	30	0	0	210	1	0	0	0	0	|...|	3204991
#	4992	升华大莉兹	5	31	1	0	0	31	30	27	0	0	209	1	0	0	0	0	|...|	3204992
#	4993	鹰眼茉莉	5	23	1	0	0	23	26	37	0	0	208	1	0	0	0	0	|...|	3204993
#	4994	强悍小兰德尔	5	27	1	0	0	27	21	31	0	0	207	1	0	0	0	0	|...|	3204994
#	4995	夜空的斯帕克	5	27	1	0	0	27	21	30	0	0	206	1	0	0	0	0	|...|	3204995
#	4996	秘密的菲利普	5	36	1	0	0	36	23	21	0	0	205	1	0	0	0	0	|...|	3204996
#	4997	星月小美洛蒂	5	29	1	0	0	29	21	24	0	0	204	1	0	0	0	0	|...|	3204997
#	4998	笑面肯尼斯	5	21	1	0	0	21	19	23	0	0	203	1	0	0	0	0	|...|	3204998
#	4999	腹黑大滑板	5	41	1	0	0	41	20	21	0	0	202	1	0	0	0	0	|...|	3204999
#	5000	奇怪小狄克	5	21	1	0	0	21	19	30	0	0	201	1	0	0	0	0	|...|	3205000
