1.难度除精英副本为2外，都配置1																																																																	
2.掉落显示物品:1.进阶材料，2.装备（包含装备碎片，升星材料），3.魂石。  4.时光石， 没有填0																																																																	
3.20+:镜像挑战；30+：死亡躲避；40+：命运之镰；50+：圣诞壁垒；60+：致命游戏																																																																	
																																																																	
																																																																	
																																																																	
	场景ID	难度	金币	主玩家经验	武将经验	首次通关必掉武将Index_1	首次通关必掉武将Index_2	首次通关必掉物品原始名_1	首次通关必掉物品数量_1	首次通关必掉物品原始名_2	首次通关必掉物品数量_2	首次通关必掉物品原始名_3	首次通关必掉物品数量_3	首次通关必掉万能碎片数量	首次通关必掉英魄数量	全局掉落类别ID	全局掉落概率(万分率)	物品_1_原始名	物品_1_数量	物品_1_掉落概率	物品_2_原始名	物品_2_数量	物品_2_掉落概率	物品_3_原始名	物品_3_数量	物品_3_掉落概率	物品_4_原始名	物品_4_数量	物品_4_掉落概率	物品_5_原始名	物品_5_数量	物品_5_掉落概率	物品_6_原始名	物品_6_数量	物品_6_掉落概率	物品_7_原始名	物品_7_数量	物品_7_掉落概率	物品_8_原始名	物品_8_数量	物品_8_掉落概率	物品_9_原始名	物品_9_数量	物品_9_掉落概率	物品_10_原始名(物品5在Untouchable中式固定是给3星成绩的额外奖励)	物品_10_数量	物品_10_掉落概率	特殊物品/装备原始名	特殊物品/装备数量	第一次刷掉落概率(万分率)	第二次刷掉落概率(万分率)	第三次刷掉落概率(万分率)	第四次刷掉落概率(万分率)	第五次刷掉落概率(万分率)	英魄数量	英魄掉落概率	万能碎片数量	万能碎片概率	首次扫荡掉落原始名1	首次扫荡掉落数量1	首次扫荡掉落原始名2	首次扫荡掉落数量2	首次扫荡掉落原始名3	首次扫荡掉落数量3	主产出类型
#	21	1	0	0	0	0	0	0	0	0	0	0	0	0	0	0	0	GOODS108	3	10000	GOODS108	2	3000	GOODS104	6	10000	GOODS104	0	0	0	0	0	0	0	0	0	0	0	0	0	0	0	0	0	0	0	0	0	0	0	0	0	0	0	0	0	0	0	0	0	0	0	0	0	0
#	22	1	0	0	0	0	0	0	0	0	0	0	0	0	0	0	0	GOODS109	3	10000	GOODS108	2	5000	GOODS108	5	10000	GOODS104	0	0	0	0	0	0	0	0	0	0	0	0	0	0	0	0	0	0	0	0	0	0	0	0	0	0	0	0	0	0	0	0	0	0	0	0	0	0
#	23	1	0	0	0	0	0	0	0	0	0	0	0	0	0	0	0	GOODS109	6	10000	GOODS108	8	10000	GOODS108	4	5000	GOODS108	4	5000	0	0	0	0	0	0	0	0	0	0	0	0	0	0	0	0	0	0	0	0	0	0	0	0	0	0	0	0	0	0	0	0	0	0	0	0
#	24	1	0	0	0	0	0	0	0	0	0	0	0	0	0	0	0	GOODS109	12	10000	GOODS109	4	5000	GOODS108	15	10000	GOODS108	10	5000	0	0	0	0	0	0	0	0	0	0	0	0	0	0	0	0	0	0	0	0	0	0	0	0	0	0	0	0	0	0	0	0	0	0	0	0
#	25	1	0	0	0	0	0	0	0	0	0	0	0	0	0	0	0	GOODS109	20	10000	GOODS109	4	5000	GOODS108	10	10000	0	0	0	0	0	0	0	0	0	0	0	0	0	0	0	0	0	0	0	0	0	0	0	0	0	0	0	0	0	0	0	0	0	0	0	0	0	0	0
#	26	1	0	0	0	0	0	0	0	0	0	0	0	0	0	0	0	GOODS117	2	10000	GOODS109	15	10000	GOODS109	10	5000	GOODS109	3	5000	0	0	0	0	0	0	0	0	0	0	0	0	0	0	0	0	0	0	0	0	0	0	0	0	0	0	0	0	0	0	0	0	0	0	0	0
#	27	1	0	0	0	0	0	0	0	0	0	0	0	0	0	0	0	GOODS117	3	10000	GOODS109	16	10000	GOODS109	10	5000	GOODS109	5	5000	0	0	0	0	0	0	0	0	0	0	0	0	0	0	0	0	0	0	0	0	0	0	0	0	0	0	0	0	0	0	0	0	0	0	0	0
#	31	1	0	0	0	0	0	0	0	0	0	0	0	0	0	0	0	GOODS112	3	10000	GOODS111	7	10000	GOODS112	1	5000	GOODS111	1	1404	0	0	0	0	0	0	0	0	0	0	0	0	0	0	0	WSJL101	1	10000	0	0	0	0	0	0	0	0	0	0	0	0	0	0	0	0	0	0
#	32	1	0	0	0	0	0	0	0	0	0	0	0	0	0	0	0	GOODS112	5	10000	GOODS111	11	10000	GOODS112	1	5000	GOODS111	1	3906	0	0	0	0	0	0	0	0	0	0	0	0	0	0	0	WSJL102	1	10000	0	0	0	0	0	0	0	0	0	0	0	0	0	0	0	0	0	0
#	33	1	0	0	0	0	0	0	0	0	0	0	0	0	0	0	0	GOODS112	11	10000	GOODS111	8	10000	GOODS112	1	5000	GOODS111	1	9924	0	0	0	0	0	0	0	0	0	0	0	0	0	0	0	WSJL103	1	10000	0	0	0	0	0	0	0	0	0	0	0	0	0	0	0	0	0	0
#	34	1	0	0	0	0	0	0	0	0	0	0	0	0	0	0	0	GOODS113	1	10000	GOODS112	14	10000	GOODS111	3	10000	GOODS112	1	6143	0	0	0	0	0	0	0	0	0	0	0	0	0	0	0	WSJL104	1	10000	0	0	0	0	0	0	0	0	0	0	0	0	0	0	0	0	0	0
#	35	1	0	0	0	0	0	0	0	0	0	0	0	0	0	0	0	GOODS113	2	10000	GOODS112	16	10000	0	0	0	GOODS112	1	6131	0	0	0	0	0	0	0	0	0	0	0	0	0	0	0	WSJL105	1	10000	0	0	0	0	0	0	0	0	0	0	0	0	0	0	0	0	0	0
#	36	1	0	0	0	0	0	0	0	0	0	0	0	0	0	0	0	GOODS113	3	10000	GOODS112	17	10000	0	0	0	GOODS112	1	4544	0	0	0	0	0	0	0	0	0	0	0	0	0	0	0	WSJL105	1	10000	0	0	0	0	0	0	0	0	0	0	0	0	0	0	0	0	0	0
#	37	1	0	0	0	0	0	0	0	0	0	0	0	0	0	0	0	GOODS113	4	10000	GOODS112	17	10000	0	0	0	GOODS112	1	5631	0	0	0	0	0	0	0	0	0	0	0	0	0	0	0	WSJL105	1	10000	0	0	0	0	0	0	0	0	0	0	0	0	0	0	0	0	0	0
#	41	1	0	0	0	0	0	0	0	0	0	0	0	0	0	101	10000	GOODS54	1	0	GOODS60	1	0	GOODS63	1	0	0	0	0	0	0	0	0	0	0	0	0	0	0	0	0	0	0	0	0	0	0	0	0	0	0	0	0	0	0	0	0	0	0	0	0	0	0	0	0
#	42	1	0	0	0	0	0	0	0	0	0	0	0	0	0	102	10000	GOODS54	1	0	GOODS60	1	0	GOODS63	1	0	0	0	0	0	0	0	0	0	0	0	0	0	0	0	0	0	0	0	0	0	0	0	0	0	0	0	0	0	0	0	0	0	0	0	0	0	0	0	0
#	43	1	0	0	0	0	0	0	0	0	0	0	0	0	0	103	10000	GOODS66	1	0	GOODS72	1	0	GOODS75	1	0	0	0	0	0	0	0	0	0	0	0	0	0	0	0	0	0	0	0	0	0	0	0	0	0	0	0	0	0	0	0	0	0	0	0	0	0	0	0	0
#	44	1	0	0	0	0	0	0	0	0	0	0	0	0	0	104	10000	GOODS78	1	0	GOODS84	1	0	GOODS87	1	0	0	0	0	0	0	0	0	0	0	0	0	0	0	0	0	0	0	0	0	0	0	0	0	0	0	0	0	0	0	0	0	0	0	0	0	0	0	0	0
#	45	1	0	0	0	0	0	0	0	0	0	0	0	0	0	105	10000	GOODS90	1	0	GOODS96	1	0	GOODS99	1	0	0	0	0	0	0	0	0	0	0	0	0	0	0	0	0	0	0	0	0	0	0	0	0	0	0	0	0	0	0	0	0	0	0	0	0	0	0	0	0
#	46	1	0	0	0	0	0	0	0	0	0	0	0	0	0	106	10000	GOODS120	1	0	GOODS126	1	0	GOODS129	1	0	0	0	0	0	0	0	0	0	0	0	0	0	0	0	0	0	0	0	0	0	0	0	0	0	0	0	0	0	0	0	0	0	0	0	0	0	0	0	0
#	47	1	0	0	0	0	0	0	0	0	0	0	0	0	0	107	10000	GOODS132	1	0	GOODS138	1	0	GOODS141	1	0	0	0	0	0	0	0	0	0	0	0	0	0	0	0	0	0	0	0	0	0	0	0	0	0	0	0	0	0	0	0	0	0	0	0	0	0	0	0	0
#	51	1	0	0	0	0	0	0	0	0	0	0	0	0	0	0	0	ZBSX01	13	10000	ZBSX01	2	5000	ZBSX01	2	5000	0	0	0	0	0	0	0	0	0	0	0	0	0	0	0	0	0	0	0	0	0	0	0	0	0	0	0	0	0	0	0	0	0	0	0	0	0	0	0
#	52	1	0	0	0	0	0	0	0	0	0	0	0	0	0	0	0	ZBSX01	23	10000	ZBSX01	2	5000	ZBSX01	2	5000	0	0	0	0	0	0	0	0	0	0	0	0	0	0	0	0	0	0	0	0	0	0	0	0	0	0	0	0	0	0	0	0	0	0	0	0	0	0	0
#	53	1	0	0	0	0	0	0	0	0	0	0	0	0	0	0	0	ZBSX01	38	10000	ZBSX01	2	5000	ZBSX01	2	5000	0	0	0	0	0	0	0	0	0	0	0	0	0	0	0	0	0	0	0	0	0	0	0	0	0	0	0	0	0	0	0	0	0	0	0	0	0	0	0
#	54	1	0	0	0	0	0	0	0	0	0	0	0	0	0	0	0	ZBSX01	58	10000	ZBSX01	2	5000	ZBSX01	2	5000	0	0	0	0	0	0	0	0	0	0	0	0	0	0	0	0	0	0	0	0	0	0	0	0	0	0	0	0	0	0	0	0	0	0	0	0	0	0	0
#	55	1	0	0	0	0	0	0	0	0	0	0	0	0	0	0	0	ZBSX01	78	10000	ZBSX01	2	5000	ZBSX01	2	5000	0	0	0	0	0	0	0	0	0	0	0	0	0	0	0	0	0	0	0	0	0	0	0	0	0	0	0	0	0	0	0	0	0	0	0	0	0	0	0
#	56	1	0	0	0	0	0	0	0	0	0	0	0	0	0	0	0	ZBSX01	98	10000	ZBSX01	2	5000	ZBSX01	2	5000	0	0	0	0	0	0	0	0	0	0	0	0	0	0	0	0	0	0	0	0	0	0	0	0	0	0	0	0	0	0	0	0	0	0	0	0	0	0	0
#	57	1	0	0	0	0	0	0	0	0	0	0	0	0	0	0	0	ZBSX01	118	10000	ZBSX01	2	5000	ZBSX01	2	5000	0	0	0	0	0	0	0	0	0	0	0	0	0	0	0	0	0	0	0	0	0	0	0	0	0	0	0	0	0	0	0	0	0	0	0	0	0	0	0
#	61	1	0	0	0	0	0	0	0	0	0	0	0	0	0	201	10000	GOODS55	1	0	GOODS61	1	0	GOODS64	1	0	0	0	0	0	0	0	0	0	0	0	0	0	0	0	0	0	0	0	0	0	0	0	0	0	0	0	0	0	0	0	0	0	0	0	0	0	0	0	0
#	62	1	0	0	0	0	0	0	0	0	0	0	0	0	0	202	10000	GOODS55	1	0	GOODS61	1	0	GOODS64	1	0	0	0	0	0	0	0	0	0	0	0	0	0	0	0	0	0	0	0	0	0	0	0	0	0	0	0	0	0	0	0	0	0	0	0	0	0	0	0	0
#	63	1	0	0	0	0	0	0	0	0	0	0	0	0	0	203	10000	GOODS67	1	0	GOODS73	1	0	GOODS76	1	0	0	0	0	0	0	0	0	0	0	0	0	0	0	0	0	0	0	0	0	0	0	0	0	0	0	0	0	0	0	0	0	0	0	0	0	0	0	0	0
#	64	1	0	0	0	0	0	0	0	0	0	0	0	0	0	204	10000	GOODS79	1	0	GOODS85	1	0	GOODS88	1	0	0	0	0	0	0	0	0	0	0	0	0	0	0	0	0	0	0	0	0	0	0	0	0	0	0	0	0	0	0	0	0	0	0	0	0	0	0	0	0
#	65	1	0	0	0	0	0	0	0	0	0	0	0	0	0	205	10000	GOODS91	1	0	GOODS97	1	0	GOODS100	1	0	0	0	0	0	0	0	0	0	0	0	0	0	0	0	0	0	0	0	0	0	0	0	0	0	0	0	0	0	0	0	0	0	0	0	0	0	0	0	0
#	66	1	0	0	0	0	0	0	0	0	0	0	0	0	0	206	10000	GOODS121	1	0	GOODS127	1	0	GOODS130	1	0	0	0	0	0	0	0	0	0	0	0	0	0	0	0	0	0	0	0	0	0	0	0	0	0	0	0	0	0	0	0	0	0	0	0	0	0	0	0	0
#	67	1	0	0	0	0	0	0	0	0	0	0	0	0	0	207	10000	GOODS133	1	0	GOODS139	1	0	GOODS142	1	0	0	0	0	0	0	0	0	0	0	0	0	0	0	0	0	0	0	0	0	0	0	0	0	0	0	0	0	0	0	0	0	0	0	0	0	0	0	0	0
#	1001	1	55	8	32	0	0	GOODS42	1	GOODS104	2	0	0	0	0	0	0	0	0	0	0	0	0	0	0	0	0	0	0	0	0	0	0	0	0	0	0	0	0	0	0	0	0	0	0	0	0	0	0	0	0	0	0	0	0	0	0	0	0	0	0	0	0	0	0
#	1002	1	72	8	34	0	0	GOODS51	1	GOODS104	2	0	0	0	0	0	0	0	0	0	0	0	0	0	0	0	0	0	0	0	0	0	0	0	0	0	0	0	0	0	0	0	0	0	0	0	0	0	0	0	0	0	0	0	0	0	0	0	0	0	0	0	0	0	0
#	1003	1	72	8	34	0	0	GOODS51	1	GOODS48	1	GOODS104	2	0	0	501	5000	GOODS43	1	5000	GOODS52	1	5000	GOODS49	1	5000	0	0	0	0	0	0	0	0	0	0	0	0	0	0	0	0	0	0	0	0	0	0	0	0	0	0	0	0	0	0	0	0	GOODS49	1	0	0	0	0	1
#	1004	1	89	8	38	0	0	GOODS43	1	GOODS52	1	0	0	0	0	0	0	0	0	0	0	0	0	0	0	0	0	0	0	0	0	0	0	0	0	0	0	0	0	0	0	0	0	0	0	0	0	0	0	0	0	0	0	0	0	0	0	0	0	0	0	0	0	0	0
#	1005	1	89	8	38	0	0	GOODS52	1	GOODS104	2	0	0	0	0	0	0	0	0	0	0	0	0	0	0	0	0	0	0	0	0	0	0	0	0	0	0	0	0	0	0	0	0	0	0	0	0	0	0	0	0	0	0	0	0	0	0	0	0	0	0	0	0	0	0
#	1006	1	105	8	42	0	0	GOODS43	1	GOODS49	1	GOODS4	10	0	0	501	5000	GOODS42	1	5000	GOODS51	1	5000	GOODS48	1	5000	0	0	0	0	0	0	0	0	0	0	0	0	0	0	0	0	0	0	0	0	0	0	0	0	0	0	0	0	0	0	0	0	0	0	0	0	0	0	1
#	1007	1	105	8	42	0	0	GOODS42	1	GOODS51	1	0	0	0	0	0	0	0	0	0	0	0	0	0	0	0	0	0	0	0	0	0	0	0	0	0	0	0	0	0	0	0	0	0	0	0	0	0	0	0	0	0	0	0	0	0	0	0	0	0	0	0	0	0	0
#	1008	1	120	8	46	0	0	GOODS42	1	GOODS48	1	0	0	0	0	0	0	0	0	0	0	0	0	0	0	0	0	0	0	0	0	0	0	0	0	0	0	0	0	0	0	0	0	0	0	0	0	0	0	0	0	0	0	0	0	0	0	0	0	0	0	0	0	0	0
#	1009	1	120	8	46	0	0	GOODS42	1	GOODS51	1	EQ0012	1	30	0	501	5000	EQ0012	1	8000	EQ0014	1	8000	0	0	0	0	0	0	0	0	0	0	0	0	0	0	0	0	0	0	0	0	0	0	0	0	0	0	0	0	0	0	0	0	0	30	10000	0	0	0	0	0	0	2
#	1010	1	135	8	50	0	0	GOODS43	1	GOODS49	1	EQ0015	1	30	0	501	5000	EQ0013	1	8000	EQ0015	1	8000	0	0	0	0	0	0	0	0	0	0	0	0	0	0	0	0	0	0	0	0	0	0	0	0	0	0	0	0	0	0	0	0	0	30	10000	0	0	0	0	0	0	2
#	2001	1	135	8	50	0	0	GOODS42	1	GOODS51	1	0	0	0	0	0	0	0	0	0	0	0	0	0	0	0	0	0	0	0	0	0	0	0	0	0	0	0	0	0	0	0	0	0	0	0	0	0	0	0	0	0	0	0	0	0	0	0	0	0	0	0	0	0	0
#	2002	1	135	8	50	0	0	GOODS42	1	GOODS48	1	0	0	0	0	0	0	0	0	0	0	0	0	0	0	0	0	0	0	0	0	0	0	0	0	0	0	0	0	0	0	0	0	0	0	0	0	0	0	0	0	0	0	0	0	0	0	0	0	0	0	0	0	0	0
#	2003	1	135	8	50	0	0	GOODS42	1	EQ0013	1	GOODS5	10	0	0	501	5000	GOODS43	1	5000	GOODS52	1	5000	GOODS49	1	5000	0	0	0	0	0	0	0	0	0	0	0	0	0	0	0	0	0	0	0	0	0	0	0	0	0	0	0	0	0	0	0	0	0	0	0	0	0	0	1
#	2004	1	150	8	55	0	0	GOODS43	1	GOODS52	1	0	0	0	0	0	0	0	0	0	0	0	0	0	0	0	0	0	0	0	0	0	0	0	0	0	0	0	0	0	0	0	0	0	0	0	0	0	0	0	0	0	0	0	0	0	0	0	0	0	0	0	0	0	0
#	2005	1	150	8	55	0	0	GOODS43	1	GOODS49	1	0	0	0	0	0	0	0	0	0	0	0	0	0	0	0	0	0	0	0	0	0	0	0	0	0	0	0	0	0	0	0	0	0	0	0	0	0	0	0	0	0	0	0	0	0	0	0	0	0	0	0	0	0	0
#	2006	1	150	8	55	0	0	GOODS43	1	EQ0012	1	GOODS103	9	0	0	501	5000	GOODS42	1	5000	GOODS51	1	5000	GOODS48	1	5000	0	0	0	0	0	0	0	0	0	0	0	0	0	0	0	0	0	0	0	0	0	0	0	0	0	0	0	0	0	0	0	0	0	0	0	0	0	0	1
#	2007	1	165	8	59	0	0	GOODS42	1	GOODS51	1	0	0	0	0	0	0	0	0	0	0	0	0	0	0	0	0	0	0	0	0	0	0	0	0	0	0	0	0	0	0	0	0	0	0	0	0	0	0	0	0	0	0	0	0	0	0	0	0	0	0	0	0	0	0
#	2008	1	165	8	59	0	0	GOODS42	1	GOODS48	1	GOODS103	1	0	0	0	0	0	0	0	0	0	0	0	0	0	0	0	0	0	0	0	0	0	0	0	0	0	0	0	0	0	0	0	0	0	0	0	0	0	0	0	0	0	0	0	0	0	0	0	0	0	0	0	0
#	2009	1	165	8	59	0	0	GOODS42	1	GOODS51	1	EQ0017	1	30	0	501	5000	EQ0017	1	8000	EQ0018	1	8000	0	0	0	0	0	0	0	0	0	0	0	0	0	0	0	0	0	0	0	0	0	0	0	0	0	0	0	0	0	0	0	0	0	30	10000	0	0	0	0	0	0	2
#	2010	1	179	8	64	0	0	GOODS52	1	EQ0016	1	ZBSP9	20	30	0	501	5000	EQ0016	1	8000	EQ0019	1	8000	0	0	0	0	0	0	0	0	0	0	0	0	0	0	0	0	0	0	0	0	0	0	0	0	0	0	0	0	0	0	0	0	0	30	10000	0	0	0	0	0	0	2
#	3001	1	179	8	64	0	0	GOODS42	1	GOODS51	1	0	0	0	0	0	0	0	0	0	0	0	0	0	0	0	0	0	0	0	0	0	0	0	0	0	0	0	0	0	0	0	0	0	0	0	0	0	0	0	0	0	0	0	0	0	0	0	0	0	0	0	0	0	0
#	3002	1	179	8	64	0	0	GOODS42	1	GOODS48	1	0	0	0	0	0	0	0	0	0	0	0	0	0	0	0	0	0	0	0	0	0	0	0	0	0	0	0	0	0	0	0	0	0	0	0	0	0	0	0	0	0	0	0	0	0	0	0	0	0	0	0	0	0	0
#	3003	1	179	8	64	0	0	GOODS42	1	GOODS51	1	EQ0017	1	0	0	501	5000	GOODS43	1	5000	GOODS52	1	5000	GOODS49	1	5000	0	0	0	0	0	0	0	0	0	0	0	0	0	0	0	0	0	0	0	0	0	0	0	0	0	0	0	0	0	0	0	0	0	0	0	0	0	0	1
#	3004	1	179	8	64	0	0	GOODS43	1	GOODS52	1	0	0	0	0	0	0	0	0	0	0	0	0	0	0	0	0	0	0	0	0	0	0	0	0	0	0	0	0	0	0	0	0	0	0	0	0	0	0	0	0	0	0	0	0	0	0	0	0	0	0	0	0	0	0
#	3005	1	179	8	64	0	0	GOODS43	1	GOODS49	1	0	0	0	0	0	0	0	0	0	0	0	0	0	0	0	0	0	0	0	0	0	0	0	0	0	0	0	0	0	0	0	0	0	0	0	0	0	0	0	0	0	0	0	0	0	0	0	0	0	0	0	0	0	0
#	3006	1	194	8	69	0	0	GOODS43	1	GOODS52	1	EQ0019	1	0	0	501	5000	GOODS42	1	5000	GOODS51	1	5000	GOODS48	1	5000	0	0	0	0	0	0	0	0	0	0	0	0	0	0	0	0	0	0	0	0	0	0	0	0	0	0	0	0	0	0	0	0	0	0	0	0	0	0	1
#	3007	1	194	8	69	0	0	GOODS42	1	GOODS51	1	0	0	0	0	0	0	0	0	0	0	0	0	0	0	0	0	0	0	0	0	0	0	0	0	0	0	0	0	0	0	0	0	0	0	0	0	0	0	0	0	0	0	0	0	0	0	0	0	0	0	0	0	0	0
#	3008	1	194	8	69	0	0	GOODS42	1	GOODS48	1	0	0	0	0	0	0	0	0	0	0	0	0	0	0	0	0	0	0	0	0	0	0	0	0	0	0	0	0	0	0	0	0	0	0	0	0	0	0	0	0	0	0	0	0	0	0	0	0	0	0	0	0	0	0
#	3009	1	194	8	69	0	0	GOODS42	1	GOODS51	1	EQ0020	1	30	0	501	5000	EQ0020	1	8000	EQ0020	1	8000	0	0	0	0	0	0	0	0	0	0	0	0	0	0	0	0	0	0	0	0	0	0	0	0	0	0	0	0	0	0	0	0	0	30	10000	0	0	0	0	0	0	2
#	3010	1	208	8	75	0	0	GOODS43	1	GOODS49	1	ZBSP1	19	30	0	501	5000	ZBSP12	1	3200	ZBSP1	1	3000	FBSGS001	1	2000	0	0	0	0	0	0	0	0	0	0	0	0	0	0	0	0	0	0	0	0	0	0	0	0	0	0	0	0	0	0	30	10000	ZBSP1	1	0	0	0	0	2
#	4001	1	208	8	75	0	0	GOODS42	1	GOODS51	1	0	0	0	0	0	0	0	0	0	0	0	0	0	0	0	0	0	0	0	0	0	0	0	0	0	0	0	0	0	0	0	0	0	0	0	0	0	0	0	0	0	0	0	0	0	0	0	0	0	0	0	0	0	0
#	4002	1	208	8	75	0	0	GOODS42	1	GOODS48	1	0	0	0	0	0	0	0	0	0	0	0	0	0	0	0	0	0	0	0	0	0	0	0	0	0	0	0	0	0	0	0	0	0	0	0	0	0	0	0	0	0	0	0	0	0	0	0	0	0	0	0	0	0	0
#	4003	1	222	8	80	0	0	GOODS42	1	GOODS51	1	EQ0018	1	0	0	501	5000	GOODS43	1	5000	GOODS52	1	5000	GOODS49	1	5000	0	0	0	0	0	0	0	0	0	0	0	0	0	0	0	0	0	0	0	0	0	0	0	0	0	0	0	0	0	0	0	0	0	0	0	0	0	0	1
#	4004	1	222	8	80	0	0	GOODS43	1	GOODS52	1	0	0	0	0	0	0	0	0	0	0	0	0	0	0	0	0	0	0	0	0	0	0	0	0	0	0	0	0	0	0	0	0	0	0	0	0	0	0	0	0	0	0	0	0	0	0	0	0	0	0	0	0	0	0
#	4005	1	222	8	80	0	0	GOODS43	1	GOODS49	1	0	0	0	0	0	0	0	0	0	0	0	0	0	0	0	0	0	0	0	0	0	0	0	0	0	0	0	0	0	0	0	0	0	0	0	0	0	0	0	0	0	0	0	0	0	0	0	0	0	0	0	0	0	0
#	4006	1	236	8	86	0	0	GOODS43	1	GOODS52	1	EQ0020	1	0	0	501	5000	GOODS42	1	5000	GOODS51	1	5000	GOODS48	1	5000	0	0	0	0	0	0	0	0	0	0	0	0	0	0	0	0	0	0	0	0	0	0	0	0	0	0	0	0	0	0	0	0	0	0	0	0	0	0	1
#	4007	1	236	8	86	0	0	GOODS42	1	GOODS51	1	0	0	0	0	0	0	0	0	0	0	0	0	0	0	0	0	0	0	0	0	0	0	0	0	0	0	0	0	0	0	0	0	0	0	0	0	0	0	0	0	0	0	0	0	0	0	0	0	0	0	0	0	0	0
#	4008	1	236	8	86	0	0	GOODS42	1	GOODS48	1	0	0	0	0	0	0	0	0	0	0	0	0	0	0	0	0	0	0	0	0	0	0	0	0	0	0	0	0	0	0	0	0	0	0	0	0	0	0	0	0	0	0	0	0	0	0	0	0	0	0	0	0	0	0
#	4009	1	250	8	91	0	0	GOODS42	1	GOODS51	1	ZBSP4	19	30	0	501	5000	ZBSP15	1	3200	ZBSP4	1	3000	FBSGS001	1	2000	0	0	0	0	0	0	0	0	0	0	0	0	0	0	0	0	0	0	0	0	0	0	0	0	0	0	0	0	0	0	30	10000	0	0	0	0	0	0	2
#	4010	1	264	8	97	0	0	GOODS43	1	GOODS49	1	ZBSP2	2	30	0	501	5000	ZBSP13	1	3200	ZBSP2	1	3000	FBSGS001	1	2000	0	0	0	0	0	0	0	0	0	0	0	0	0	0	0	0	0	0	0	0	0	0	0	0	0	0	0	0	0	0	30	10000	0	0	0	0	0	0	2
#	5001	1	264	8	97	0	0	GOODS42	1	GOODS51	1	GOODS48	1	0	0	0	0	0	0	0	0	0	0	0	0	0	0	0	0	0	0	0	0	0	0	0	0	0	0	0	0	0	0	0	0	0	0	0	0	0	0	0	0	0	0	0	0	0	0	0	0	0	0	0	0
#	5002	1	264	8	97	0	0	GOODS43	1	GOODS52	1	GOODS49	1	0	0	0	0	0	0	0	0	0	0	0	0	0	0	0	0	0	0	0	0	0	0	0	0	0	0	0	0	0	0	0	0	0	0	0	0	0	0	0	0	0	0	0	0	0	0	0	0	0	0	0	0
#	5003	1	264	8	97	0	0	GOODS42	1	GOODS51	1	GOODS48	1	0	0	501	5000	GOODS43	1	5000	GOODS52	1	5000	GOODS49	1	5000	0	0	0	0	0	0	0	0	0	0	0	0	0	0	0	0	0	0	0	0	0	0	0	0	0	0	0	0	0	0	0	0	0	0	0	0	0	0	1
#	5004	1	264	8	97	0	0	GOODS42	1	GOODS51	1	GOODS48	1	0	0	0	0	0	0	0	0	0	0	0	0	0	0	0	0	0	0	0	0	0	0	0	0	0	0	0	0	0	0	0	0	0	0	0	0	0	0	0	0	0	0	0	0	0	0	0	0	0	0	0	0
#	5005	1	264	8	97	0	0	GOODS43	1	GOODS52	1	GOODS49	1	0	0	0	0	0	0	0	0	0	0	0	0	0	0	0	0	0	0	0	0	0	0	0	0	0	0	0	0	0	0	0	0	0	0	0	0	0	0	0	0	0	0	0	0	0	0	0	0	0	0	0	0
#	5006	1	264	8	97	0	0	GOODS42	1	GOODS51	1	GOODS48	1	0	0	501	5000	GOODS42	1	5000	GOODS51	1	5000	GOODS48	1	5000	0	0	0	0	0	0	0	0	0	0	0	0	0	0	0	0	0	0	0	0	0	0	0	0	0	0	0	0	0	0	0	0	0	0	0	0	0	0	1
#	5007	1	264	8	97	0	0	GOODS42	1	GOODS51	1	GOODS48	1	0	0	0	0	0	0	0	0	0	0	0	0	0	0	0	0	0	0	0	0	0	0	0	0	0	0	0	0	0	0	0	0	0	0	0	0	0	0	0	0	0	0	0	0	0	0	0	0	0	0	0	0
#	5008	1	264	8	97	0	0	GOODS43	1	GOODS52	1	GOODS49	1	0	0	0	0	0	0	0	0	0	0	0	0	0	0	0	0	0	0	0	0	0	0	0	0	0	0	0	0	0	0	0	0	0	0	0	0	0	0	0	0	0	0	0	0	0	0	0	0	0	0	0	0
#	5009	1	264	8	97	0	0	GOODS42	1	GOODS51	1	ZBSP3	2	30	0	501	5000	ZBSP14	1	3200	ZBSP3	1	3000	FBSGS001	1	2000	0	0	0	0	0	0	0	0	0	0	0	0	0	0	0	0	0	0	0	0	0	0	0	0	0	0	0	0	0	0	30	10000	0	0	0	0	0	0	2
#	5010	1	278	8	103	0	0	GOODS43	1	GOODS52	1	ZBSP6	2	30	0	501	5000	ZBSP17	1	3200	ZBSP6	1	3000	FBSGS001	1	2000	0	0	0	0	0	0	0	0	0	0	0	0	0	0	0	0	0	0	0	0	0	0	0	0	0	0	0	0	0	0	30	10000	0	0	0	0	0	0	2
#	6001	1	278	8	103	0	0	GOODS55	1	GOODS54	1	0	0	0	0	0	0	0	0	0	0	0	0	0	0	0	0	0	0	0	0	0	0	0	0	0	0	0	0	0	0	0	0	0	0	0	0	0	0	0	0	0	0	0	0	0	0	0	0	0	0	0	0	0	0
#	6002	1	278	8	103	0	0	GOODS64	1	GOODS63	1	0	0	0	0	0	0	0	0	0	0	0	0	0	0	0	0	0	0	0	0	0	0	0	0	0	0	0	0	0	0	0	0	0	0	0	0	0	0	0	0	0	0	0	0	0	0	0	0	0	0	0	0	0	0
#	6003	1	278	8	103	0	0	GOODS61	1	GOODS60	1	0	0	0	0	502	5000	GOODS55	1	4000	GOODS64	1	4000	GOODS61	1	4000	0	0	0	0	0	0	0	0	0	0	0	0	0	0	0	0	0	0	0	0	0	0	0	0	0	0	0	0	0	0	0	0	0	0	0	0	0	0	1
#	6004	1	278	8	103	0	0	GOODS55	1	GOODS54	1	0	0	0	0	0	0	0	0	0	0	0	0	0	0	0	0	0	0	0	0	0	0	0	0	0	0	0	0	0	0	0	0	0	0	0	0	0	0	0	0	0	0	0	0	0	0	0	0	0	0	0	0	0	0
#	6005	1	278	8	103	0	0	GOODS64	1	GOODS63	1	0	0	0	0	0	0	0	0	0	0	0	0	0	0	0	0	0	0	0	0	0	0	0	0	0	0	0	0	0	0	0	0	0	0	0	0	0	0	0	0	0	0	0	0	0	0	0	0	0	0	0	0	0	0
#	6006	1	291	8	109	0	0	GOODS61	1	GOODS60	1	0	0	0	0	502	5000	GOODS54	1	4000	GOODS63	1	4000	GOODS60	1	4000	0	0	0	0	0	0	0	0	0	0	0	0	0	0	0	0	0	0	0	0	0	0	0	0	0	0	0	0	0	0	0	0	0	0	0	0	0	0	1
#	6007	1	291	8	109	0	0	GOODS55	1	GOODS54	1	0	0	0	0	0	0	0	0	0	0	0	0	0	0	0	0	0	0	0	0	0	0	0	0	0	0	0	0	0	0	0	0	0	0	0	0	0	0	0	0	0	0	0	0	0	0	0	0	0	0	0	0	0	0
#	6008	1	291	8	109	0	0	GOODS64	1	GOODS63	1	0	0	0	0	0	0	0	0	0	0	0	0	0	0	0	0	0	0	0	0	0	0	0	0	0	0	0	0	0	0	0	0	0	0	0	0	0	0	0	0	0	0	0	0	0	0	0	0	0	0	0	0	0	0
#	6009	1	305	8	115	0	0	GOODS61	1	GOODS60	1	ZBSP5	2	30	0	502	5000	ZBSP16	1	3200	ZBSP5	1	3000	FBSGS001	1	2000	0	0	0	0	0	0	0	0	0	0	0	0	0	0	0	0	0	0	0	0	0	0	0	0	0	0	0	0	0	0	30	10000	0	0	0	0	0	0	2
#	6010	1	318	8	121	0	0	GOODS55	1	GOODS54	1	ZBSP7	2	30	0	502	5000	ZBSP18	1	3200	ZBSP7	1	3000	FBSGS001	1	2000	0	0	0	0	0	0	0	0	0	0	0	0	0	0	0	0	0	0	0	0	0	0	0	0	0	0	0	0	0	0	30	10000	0	0	0	0	0	0	2
#	7001	1	318	8	121	0	0	GOODS64	1	GOODS63	1	0	0	0	0	0	0	0	0	0	0	0	0	0	0	0	0	0	0	0	0	0	0	0	0	0	0	0	0	0	0	0	0	0	0	0	0	0	0	0	0	0	0	0	0	0	0	0	0	0	0	0	0	0	0
#	7002	1	318	8	121	0	0	GOODS61	1	GOODS60	1	0	0	0	0	0	0	0	0	0	0	0	0	0	0	0	0	0	0	0	0	0	0	0	0	0	0	0	0	0	0	0	0	0	0	0	0	0	0	0	0	0	0	0	0	0	0	0	0	0	0	0	0	0	0
#	7003	1	318	8	121	0	0	GOODS55	1	GOODS54	1	0	0	0	0	502	5000	GOODS55	1	4000	GOODS64	1	4000	GOODS61	1	4000	0	0	0	0	0	0	0	0	0	0	0	0	0	0	0	0	0	0	0	0	0	0	0	0	0	0	0	0	0	0	0	0	0	0	0	0	0	0	1
#	7004	1	318	8	121	0	0	GOODS64	1	GOODS63	1	0	0	0	0	0	0	0	0	0	0	0	0	0	0	0	0	0	0	0	0	0	0	0	0	0	0	0	0	0	0	0	0	0	0	0	0	0	0	0	0	0	0	0	0	0	0	0	0	0	0	0	0	0	0
#	7005	1	318	8	121	0	0	GOODS61	1	GOODS60	1	0	0	0	0	0	0	0	0	0	0	0	0	0	0	0	0	0	0	0	0	0	0	0	0	0	0	0	0	0	0	0	0	0	0	0	0	0	0	0	0	0	0	0	0	0	0	0	0	0	0	0	0	0	0
#	7006	1	318	8	121	0	0	GOODS55	1	GOODS54	1	0	0	0	0	502	5000	GOODS54	1	4000	GOODS63	1	4000	GOODS60	1	4000	0	0	0	0	0	0	0	0	0	0	0	0	0	0	0	0	0	0	0	0	0	0	0	0	0	0	0	0	0	0	0	0	0	0	0	0	0	0	1
#	7007	1	318	8	121	0	0	GOODS64	1	GOODS63	1	0	0	0	0	0	0	0	0	0	0	0	0	0	0	0	0	0	0	0	0	0	0	0	0	0	0	0	0	0	0	0	0	0	0	0	0	0	0	0	0	0	0	0	0	0	0	0	0	0	0	0	0	0	0
#	7008	1	318	8	121	0	0	GOODS61	1	GOODS60	1	0	0	0	0	0	0	0	0	0	0	0	0	0	0	0	0	0	0	0	0	0	0	0	0	0	0	0	0	0	0	0	0	0	0	0	0	0	0	0	0	0	0	0	0	0	0	0	0	0	0	0	0	0	0
#	7009	1	318	8	121	0	0	GOODS55	1	GOODS54	1	ZBSP8	2	30	0	502	5000	ZBSP19	1	3200	ZBSP8	1	3000	FBSGS001	1	2000	0	0	0	0	0	0	0	0	0	0	0	0	0	0	0	0	0	0	0	0	0	0	0	0	0	0	0	0	0	0	30	10000	0	0	0	0	0	0	2
#	7010	1	331	8	128	0	0	GOODS64	1	GOODS63	1	ZBSP9	2	30	0	502	5000	ZBSP20	1	3200	ZBSP9	1	3000	FBSGS001	1	2000	0	0	0	0	0	0	0	0	0	0	0	0	0	0	0	0	0	0	0	0	0	0	0	0	0	0	0	0	0	0	30	10000	0	0	0	0	0	0	2
#	8001	1	331	8	128	0	0	GOODS61	1	GOODS60	1	0	0	0	0	0	0	0	0	0	0	0	0	0	0	0	0	0	0	0	0	0	0	0	0	0	0	0	0	0	0	0	0	0	0	0	0	0	0	0	0	0	0	0	0	0	0	0	0	0	0	0	0	0	0
#	8002	1	331	8	128	0	0	GOODS55	1	GOODS54	1	0	0	0	0	0	0	0	0	0	0	0	0	0	0	0	0	0	0	0	0	0	0	0	0	0	0	0	0	0	0	0	0	0	0	0	0	0	0	0	0	0	0	0	0	0	0	0	0	0	0	0	0	0	0
#	8003	1	331	8	128	0	0	GOODS64	1	GOODS63	1	0	0	0	0	502	5000	GOODS55	1	4000	GOODS64	1	4000	GOODS61	1	4000	0	0	0	0	0	0	0	0	0	0	0	0	0	0	0	0	0	0	0	0	0	0	0	0	0	0	0	0	0	0	0	0	0	0	0	0	0	0	1
#	8004	1	331	8	128	0	0	GOODS61	1	GOODS60	1	0	0	0	0	0	0	0	0	0	0	0	0	0	0	0	0	0	0	0	0	0	0	0	0	0	0	0	0	0	0	0	0	0	0	0	0	0	0	0	0	0	0	0	0	0	0	0	0	0	0	0	0	0	0
#	8005	1	331	8	128	0	0	GOODS55	1	GOODS54	1	0	0	0	0	0	0	0	0	0	0	0	0	0	0	0	0	0	0	0	0	0	0	0	0	0	0	0	0	0	0	0	0	0	0	0	0	0	0	0	0	0	0	0	0	0	0	0	0	0	0	0	0	0	0
#	8006	1	331	8	128	0	0	GOODS64	1	GOODS63	1	0	0	0	0	502	5000	GOODS54	1	4000	GOODS63	1	4000	GOODS60	1	4000	0	0	0	0	0	0	0	0	0	0	0	0	0	0	0	0	0	0	0	0	0	0	0	0	0	0	0	0	0	0	0	0	0	0	0	0	0	0	1
#	8007	1	331	8	128	0	0	GOODS61	1	GOODS60	1	0	0	0	0	0	0	0	0	0	0	0	0	0	0	0	0	0	0	0	0	0	0	0	0	0	0	0	0	0	0	0	0	0	0	0	0	0	0	0	0	0	0	0	0	0	0	0	0	0	0	0	0	0	0
#	8008	1	331	8	128	0	0	GOODS55	1	GOODS54	1	0	0	0	0	0	0	0	0	0	0	0	0	0	0	0	0	0	0	0	0	0	0	0	0	0	0	0	0	0	0	0	0	0	0	0	0	0	0	0	0	0	0	0	0	0	0	0	0	0	0	0	0	0	0
#	8009	1	345	8	134	0	0	EQ0034	1	ZBSX01	60	0	0	30	0	502	5000	ZBSP12	1	3200	ZBSX01	1	5000	FBSGS001	1	2000	0	0	0	0	0	0	0	0	0	0	0	0	0	0	0	0	0	0	0	0	0	0	0	0	0	0	0	0	0	0	30	10000	0	0	0	0	0	0	2
#	8010	1	371	8	147	0	0	ZBSP15	5	ZBSX01	3	TS501	5	30	0	502	5000	ZBSP15	1	3200	ZBSX01	1	3000	FBSGS001	1	2000	0	0	0	0	0	0	0	0	0	0	0	0	0	0	0	0	0	0	0	0	0	0	0	0	0	0	0	0	0	0	30	10000	0	0	0	0	0	0	2_4
#	9001	1	371	8	147	0	0	GOODS64	1	GOODS63	1	0	0	0	0	0	0	0	0	0	0	0	0	0	0	0	0	0	0	0	0	0	0	0	0	0	0	0	0	0	0	0	0	0	0	0	0	0	0	0	0	0	0	0	0	0	0	0	0	0	0	0	0	0	0
#	9002	1	371	8	147	0	0	GOODS61	1	GOODS60	1	0	0	0	0	0	0	0	0	0	0	0	0	0	0	0	0	0	0	0	0	0	0	0	0	0	0	0	0	0	0	0	0	0	0	0	0	0	0	0	0	0	0	0	0	0	0	0	0	0	0	0	0	0	0
#	9003	1	384	8	154	0	0	GOODS55	1	GOODS54	1	0	0	0	0	502	5000	GOODS55	1	4000	GOODS64	1	4000	GOODS61	1	4000	0	0	0	0	0	0	0	0	0	0	0	0	0	0	0	0	0	0	0	0	0	0	0	0	0	0	0	0	0	0	0	0	0	0	0	0	0	0	1
#	9004	1	384	8	154	0	0	GOODS64	1	GOODS63	1	0	0	0	0	0	0	0	0	0	0	0	0	0	0	0	0	0	0	0	0	0	0	0	0	0	0	0	0	0	0	0	0	0	0	0	0	0	0	0	0	0	0	0	0	0	0	0	0	0	0	0	0	0	0
#	9005	1	384	8	154	0	0	GOODS61	1	GOODS60	1	0	0	0	0	0	0	0	0	0	0	0	0	0	0	0	0	0	0	0	0	0	0	0	0	0	0	0	0	0	0	0	0	0	0	0	0	0	0	0	0	0	0	0	0	0	0	0	0	0	0	0	0	0	0
#	9006	1	397	8	161	0	0	GOODS55	1	GOODS54	1	0	0	0	0	502	5000	GOODS54	1	4000	GOODS63	1	4000	GOODS60	1	4000	0	0	0	0	0	0	0	0	0	0	0	0	0	0	0	0	0	0	0	0	0	0	0	0	0	0	0	0	0	0	0	0	0	0	0	0	0	0	1
#	9007	1	397	8	161	0	0	GOODS64	1	GOODS63	1	0	0	0	0	0	0	0	0	0	0	0	0	0	0	0	0	0	0	0	0	0	0	0	0	0	0	0	0	0	0	0	0	0	0	0	0	0	0	0	0	0	0	0	0	0	0	0	0	0	0	0	0	0	0
#	9008	1	397	8	161	0	0	GOODS61	1	GOODS60	1	0	0	0	0	0	0	0	0	0	0	0	0	0	0	0	0	0	0	0	0	0	0	0	0	0	0	0	0	0	0	0	0	0	0	0	0	0	0	0	0	0	0	0	0	0	0	0	0	0	0	0	0	0	0
#	9009	1	410	8	168	0	0	ZBSP13	5	ZBSX01	3	0	0	30	0	502	5000	ZBSP13	1	3200	ZBSX01	1	6000	FBSGS001	1	2000	0	0	0	0	0	0	0	0	0	0	0	0	0	0	0	0	0	0	0	0	0	0	0	0	0	0	0	0	0	0	30	10000	0	0	0	0	0	0	2
#	9010	1	423	8	175	0	0	ZBSP14	5	ZBSX01	3	FBSGS001	1	30	0	502	5000	ZBSP14	1	3200	ZBSX01	1	6000	FBSGS001	1	2000	0	0	0	0	0	0	0	0	0	0	0	0	0	0	0	0	0	0	0	0	0	0	0	0	0	0	0	0	0	0	30	10000	0	0	0	0	0	0	2_4
#	10001	1	423	8	175	0	0	GOODS55	1	GOODS54	1	0	0	0	0	0	0	0	0	0	0	0	0	0	0	0	0	0	0	0	0	0	0	0	0	0	0	0	0	0	0	0	0	0	0	0	0	0	0	0	0	0	0	0	0	0	0	0	0	0	0	0	0	0	0
#	10002	1	423	8	175	0	0	GOODS64	1	GOODS63	1	0	0	0	0	0	0	0	0	0	0	0	0	0	0	0	0	0	0	0	0	0	0	0	0	0	0	0	0	0	0	0	0	0	0	0	0	0	0	0	0	0	0	0	0	0	0	0	0	0	0	0	0	0	0
#	10003	1	423	8	175	0	0	GOODS61	1	GOODS60	1	0	0	0	0	502	5000	GOODS55	1	4000	GOODS64	1	4000	GOODS61	1	4000	0	0	0	0	0	0	0	0	0	0	0	0	0	0	0	0	0	0	0	0	0	0	0	0	0	0	0	0	0	0	0	0	0	0	0	0	0	0	1
#	10004	1	423	8	175	0	0	GOODS55	1	GOODS54	1	0	0	0	0	0	0	0	0	0	0	0	0	0	0	0	0	0	0	0	0	0	0	0	0	0	0	0	0	0	0	0	0	0	0	0	0	0	0	0	0	0	0	0	0	0	0	0	0	0	0	0	0	0	0
#	10005	1	423	8	175	0	0	GOODS64	1	GOODS63	1	0	0	0	0	0	0	0	0	0	0	0	0	0	0	0	0	0	0	0	0	0	0	0	0	0	0	0	0	0	0	0	0	0	0	0	0	0	0	0	0	0	0	0	0	0	0	0	0	0	0	0	0	0	0
#	10006	1	436	8	182	0	0	GOODS61	1	GOODS60	1	0	0	0	0	502	5000	GOODS54	1	4000	GOODS63	1	4000	GOODS60	1	4000	0	0	0	0	0	0	0	0	0	0	0	0	0	0	0	0	0	0	0	0	0	0	0	0	0	0	0	0	0	0	0	0	0	0	0	0	0	0	1
#	10007	1	436	8	182	0	0	GOODS55	1	GOODS54	1	0	0	0	0	0	0	0	0	0	0	0	0	0	0	0	0	0	0	0	0	0	0	0	0	0	0	0	0	0	0	0	0	0	0	0	0	0	0	0	0	0	0	0	0	0	0	0	0	0	0	0	0	0	0
#	10008	1	436	8	182	0	0	GOODS64	1	GOODS63	1	0	0	0	0	0	0	0	0	0	0	0	0	0	0	0	0	0	0	0	0	0	0	0	0	0	0	0	0	0	0	0	0	0	0	0	0	0	0	0	0	0	0	0	0	0	0	0	0	0	0	0	0	0	0
#	10009	1	449	8	189	0	0	ZBSP17	5	ZBSX01	3	0	0	30	0	502	5000	ZBSP17	1	3200	ZBSX01	1	6000	FBSGS001	1	2000	0	0	0	0	0	0	0	0	0	0	0	0	0	0	0	0	0	0	0	0	0	0	0	0	0	0	0	0	0	0	30	10000	0	0	0	0	0	0	2
#	10010	1	462	8	196	0	0	ZBSP16	5	ZBSX01	3	FBSGS001	1	30	0	502	5000	ZBSP16	1	3200	ZBSX01	1	6000	FBSGS001	1	2000	0	0	0	0	0	0	0	0	0	0	0	0	0	0	0	0	0	0	0	0	0	0	0	0	0	0	0	0	0	0	30	10000	0	0	0	0	0	0	2_4
#	11001	1	462	8	196	0	0	GOODS185	2	GOODS184	2	0	0	0	0	0	0	0	0	0	0	0	0	0	0	0	0	0	0	0	0	0	0	0	0	0	0	0	0	0	0	0	0	0	0	0	0	0	0	0	0	0	0	0	0	0	0	0	0	0	0	0	0	0	0
#	11002	1	462	8	196	0	0	GOODS194	2	GOODS193	2	0	0	0	0	0	0	0	0	0	0	0	0	0	0	0	0	0	0	0	0	0	0	0	0	0	0	0	0	0	0	0	0	0	0	0	0	0	0	0	0	0	0	0	0	0	0	0	0	0	0	0	0	0	0
#	11003	1	475	8	203	0	0	GOODS191	2	GOODS190	2	0	0	0	0	503	5000	GOODS185	1	4000	GOODS194	1	4000	GOODS191	1	4000	0	0	0	0	0	0	0	0	0	0	0	0	0	0	0	0	0	0	0	0	0	0	0	0	0	0	0	0	0	0	0	0	0	0	0	0	0	0	1
#	11004	1	475	8	203	0	0	GOODS185	2	GOODS184	2	0	0	0	0	0	0	0	0	0	0	0	0	0	0	0	0	0	0	0	0	0	0	0	0	0	0	0	0	0	0	0	0	0	0	0	0	0	0	0	0	0	0	0	0	0	0	0	0	0	0	0	0	0	0
#	11005	1	475	8	203	0	0	GOODS194	2	GOODS193	2	0	0	0	0	0	0	0	0	0	0	0	0	0	0	0	0	0	0	0	0	0	0	0	0	0	0	0	0	0	0	0	0	0	0	0	0	0	0	0	0	0	0	0	0	0	0	0	0	0	0	0	0	0	0
#	11006	1	488	8	211	0	0	GOODS191	2	GOODS190	2	0	0	0	0	503	5000	GOODS184	1	4000	GOODS193	1	4000	GOODS190	1	4000	0	0	0	0	0	0	0	0	0	0	0	0	0	0	0	0	0	0	0	0	0	0	0	0	0	0	0	0	0	0	0	0	0	0	0	0	0	0	1
#	11007	1	488	8	211	0	0	GOODS185	2	GOODS184	2	0	0	0	0	0	0	0	0	0	0	0	0	0	0	0	0	0	0	0	0	0	0	0	0	0	0	0	0	0	0	0	0	0	0	0	0	0	0	0	0	0	0	0	0	0	0	0	0	0	0	0	0	0	0
#	11008	1	488	8	211	0	0	GOODS194	2	GOODS193	2	0	0	0	0	0	0	0	0	0	0	0	0	0	0	0	0	0	0	0	0	0	0	0	0	0	0	0	0	0	0	0	0	0	0	0	0	0	0	0	0	0	0	0	0	0	0	0	0	0	0	0	0	0	0
#	11009	1	500	8	218	0	0	ZBSP18	5	ZBSX01	3	0	0	30	0	503	5000	ZBSP18	1	3200	ZBSX01	1	6000	FBSGS002	1	1000	0	0	0	0	0	0	0	0	0	0	0	0	0	0	0	0	0	0	0	0	0	0	0	0	0	0	0	0	0	0	30	10000	0	0	0	0	0	0	2
#	11010	1	500	8	218	0	0	ZBSP19	5	ZBSX01	3	FBSGS001	1	30	0	503	5000	ZBSP19	1	3200	ZBSX01	1	6000	FBSGS002	1	1000	0	0	0	0	0	0	0	0	0	0	0	0	0	0	0	0	0	0	0	0	0	0	0	0	0	0	0	0	0	0	30	10000	0	0	0	0	0	0	2_4
#	12001	1	500	8	218	0	0	GOODS191	2	GOODS190	2	0	0	0	0	0	0	0	0	0	0	0	0	0	0	0	0	0	0	0	0	0	0	0	0	0	0	0	0	0	0	0	0	0	0	0	0	0	0	0	0	0	0	0	0	0	0	0	0	0	0	0	0	0	0
#	12002	1	500	8	218	0	0	GOODS185	2	GOODS184	2	0	0	0	0	0	0	0	0	0	0	0	0	0	0	0	0	0	0	0	0	0	0	0	0	0	0	0	0	0	0	0	0	0	0	0	0	0	0	0	0	0	0	0	0	0	0	0	0	0	0	0	0	0	0
#	12003	1	513	8	225	0	0	GOODS194	2	GOODS193	2	0	0	0	0	503	5000	GOODS185	1	4000	GOODS194	1	4000	GOODS191	1	4000	0	0	0	0	0	0	0	0	0	0	0	0	0	0	0	0	0	0	0	0	0	0	0	0	0	0	0	0	0	0	0	0	0	0	0	0	0	0	1
#	12004	1	513	8	225	0	0	GOODS191	2	GOODS190	2	0	0	0	0	0	0	0	0	0	0	0	0	0	0	0	0	0	0	0	0	0	0	0	0	0	0	0	0	0	0	0	0	0	0	0	0	0	0	0	0	0	0	0	0	0	0	0	0	0	0	0	0	0	0
#	12005	1	513	8	225	0	0	GOODS185	2	GOODS184	2	0	0	0	0	0	0	0	0	0	0	0	0	0	0	0	0	0	0	0	0	0	0	0	0	0	0	0	0	0	0	0	0	0	0	0	0	0	0	0	0	0	0	0	0	0	0	0	0	0	0	0	0	0	0
#	12006	1	526	8	233	0	0	GOODS194	2	GOODS193	2	0	0	0	0	503	5000	GOODS184	1	4000	GOODS193	1	4000	GOODS190	1	4000	0	0	0	0	0	0	0	0	0	0	0	0	0	0	0	0	0	0	0	0	0	0	0	0	0	0	0	0	0	0	0	0	0	0	0	0	0	0	1
#	12007	1	526	8	233	0	0	GOODS191	2	GOODS190	2	0	0	0	0	0	0	0	0	0	0	0	0	0	0	0	0	0	0	0	0	0	0	0	0	0	0	0	0	0	0	0	0	0	0	0	0	0	0	0	0	0	0	0	0	0	0	0	0	0	0	0	0	0	0
#	12008	1	526	8	233	0	0	GOODS185	2	GOODS184	2	0	0	0	0	0	0	0	0	0	0	0	0	0	0	0	0	0	0	0	0	0	0	0	0	0	0	0	0	0	0	0	0	0	0	0	0	0	0	0	0	0	0	0	0	0	0	0	0	0	0	0	0	0	0
#	12009	1	538	8	240	0	0	ZBSP20	5	ZBSX01	3	0	0	30	0	503	5000	ZBSP20	1	3200	ZBSX01	1	6000	FBSGS002	1	1000	0	0	0	0	0	0	0	0	0	0	0	0	0	0	0	0	0	0	0	0	0	0	0	0	0	0	0	0	0	0	30	10000	0	0	0	0	0	0	2
#	12010	1	538	8	240	0	0	ZBSP12	5	ZBSX01	3	FBSGS001	1	30	0	503	5000	ZBSP12	1	3200	ZBSX01	1	6000	FBSGS002	1	1000	0	0	0	0	0	0	0	0	0	0	0	0	0	0	0	0	0	0	0	0	0	0	0	0	0	0	0	0	0	0	30	10000	0	0	0	0	0	0	2_4
#	13001	1	538	8	240	0	0	GOODS194	2	GOODS193	2	0	0	0	0	0	0	0	0	0	0	0	0	0	0	0	0	0	0	0	0	0	0	0	0	0	0	0	0	0	0	0	0	0	0	0	0	0	0	0	0	0	0	0	0	0	0	0	0	0	0	0	0	0	0
#	13002	1	538	8	240	0	0	GOODS191	2	GOODS190	2	0	0	0	0	0	0	0	0	0	0	0	0	0	0	0	0	0	0	0	0	0	0	0	0	0	0	0	0	0	0	0	0	0	0	0	0	0	0	0	0	0	0	0	0	0	0	0	0	0	0	0	0	0	0
#	13003	1	551	8	248	0	0	GOODS185	2	GOODS184	2	0	0	0	0	503	5000	GOODS185	1	4000	GOODS194	1	4000	GOODS191	1	4000	0	0	0	0	0	0	0	0	0	0	0	0	0	0	0	0	0	0	0	0	0	0	0	0	0	0	0	0	0	0	0	0	0	0	0	0	0	0	1
#	13004	1	551	8	248	0	0	GOODS194	2	GOODS193	2	0	0	0	0	0	0	0	0	0	0	0	0	0	0	0	0	0	0	0	0	0	0	0	0	0	0	0	0	0	0	0	0	0	0	0	0	0	0	0	0	0	0	0	0	0	0	0	0	0	0	0	0	0	0
#	13005	1	551	8	248	0	0	GOODS191	2	GOODS190	2	0	0	0	0	0	0	0	0	0	0	0	0	0	0	0	0	0	0	0	0	0	0	0	0	0	0	0	0	0	0	0	0	0	0	0	0	0	0	0	0	0	0	0	0	0	0	0	0	0	0	0	0	0	0
#	13006	1	563	8	256	0	0	GOODS185	2	GOODS184	2	0	0	0	0	503	5000	GOODS184	1	4000	GOODS193	1	4000	GOODS190	1	4000	0	0	0	0	0	0	0	0	0	0	0	0	0	0	0	0	0	0	0	0	0	0	0	0	0	0	0	0	0	0	0	0	0	0	0	0	0	0	1
#	13007	1	563	8	256	0	0	GOODS194	2	GOODS193	2	0	0	0	0	0	0	0	0	0	0	0	0	0	0	0	0	0	0	0	0	0	0	0	0	0	0	0	0	0	0	0	0	0	0	0	0	0	0	0	0	0	0	0	0	0	0	0	0	0	0	0	0	0	0
#	13008	1	563	8	256	0	0	GOODS191	2	GOODS190	2	0	0	0	0	0	0	0	0	0	0	0	0	0	0	0	0	0	0	0	0	0	0	0	0	0	0	0	0	0	0	0	0	0	0	0	0	0	0	0	0	0	0	0	0	0	0	0	0	0	0	0	0	0	0
#	13009	1	576	8	264	0	0	ZBSP15	5	ZBSX01	3	0	0	30	0	503	5000	ZBSP15	1	3200	ZBSX01	1	6000	FBSGS002	1	1000	0	0	0	0	0	0	0	0	0	0	0	0	0	0	0	0	0	0	0	0	0	0	0	0	0	0	0	0	0	0	30	10000	0	0	0	0	0	0	2
#	13010	1	588	8	271	0	0	ZBSP13	5	ZBSX01	3	FBSGS001	1	30	0	503	5000	ZBSP13	1	3200	ZBSX01	1	6000	FBSGS002	1	1000	0	0	0	0	0	0	0	0	0	0	0	0	0	0	0	0	0	0	0	0	0	0	0	0	0	0	0	0	0	0	30	10000	0	0	0	0	0	0	2_4
#	14001	1	588	8	271	0	0	GOODS197	3	GOODS196	3	0	0	0	0	0	0	0	0	0	0	0	0	0	0	0	0	0	0	0	0	0	0	0	0	0	0	0	0	0	0	0	0	0	0	0	0	0	0	0	0	0	0	0	0	0	0	0	0	0	0	0	0	0	0
#	14002	1	588	8	271	0	0	GOODS206	3	GOODS205	3	0	0	0	0	0	0	0	0	0	0	0	0	0	0	0	0	0	0	0	0	0	0	0	0	0	0	0	0	0	0	0	0	0	0	0	0	0	0	0	0	0	0	0	0	0	0	0	0	0	0	0	0	0	0
#	14003	1	601	8	279	0	0	GOODS203	3	GOODS202	3	0	0	0	0	504	5000	GOODS197	1	3000	GOODS206	1	3000	GOODS203	1	3000	0	0	0	0	0	0	0	0	0	0	0	0	0	0	0	0	0	0	0	0	0	0	0	0	0	0	0	0	0	0	0	0	0	0	0	0	0	0	1
#	14004	1	601	8	279	0	0	GOODS197	3	GOODS196	3	0	0	0	0	0	0	0	0	0	0	0	0	0	0	0	0	0	0	0	0	0	0	0	0	0	0	0	0	0	0	0	0	0	0	0	0	0	0	0	0	0	0	0	0	0	0	0	0	0	0	0	0	0	0
#	14005	1	601	8	279	0	0	GOODS206	3	GOODS205	3	0	0	0	0	0	0	0	0	0	0	0	0	0	0	0	0	0	0	0	0	0	0	0	0	0	0	0	0	0	0	0	0	0	0	0	0	0	0	0	0	0	0	0	0	0	0	0	0	0	0	0	0	0	0
#	14006	1	613	8	287	0	0	GOODS203	3	GOODS202	3	0	0	0	0	504	5000	GOODS196	1	3000	GOODS205	1	3000	GOODS202	1	3000	0	0	0	0	0	0	0	0	0	0	0	0	0	0	0	0	0	0	0	0	0	0	0	0	0	0	0	0	0	0	0	0	0	0	0	0	0	0	1
#	14007	1	613	8	287	0	0	GOODS197	3	GOODS196	3	0	0	0	0	0	0	0	0	0	0	0	0	0	0	0	0	0	0	0	0	0	0	0	0	0	0	0	0	0	0	0	0	0	0	0	0	0	0	0	0	0	0	0	0	0	0	0	0	0	0	0	0	0	0
#	14008	1	613	8	287	0	0	GOODS206	3	GOODS205	3	0	0	0	0	0	0	0	0	0	0	0	0	0	0	0	0	0	0	0	0	0	0	0	0	0	0	0	0	0	0	0	0	0	0	0	0	0	0	0	0	0	0	0	0	0	0	0	0	0	0	0	0	0	0
#	14009	1	625	8	295	0	0	ZBSP14	5	ZBSX01	3	0	0	30	0	504	5000	ZBSP14	1	3200	ZBSX01	1	6000	FBSGS002	1	1000	0	0	0	0	0	0	0	0	0	0	0	0	0	0	0	0	0	0	0	0	0	0	0	0	0	0	0	0	0	0	30	10000	0	0	0	0	0	0	2
#	14010	1	625	8	295	0	0	ZBSP17	5	ZBSX02	2	FBSGS002	1	30	0	504	5000	ZBSP17	1	3200	ZBSX01	1	6000	FBSGS002	1	1000	0	0	0	0	0	0	0	0	0	0	0	0	0	0	0	0	0	0	0	0	0	0	0	0	0	0	0	0	0	0	30	10000	0	0	0	0	0	0	2_4
#	15001	1	625	8	295	0	0	GOODS203	3	GOODS202	3	0	0	0	0	0	0	0	0	0	0	0	0	0	0	0	0	0	0	0	0	0	0	0	0	0	0	0	0	0	0	0	0	0	0	0	0	0	0	0	0	0	0	0	0	0	0	0	0	0	0	0	0	0	0
#	15002	1	625	8	295	0	0	GOODS197	3	GOODS196	3	0	0	0	0	0	0	0	0	0	0	0	0	0	0	0	0	0	0	0	0	0	0	0	0	0	0	0	0	0	0	0	0	0	0	0	0	0	0	0	0	0	0	0	0	0	0	0	0	0	0	0	0	0	0
#	15003	1	638	8	303	0	0	GOODS206	3	GOODS205	3	0	0	0	0	504	5000	GOODS197	1	3000	GOODS206	1	3000	GOODS203	1	3000	0	0	0	0	0	0	0	0	0	0	0	0	0	0	0	0	0	0	0	0	0	0	0	0	0	0	0	0	0	0	0	0	0	0	0	0	0	0	1
#	15004	1	638	8	303	0	0	GOODS203	3	GOODS202	3	0	0	0	0	0	0	0	0	0	0	0	0	0	0	0	0	0	0	0	0	0	0	0	0	0	0	0	0	0	0	0	0	0	0	0	0	0	0	0	0	0	0	0	0	0	0	0	0	0	0	0	0	0	0
#	15005	1	638	8	303	0	0	GOODS197	3	GOODS196	3	0	0	0	0	0	0	0	0	0	0	0	0	0	0	0	0	0	0	0	0	0	0	0	0	0	0	0	0	0	0	0	0	0	0	0	0	0	0	0	0	0	0	0	0	0	0	0	0	0	0	0	0	0	0
#	15006	1	650	8	311	0	0	GOODS206	3	GOODS205	3	0	0	0	0	504	5000	GOODS196	1	3000	GOODS205	1	3000	GOODS202	1	3000	0	0	0	0	0	0	0	0	0	0	0	0	0	0	0	0	0	0	0	0	0	0	0	0	0	0	0	0	0	0	0	0	0	0	0	0	0	0	1
#	15007	1	650	8	311	0	0	GOODS203	3	GOODS202	3	0	0	0	0	0	0	0	0	0	0	0	0	0	0	0	0	0	0	0	0	0	0	0	0	0	0	0	0	0	0	0	0	0	0	0	0	0	0	0	0	0	0	0	0	0	0	0	0	0	0	0	0	0	0
#	15008	1	650	8	311	0	0	GOODS197	3	GOODS196	3	0	0	0	0	0	0	0	0	0	0	0	0	0	0	0	0	0	0	0	0	0	0	0	0	0	0	0	0	0	0	0	0	0	0	0	0	0	0	0	0	0	0	0	0	0	0	0	0	0	0	0	0	0	0
#	15009	1	662	8	320	0	0	ZBSP16	5	ZBSX01	3	0	0	30	0	504	5000	ZBSP16	1	3200	ZBSX01	1	6000	FBSGS002	1	1000	0	0	0	0	0	0	0	0	0	0	0	0	0	0	0	0	0	0	0	0	0	0	0	0	0	0	0	0	0	0	30	10000	0	0	0	0	0	0	2
#	15010	1	662	8	320	0	0	ZBSP18	5	ZBSX02	2	FBSGS002	1	30	0	504	5000	ZBSP18	1	3200	ZBSX01	1	6000	FBSGS002	1	1000	0	0	0	0	0	0	0	0	0	0	0	0	0	0	0	0	0	0	0	0	0	0	0	0	0	0	0	0	0	0	30	10000	0	0	0	0	0	0	2_4
#	16001	1	662	8	320	0	0	GOODS206	3	GOODS205	3	0	0	0	0	0	0	0	0	0	0	0	0	0	0	0	0	0	0	0	0	0	0	0	0	0	0	0	0	0	0	0	0	0	0	0	0	0	0	0	0	0	0	0	0	0	0	0	0	0	0	0	0	0	0
#	16002	1	662	8	320	0	0	GOODS203	3	GOODS202	3	0	0	0	0	0	0	0	0	0	0	0	0	0	0	0	0	0	0	0	0	0	0	0	0	0	0	0	0	0	0	0	0	0	0	0	0	0	0	0	0	0	0	0	0	0	0	0	0	0	0	0	0	0	0
#	16003	1	675	8	328	0	0	GOODS197	3	GOODS196	3	0	0	0	0	504	5000	GOODS197	1	3000	GOODS206	1	3000	GOODS203	1	3000	0	0	0	0	0	0	0	0	0	0	0	0	0	0	0	0	0	0	0	0	0	0	0	0	0	0	0	0	0	0	0	0	0	0	0	0	0	0	1
#	16004	1	675	8	328	0	0	GOODS206	3	GOODS205	3	0	0	0	0	0	0	0	0	0	0	0	0	0	0	0	0	0	0	0	0	0	0	0	0	0	0	0	0	0	0	0	0	0	0	0	0	0	0	0	0	0	0	0	0	0	0	0	0	0	0	0	0	0	0
#	16005	1	675	8	328	0	0	GOODS203	3	GOODS202	3	0	0	0	0	0	0	0	0	0	0	0	0	0	0	0	0	0	0	0	0	0	0	0	0	0	0	0	0	0	0	0	0	0	0	0	0	0	0	0	0	0	0	0	0	0	0	0	0	0	0	0	0	0	0
#	16006	1	687	8	336	0	0	GOODS197	3	GOODS196	3	0	0	0	0	504	5000	GOODS196	1	3000	GOODS205	1	3000	GOODS202	1	3000	0	0	0	0	0	0	0	0	0	0	0	0	0	0	0	0	0	0	0	0	0	0	0	0	0	0	0	0	0	0	0	0	0	0	0	0	0	0	1
#	16007	1	687	8	336	0	0	GOODS206	3	GOODS205	3	0	0	0	0	0	0	0	0	0	0	0	0	0	0	0	0	0	0	0	0	0	0	0	0	0	0	0	0	0	0	0	0	0	0	0	0	0	0	0	0	0	0	0	0	0	0	0	0	0	0	0	0	0	0
#	16008	1	687	8	336	0	0	GOODS203	3	GOODS202	3	0	0	0	0	0	0	0	0	0	0	0	0	0	0	0	0	0	0	0	0	0	0	0	0	0	0	0	0	0	0	0	0	0	0	0	0	0	0	0	0	0	0	0	0	0	0	0	0	0	0	0	0	0	0
#	16009	1	699	8	344	0	0	ZBSP19	5	ZBSX01	3	0	0	30	0	504	5000	ZBSP19	1	3200	ZBSX01	1	6000	FBSGS002	1	1000	0	0	0	0	0	0	0	0	0	0	0	0	0	0	0	0	0	0	0	0	0	0	0	0	0	0	0	0	0	0	30	10000	0	0	0	0	0	0	2
#	16010	1	711	8	353	0	0	ZBSP20	5	ZBSX02	2	FBSGS002	1	30	0	504	5000	ZBSP20	1	3200	ZBSX02	1	1200	FBSGS002	1	1000	0	0	0	0	0	0	0	0	0	0	0	0	0	0	0	0	0	0	0	0	0	0	0	0	0	0	0	0	0	0	30	10000	0	0	0	0	0	0	2_4
#	17001	1	711	8	353	0	0	GOODS209	4	GOODS208	4	0	0	0	0	0	0	0	0	0	0	0	0	0	0	0	0	0	0	0	0	0	0	0	0	0	0	0	0	0	0	0	0	0	0	0	0	0	0	0	0	0	0	0	0	0	0	0	0	0	0	0	0	0	0
#	17002	1	711	8	353	0	0	GOODS218	4	GOODS217	4	0	0	0	0	0	0	0	0	0	0	0	0	0	0	0	0	0	0	0	0	0	0	0	0	0	0	0	0	0	0	0	0	0	0	0	0	0	0	0	0	0	0	0	0	0	0	0	0	0	0	0	0	0	0
#	17003	1	723	8	361	0	0	GOODS215	4	GOODS214	4	0	0	0	0	505	5000	GOODS209	1	3000	GOODS218	1	3000	GOODS215	1	3000	0	0	0	0	0	0	0	0	0	0	0	0	0	0	0	0	0	0	0	0	0	0	0	0	0	0	0	0	0	0	0	0	0	0	0	0	0	0	1
#	17004	1	723	8	361	0	0	GOODS209	4	GOODS208	4	0	0	0	0	0	0	0	0	0	0	0	0	0	0	0	0	0	0	0	0	0	0	0	0	0	0	0	0	0	0	0	0	0	0	0	0	0	0	0	0	0	0	0	0	0	0	0	0	0	0	0	0	0	0
#	17005	1	723	8	361	0	0	GOODS218	4	GOODS217	4	0	0	0	0	0	0	0	0	0	0	0	0	0	0	0	0	0	0	0	0	0	0	0	0	0	0	0	0	0	0	0	0	0	0	0	0	0	0	0	0	0	0	0	0	0	0	0	0	0	0	0	0	0	0
#	17006	1	736	8	370	0	0	GOODS215	4	GOODS214	4	0	0	0	0	505	5000	GOODS208	1	3000	GOODS217	1	3000	GOODS214	1	3000	0	0	0	0	0	0	0	0	0	0	0	0	0	0	0	0	0	0	0	0	0	0	0	0	0	0	0	0	0	0	0	0	0	0	0	0	0	0	1
#	17007	1	736	8	370	0	0	GOODS209	4	GOODS208	4	0	0	0	0	0	0	0	0	0	0	0	0	0	0	0	0	0	0	0	0	0	0	0	0	0	0	0	0	0	0	0	0	0	0	0	0	0	0	0	0	0	0	0	0	0	0	0	0	0	0	0	0	0	0
#	17008	1	736	8	370	0	0	GOODS218	4	GOODS217	4	0	0	0	0	0	0	0	0	0	0	0	0	0	0	0	0	0	0	0	0	0	0	0	0	0	0	0	0	0	0	0	0	0	0	0	0	0	0	0	0	0	0	0	0	0	0	0	0	0	0	0	0	0	0
#	17009	1	748	8	378	0	0	ZBSP12	5	ZBSX01	3	0	0	30	0	505	5000	ZBSP12	1	3200	ZBSX01	1	6000	FBSGS003	1	500	0	0	0	0	0	0	0	0	0	0	0	0	0	0	0	0	0	0	0	0	0	0	0	0	0	0	0	0	0	0	30	10000	0	0	0	0	0	0	2
#	17010	1	748	8	378	0	0	ZBSP15	5	ZBSX02	2	FBSGS002	1	30	0	505	5000	ZBSP15	1	3200	ZBSX02	1	1200	FBSGS003	1	500	0	0	0	0	0	0	0	0	0	0	0	0	0	0	0	0	0	0	0	0	0	0	0	0	0	0	0	0	0	0	30	10000	0	0	0	0	0	0	2_4
#	18001	1	748	8	378	0	0	GOODS215	4	GOODS214	4	0	0	0	0	0	0	0	0	0	0	0	0	0	0	0	0	0	0	0	0	0	0	0	0	0	0	0	0	0	0	0	0	0	0	0	0	0	0	0	0	0	0	0	0	0	0	0	0	0	0	0	0	0	0
#	18002	1	748	8	378	0	0	GOODS209	4	GOODS208	4	0	0	0	0	0	0	0	0	0	0	0	0	0	0	0	0	0	0	0	0	0	0	0	0	0	0	0	0	0	0	0	0	0	0	0	0	0	0	0	0	0	0	0	0	0	0	0	0	0	0	0	0	0	0
#	18003	1	760	8	387	0	0	GOODS218	4	GOODS217	4	0	0	0	0	505	5000	GOODS209	1	3000	GOODS218	1	3000	GOODS215	1	3000	0	0	0	0	0	0	0	0	0	0	0	0	0	0	0	0	0	0	0	0	0	0	0	0	0	0	0	0	0	0	0	0	0	0	0	0	0	0	1
#	18004	1	760	8	387	0	0	GOODS215	4	GOODS214	4	0	0	0	0	0	0	0	0	0	0	0	0	0	0	0	0	0	0	0	0	0	0	0	0	0	0	0	0	0	0	0	0	0	0	0	0	0	0	0	0	0	0	0	0	0	0	0	0	0	0	0	0	0	0
#	18005	1	760	8	387	0	0	GOODS209	4	GOODS208	4	0	0	0	0	0	0	0	0	0	0	0	0	0	0	0	0	0	0	0	0	0	0	0	0	0	0	0	0	0	0	0	0	0	0	0	0	0	0	0	0	0	0	0	0	0	0	0	0	0	0	0	0	0	0
#	18006	1	772	8	396	0	0	GOODS218	4	GOODS217	4	0	0	0	0	505	5000	GOODS208	1	3000	GOODS217	1	3000	GOODS214	1	3000	0	0	0	0	0	0	0	0	0	0	0	0	0	0	0	0	0	0	0	0	0	0	0	0	0	0	0	0	0	0	0	0	0	0	0	0	0	0	1
#	18007	1	772	8	396	0	0	GOODS215	4	GOODS214	4	0	0	0	0	0	0	0	0	0	0	0	0	0	0	0	0	0	0	0	0	0	0	0	0	0	0	0	0	0	0	0	0	0	0	0	0	0	0	0	0	0	0	0	0	0	0	0	0	0	0	0	0	0	0
#	18008	1	772	8	396	0	0	GOODS209	4	GOODS208	4	0	0	0	0	0	0	0	0	0	0	0	0	0	0	0	0	0	0	0	0	0	0	0	0	0	0	0	0	0	0	0	0	0	0	0	0	0	0	0	0	0	0	0	0	0	0	0	0	0	0	0	0	0	0
#	18009	1	784	8	404	0	0	ZBSP13	5	ZBSX01	3	0	0	30	0	505	5000	ZBSP13	1	3200	ZBSX01	1	6000	FBSGS003	1	500	0	0	0	0	0	0	0	0	0	0	0	0	0	0	0	0	0	0	0	0	0	0	0	0	0	0	0	0	0	0	30	10000	0	0	0	0	0	0	2
#	18010	1	784	8	404	0	0	ZBSP14	5	ZBSX02	2	FBSGS002	1	30	0	505	5000	ZBSP14	1	3200	ZBSX02	1	1200	FBSGS003	1	500	0	0	0	0	0	0	0	0	0	0	0	0	0	0	0	0	0	0	0	0	0	0	0	0	0	0	0	0	0	0	30	10000	0	0	0	0	0	0	2_4
#	19001	1	784	8	404	0	0	GOODS218	4	GOODS217	4	0	0	0	0	0	0	0	0	0	0	0	0	0	0	0	0	0	0	0	0	0	0	0	0	0	0	0	0	0	0	0	0	0	0	0	0	0	0	0	0	0	0	0	0	0	0	0	0	0	0	0	0	0	0
#	19002	1	784	8	404	0	0	GOODS215	4	GOODS214	4	0	0	0	0	0	0	0	0	0	0	0	0	0	0	0	0	0	0	0	0	0	0	0	0	0	0	0	0	0	0	0	0	0	0	0	0	0	0	0	0	0	0	0	0	0	0	0	0	0	0	0	0	0	0
#	19003	1	796	8	413	0	0	GOODS209	4	GOODS208	4	0	0	0	0	505	5000	GOODS209	1	3000	GOODS218	1	3000	GOODS215	1	3000	0	0	0	0	0	0	0	0	0	0	0	0	0	0	0	0	0	0	0	0	0	0	0	0	0	0	0	0	0	0	0	0	0	0	0	0	0	0	1
#	19004	1	796	8	413	0	0	GOODS218	4	GOODS217	4	0	0	0	0	0	0	0	0	0	0	0	0	0	0	0	0	0	0	0	0	0	0	0	0	0	0	0	0	0	0	0	0	0	0	0	0	0	0	0	0	0	0	0	0	0	0	0	0	0	0	0	0	0	0
#	19005	1	796	8	413	0	0	GOODS215	4	GOODS214	4	0	0	0	0	0	0	0	0	0	0	0	0	0	0	0	0	0	0	0	0	0	0	0	0	0	0	0	0	0	0	0	0	0	0	0	0	0	0	0	0	0	0	0	0	0	0	0	0	0	0	0	0	0	0
#	19006	1	808	8	422	0	0	GOODS209	4	GOODS208	4	0	0	0	0	505	5000	GOODS208	1	3000	GOODS217	1	3000	GOODS214	1	3000	0	0	0	0	0	0	0	0	0	0	0	0	0	0	0	0	0	0	0	0	0	0	0	0	0	0	0	0	0	0	0	0	0	0	0	0	0	0	1
#	19007	1	808	8	422	0	0	GOODS218	4	GOODS217	4	0	0	0	0	0	0	0	0	0	0	0	0	0	0	0	0	0	0	0	0	0	0	0	0	0	0	0	0	0	0	0	0	0	0	0	0	0	0	0	0	0	0	0	0	0	0	0	0	0	0	0	0	0	0
#	19008	1	808	8	422	0	0	GOODS215	4	GOODS214	4	0	0	0	0	0	0	0	0	0	0	0	0	0	0	0	0	0	0	0	0	0	0	0	0	0	0	0	0	0	0	0	0	0	0	0	0	0	0	0	0	0	0	0	0	0	0	0	0	0	0	0	0	0	0
#	19009	1	820	8	430	0	0	ZBSP17	5	ZBSX01	3	0	0	30	0	505	5000	ZBSP17	1	3200	ZBSX01	1	6000	FBSGS003	1	500	0	0	0	0	0	0	0	0	0	0	0	0	0	0	0	0	0	0	0	0	0	0	0	0	0	0	0	0	0	0	30	10000	0	0	0	0	0	0	2
#	19010	1	832	8	439	0	0	ZBSP16	5	ZBSX02	2	FBSGS002	1	30	0	505	5000	ZBSP16	1	3200	ZBSX02	1	1200	FBSGS003	1	500	0	0	0	0	0	0	0	0	0	0	0	0	0	0	0	0	0	0	0	0	0	0	0	0	0	0	0	0	0	0	30	10000	0	0	0	0	0	0	2_4
#	20001	1	832	8	439	0	0	GOODS221	5	GOODS220	5	0	0	0	0	0	0	0	0	0	0	0	0	0	0	0	0	0	0	0	0	0	0	0	0	0	0	0	0	0	0	0	0	0	0	0	0	0	0	0	0	0	0	0	0	0	0	0	0	0	0	0	0	0	0
#	20002	1	832	8	439	0	0	GOODS230	5	GOODS229	5	0	0	0	0	0	0	0	0	0	0	0	0	0	0	0	0	0	0	0	0	0	0	0	0	0	0	0	0	0	0	0	0	0	0	0	0	0	0	0	0	0	0	0	0	0	0	0	0	0	0	0	0	0	0
#	20003	1	844	8	448	0	0	GOODS227	5	GOODS226	5	0	0	0	0	506	5000	GOODS221	1	3000	GOODS230	1	3000	GOODS227	1	3000	0	0	0	0	0	0	0	0	0	0	0	0	0	0	0	0	0	0	0	0	0	0	0	0	0	0	0	0	0	0	0	0	0	0	0	0	0	0	1
#	20004	1	844	8	448	0	0	GOODS221	5	GOODS220	5	0	0	0	0	0	0	0	0	0	0	0	0	0	0	0	0	0	0	0	0	0	0	0	0	0	0	0	0	0	0	0	0	0	0	0	0	0	0	0	0	0	0	0	0	0	0	0	0	0	0	0	0	0	0
#	20005	1	844	8	448	0	0	GOODS230	5	GOODS229	5	0	0	0	0	0	0	0	0	0	0	0	0	0	0	0	0	0	0	0	0	0	0	0	0	0	0	0	0	0	0	0	0	0	0	0	0	0	0	0	0	0	0	0	0	0	0	0	0	0	0	0	0	0	0
#	20006	1	856	8	457	0	0	GOODS227	5	GOODS226	5	0	0	0	0	506	5000	GOODS220	1	3000	GOODS229	1	3000	GOODS226	1	3000	0	0	0	0	0	0	0	0	0	0	0	0	0	0	0	0	0	0	0	0	0	0	0	0	0	0	0	0	0	0	0	0	0	0	0	0	0	0	1
#	20007	1	856	8	457	0	0	GOODS221	5	GOODS220	5	0	0	0	0	0	0	0	0	0	0	0	0	0	0	0	0	0	0	0	0	0	0	0	0	0	0	0	0	0	0	0	0	0	0	0	0	0	0	0	0	0	0	0	0	0	0	0	0	0	0	0	0	0	0
#	20008	1	856	8	457	0	0	GOODS230	5	GOODS229	5	0	0	0	0	0	0	0	0	0	0	0	0	0	0	0	0	0	0	0	0	0	0	0	0	0	0	0	0	0	0	0	0	0	0	0	0	0	0	0	0	0	0	0	0	0	0	0	0	0	0	0	0	0	0
#	20009	1	868	8	466	0	0	ZBSP18	5	ZBSX01	3	0	0	30	0	506	5000	ZBSP18	1	3200	ZBSX01	1	6000	FBSGS003	1	500	0	0	0	0	0	0	0	0	0	0	0	0	0	0	0	0	0	0	0	0	0	0	0	0	0	0	0	0	0	0	30	10000	0	0	0	0	0	0	2
#	20010	1	868	8	466	0	0	ZBSP19	5	ZBSX02	2	FBSGS003	1	30	0	506	5000	ZBSP19	1	3200	ZBSX02	1	1200	FBSGS003	1	500	0	0	0	0	0	0	0	0	0	0	0	0	0	0	0	0	0	0	0	0	0	0	0	0	0	0	0	0	0	0	30	10000	0	0	0	0	0	0	2_4
#	21001	1	868	8	466	0	0	GOODS227	5	GOODS226	5	0	0	0	0	0	0	0	0	0	0	0	0	0	0	0	0	0	0	0	0	0	0	0	0	0	0	0	0	0	0	0	0	0	0	0	0	0	0	0	0	0	0	0	0	0	0	0	0	0	0	0	0	0	0
#	21002	1	868	8	466	0	0	GOODS221	5	GOODS220	5	0	0	0	0	0	0	0	0	0	0	0	0	0	0	0	0	0	0	0	0	0	0	0	0	0	0	0	0	0	0	0	0	0	0	0	0	0	0	0	0	0	0	0	0	0	0	0	0	0	0	0	0	0	0
#	21003	1	879	8	475	0	0	GOODS230	5	GOODS229	5	0	0	0	0	506	5000	GOODS221	1	3000	GOODS230	1	3000	GOODS227	1	3000	0	0	0	0	0	0	0	0	0	0	0	0	0	0	0	0	0	0	0	0	0	0	0	0	0	0	0	0	0	0	0	0	0	0	0	0	0	0	1
#	21004	1	879	8	475	0	0	GOODS227	5	GOODS226	5	0	0	0	0	0	0	0	0	0	0	0	0	0	0	0	0	0	0	0	0	0	0	0	0	0	0	0	0	0	0	0	0	0	0	0	0	0	0	0	0	0	0	0	0	0	0	0	0	0	0	0	0	0	0
#	21005	1	879	8	475	0	0	GOODS221	5	GOODS220	5	0	0	0	0	0	0	0	0	0	0	0	0	0	0	0	0	0	0	0	0	0	0	0	0	0	0	0	0	0	0	0	0	0	0	0	0	0	0	0	0	0	0	0	0	0	0	0	0	0	0	0	0	0	0
#	21006	1	891	8	484	0	0	GOODS230	5	GOODS229	5	0	0	0	0	506	5000	GOODS220	1	3000	GOODS229	1	3000	GOODS226	1	3000	0	0	0	0	0	0	0	0	0	0	0	0	0	0	0	0	0	0	0	0	0	0	0	0	0	0	0	0	0	0	0	0	0	0	0	0	0	0	1
#	21007	1	891	8	484	0	0	GOODS227	5	GOODS226	5	0	0	0	0	0	0	0	0	0	0	0	0	0	0	0	0	0	0	0	0	0	0	0	0	0	0	0	0	0	0	0	0	0	0	0	0	0	0	0	0	0	0	0	0	0	0	0	0	0	0	0	0	0	0
#	21008	1	891	8	484	0	0	GOODS221	5	GOODS220	5	0	0	0	0	0	0	0	0	0	0	0	0	0	0	0	0	0	0	0	0	0	0	0	0	0	0	0	0	0	0	0	0	0	0	0	0	0	0	0	0	0	0	0	0	0	0	0	0	0	0	0	0	0	0
#	21009	1	903	8	493	0	0	ZBSP20	5	ZBSX01	3	0	0	30	0	506	5000	ZBSP20	1	3200	ZBSX01	1	6000	FBSGS003	1	500	0	0	0	0	0	0	0	0	0	0	0	0	0	0	0	0	0	0	0	0	0	0	0	0	0	0	0	0	0	0	30	10000	0	0	0	0	0	0	2
#	21010	1	903	8	493	0	0	ZBSP12	5	ZBSX02	2	FBSGS003	1	30	0	506	5000	ZBSP12	1	3200	ZBSX02	1	1200	FBSGS003	1	500	0	0	0	0	0	0	0	0	0	0	0	0	0	0	0	0	0	0	0	0	0	0	0	0	0	0	0	0	0	0	30	10000	0	0	0	0	0	0	2_4
#	22001	1	903	8	493	0	0	GOODS230	5	GOODS229	5	0	0	0	0	0	0	0	0	0	0	0	0	0	0	0	0	0	0	0	0	0	0	0	0	0	0	0	0	0	0	0	0	0	0	0	0	0	0	0	0	0	0	0	0	0	0	0	0	0	0	0	0	0	0
#	22002	1	903	8	493	0	0	GOODS227	5	GOODS226	5	0	0	0	0	0	0	0	0	0	0	0	0	0	0	0	0	0	0	0	0	0	0	0	0	0	0	0	0	0	0	0	0	0	0	0	0	0	0	0	0	0	0	0	0	0	0	0	0	0	0	0	0	0	0
#	22003	1	915	8	503	0	0	GOODS221	5	GOODS220	5	0	0	0	0	506	5000	GOODS221	1	3000	GOODS230	1	3000	GOODS227	1	3000	0	0	0	0	0	0	0	0	0	0	0	0	0	0	0	0	0	0	0	0	0	0	0	0	0	0	0	0	0	0	0	0	0	0	0	0	0	0	1
#	22004	1	915	8	503	0	0	GOODS230	5	GOODS229	5	0	0	0	0	0	0	0	0	0	0	0	0	0	0	0	0	0	0	0	0	0	0	0	0	0	0	0	0	0	0	0	0	0	0	0	0	0	0	0	0	0	0	0	0	0	0	0	0	0	0	0	0	0	0
#	22005	1	915	8	503	0	0	GOODS227	5	GOODS226	5	0	0	0	0	0	0	0	0	0	0	0	0	0	0	0	0	0	0	0	0	0	0	0	0	0	0	0	0	0	0	0	0	0	0	0	0	0	0	0	0	0	0	0	0	0	0	0	0	0	0	0	0	0	0
#	22006	1	927	8	512	0	0	GOODS221	5	GOODS220	5	0	0	0	0	506	5000	GOODS220	1	3000	GOODS229	1	3000	GOODS226	1	3000	0	0	0	0	0	0	0	0	0	0	0	0	0	0	0	0	0	0	0	0	0	0	0	0	0	0	0	0	0	0	0	0	0	0	0	0	0	0	1
#	22007	1	927	8	512	0	0	GOODS230	5	GOODS229	5	0	0	0	0	0	0	0	0	0	0	0	0	0	0	0	0	0	0	0	0	0	0	0	0	0	0	0	0	0	0	0	0	0	0	0	0	0	0	0	0	0	0	0	0	0	0	0	0	0	0	0	0	0	0
#	22008	1	927	8	512	0	0	GOODS227	5	GOODS226	5	0	0	0	0	0	0	0	0	0	0	0	0	0	0	0	0	0	0	0	0	0	0	0	0	0	0	0	0	0	0	0	0	0	0	0	0	0	0	0	0	0	0	0	0	0	0	0	0	0	0	0	0	0	0
#	22009	1	939	8	521	0	0	ZBSP15	5	ZBSX01	3	0	0	30	0	506	5000	ZBSP15	1	3200	ZBSX01	1	6000	FBSGS003	1	500	0	0	0	0	0	0	0	0	0	0	0	0	0	0	0	0	0	0	0	0	0	0	0	0	0	0	0	0	0	0	30	10000	0	0	0	0	0	0	2
#	22010	1	950	8	530	0	0	ZBSP13	5	ZBSX02	2	FBSGS003	1	30	0	506	5000	ZBSP13	1	3200	ZBSX02	1	1200	FBSGS003	1	500	0	0	0	0	0	0	0	0	0	0	0	0	0	0	0	0	0	0	0	0	0	0	0	0	0	0	0	0	0	0	30	10000	0	0	0	0	0	0	2_4
#	23001	1	950	8	530	0	0	GOODS233	6	GOODS232	6	0	0	0	0	0	0	0	0	0	0	0	0	0	0	0	0	0	0	0	0	0	0	0	0	0	0	0	0	0	0	0	0	0	0	0	0	0	0	0	0	0	0	0	0	0	0	0	0	0	0	0	0	0	0
#	23002	1	950	8	530	0	0	GOODS242	6	GOODS241	6	0	0	0	0	0	0	0	0	0	0	0	0	0	0	0	0	0	0	0	0	0	0	0	0	0	0	0	0	0	0	0	0	0	0	0	0	0	0	0	0	0	0	0	0	0	0	0	0	0	0	0	0	0	0
#	23003	1	950	8	530	0	0	GOODS239	6	GOODS238	6	0	0	0	0	507	5000	GOODS233	1	3000	GOODS242	1	3000	GOODS239	1	3000	0	0	0	0	0	0	0	0	0	0	0	0	0	0	0	0	0	0	0	0	0	0	0	0	0	0	0	0	0	0	0	0	0	0	0	0	0	0	1
#	23004	1	950	8	530	0	0	GOODS233	6	GOODS232	6	0	0	0	0	0	0	0	0	0	0	0	0	0	0	0	0	0	0	0	0	0	0	0	0	0	0	0	0	0	0	0	0	0	0	0	0	0	0	0	0	0	0	0	0	0	0	0	0	0	0	0	0	0	0
#	23005	1	950	8	530	0	0	GOODS242	6	GOODS241	6	0	0	0	0	0	0	0	0	0	0	0	0	0	0	0	0	0	0	0	0	0	0	0	0	0	0	0	0	0	0	0	0	0	0	0	0	0	0	0	0	0	0	0	0	0	0	0	0	0	0	0	0	0	0
#	23006	1	962	8	540	0	0	GOODS239	6	GOODS238	6	0	0	0	0	507	5000	GOODS232	1	3000	GOODS241	1	3000	GOODS238	1	3000	0	0	0	0	0	0	0	0	0	0	0	0	0	0	0	0	0	0	0	0	0	0	0	0	0	0	0	0	0	0	0	0	0	0	0	0	0	0	1
#	23007	1	962	8	540	0	0	GOODS233	6	GOODS232	6	0	0	0	0	0	0	0	0	0	0	0	0	0	0	0	0	0	0	0	0	0	0	0	0	0	0	0	0	0	0	0	0	0	0	0	0	0	0	0	0	0	0	0	0	0	0	0	0	0	0	0	0	0	0
#	23008	1	962	8	540	0	0	GOODS242	6	GOODS241	6	0	0	0	0	0	0	0	0	0	0	0	0	0	0	0	0	0	0	0	0	0	0	0	0	0	0	0	0	0	0	0	0	0	0	0	0	0	0	0	0	0	0	0	0	0	0	0	0	0	0	0	0	0	0
#	23009	1	962	8	540	0	0	ZBSP28	2	FBSGS003	2	ZBSX01	5	30	0	507	5000	ZBSP28	1	500	FBSGS003	1	1250	ZBSX01	1	6000	0	0	0	0	0	0	0	0	0	0	0	0	0	0	0	0	0	0	0	0	0	0	0	0	0	0	0	0	0	0	30	10000	0	0	0	0	0	0	2_4
#	23010	1	974	8	549	0	0	ZBSP37	2	ZBSP38	2	ZBSX02	3	30	0	507	5000	ZBSP37	1	500	ZBSP38	1	500	ZBSX02	1	1200	0	0	0	0	0	0	0	0	0	0	0	0	0	0	0	0	0	0	0	0	0	0	0	0	0	0	0	0	0	0	30	10000	0	0	0	0	0	0	2
#	24001	1	974	8	549	0	0	GOODS239	6	GOODS238	6	0	0	0	0	0	0	0	0	0	0	0	0	0	0	0	0	0	0	0	0	0	0	0	0	0	0	0	0	0	0	0	0	0	0	0	0	0	0	0	0	0	0	0	0	0	0	0	0	0	0	0	0	0	0
#	24002	1	974	8	549	0	0	GOODS233	6	GOODS232	6	0	0	0	0	0	0	0	0	0	0	0	0	0	0	0	0	0	0	0	0	0	0	0	0	0	0	0	0	0	0	0	0	0	0	0	0	0	0	0	0	0	0	0	0	0	0	0	0	0	0	0	0	0	0
#	24003	1	974	8	549	0	0	GOODS242	6	GOODS241	6	0	0	0	0	507	5000	GOODS233	1	3000	GOODS242	1	3000	GOODS239	1	3000	0	0	0	0	0	0	0	0	0	0	0	0	0	0	0	0	0	0	0	0	0	0	0	0	0	0	0	0	0	0	0	0	0	0	0	0	0	0	1
#	24004	1	974	8	549	0	0	GOODS239	6	GOODS238	6	0	0	0	0	0	0	0	0	0	0	0	0	0	0	0	0	0	0	0	0	0	0	0	0	0	0	0	0	0	0	0	0	0	0	0	0	0	0	0	0	0	0	0	0	0	0	0	0	0	0	0	0	0	0
#	24005	1	974	8	549	0	0	GOODS233	6	GOODS232	6	0	0	0	0	0	0	0	0	0	0	0	0	0	0	0	0	0	0	0	0	0	0	0	0	0	0	0	0	0	0	0	0	0	0	0	0	0	0	0	0	0	0	0	0	0	0	0	0	0	0	0	0	0	0
#	24006	1	986	8	558	0	0	GOODS242	6	GOODS241	6	0	0	0	0	507	5000	GOODS232	1	3000	GOODS241	1	3000	GOODS238	1	3000	0	0	0	0	0	0	0	0	0	0	0	0	0	0	0	0	0	0	0	0	0	0	0	0	0	0	0	0	0	0	0	0	0	0	0	0	0	0	1
#	24007	1	986	8	558	0	0	GOODS239	6	GOODS238	6	0	0	0	0	0	0	0	0	0	0	0	0	0	0	0	0	0	0	0	0	0	0	0	0	0	0	0	0	0	0	0	0	0	0	0	0	0	0	0	0	0	0	0	0	0	0	0	0	0	0	0	0	0	0
#	24008	1	986	8	558	0	0	GOODS233	6	GOODS232	6	0	0	0	0	0	0	0	0	0	0	0	0	0	0	0	0	0	0	0	0	0	0	0	0	0	0	0	0	0	0	0	0	0	0	0	0	0	0	0	0	0	0	0	0	0	0	0	0	0	0	0	0	0	0
#	24009	1	986	8	558	0	0	ZBSP42	2	FBSGS003	2	ZBSX01	5	30	0	507	5000	ZBSP42	1	500	FBSGS003	1	1250	ZBSX01	1	6000	0	0	0	0	0	0	0	0	0	0	0	0	0	0	0	0	0	0	0	0	0	0	0	0	0	0	0	0	0	0	30	10000	0	0	0	0	0	0	2_4
#	24010	1	997	8	568	0	0	ZBSP29	2	ZBSP33	2	ZBSX02	3	30	0	507	5000	ZBSP29	1	500	ZBSP33	1	500	ZBSX02	1	1200	0	0	0	0	0	0	0	0	0	0	0	0	0	0	0	0	0	0	0	0	0	0	0	0	0	0	0	0	0	0	30	10000	0	0	0	0	0	0	2
#	25001	1	997	8	568	0	0	GOODS242	6	GOODS241	6	0	0	0	0	0	0	0	0	0	0	0	0	0	0	0	0	0	0	0	0	0	0	0	0	0	0	0	0	0	0	0	0	0	0	0	0	0	0	0	0	0	0	0	0	0	0	0	0	0	0	0	0	0	0
#	25002	1	997	8	568	0	0	GOODS239	6	GOODS238	6	0	0	0	0	0	0	0	0	0	0	0	0	0	0	0	0	0	0	0	0	0	0	0	0	0	0	0	0	0	0	0	0	0	0	0	0	0	0	0	0	0	0	0	0	0	0	0	0	0	0	0	0	0	0
#	25003	1	997	8	568	0	0	GOODS233	6	GOODS232	6	0	0	0	0	507	5000	GOODS233	1	3000	GOODS242	1	3000	GOODS239	1	3000	0	0	0	0	0	0	0	0	0	0	0	0	0	0	0	0	0	0	0	0	0	0	0	0	0	0	0	0	0	0	0	0	0	0	0	0	0	0	1
#	25004	1	997	8	568	0	0	GOODS242	6	GOODS241	6	0	0	0	0	0	0	0	0	0	0	0	0	0	0	0	0	0	0	0	0	0	0	0	0	0	0	0	0	0	0	0	0	0	0	0	0	0	0	0	0	0	0	0	0	0	0	0	0	0	0	0	0	0	0
#	25005	1	997	8	568	0	0	GOODS239	6	GOODS238	6	0	0	0	0	0	0	0	0	0	0	0	0	0	0	0	0	0	0	0	0	0	0	0	0	0	0	0	0	0	0	0	0	0	0	0	0	0	0	0	0	0	0	0	0	0	0	0	0	0	0	0	0	0	0
#	25006	1	1009	8	577	0	0	GOODS233	6	GOODS232	6	0	0	0	0	507	5000	GOODS232	1	3000	GOODS241	1	3000	GOODS238	1	3000	0	0	0	0	0	0	0	0	0	0	0	0	0	0	0	0	0	0	0	0	0	0	0	0	0	0	0	0	0	0	0	0	0	0	0	0	0	0	1
#	25007	1	1009	8	577	0	0	GOODS242	6	GOODS241	6	0	0	0	0	0	0	0	0	0	0	0	0	0	0	0	0	0	0	0	0	0	0	0	0	0	0	0	0	0	0	0	0	0	0	0	0	0	0	0	0	0	0	0	0	0	0	0	0	0	0	0	0	0	0
#	25008	1	1009	8	577	0	0	GOODS239	6	GOODS238	6	0	0	0	0	0	0	0	0	0	0	0	0	0	0	0	0	0	0	0	0	0	0	0	0	0	0	0	0	0	0	0	0	0	0	0	0	0	0	0	0	0	0	0	0	0	0	0	0	0	0	0	0	0	0
#	25009	1	1009	8	577	0	0	ZBSP32	2	FBSGS003	2	ZBSX01	5	30	0	507	5000	ZBSP32	1	500	FBSGS003	1	1250	ZBSX01	1	6000	0	0	0	0	0	0	0	0	0	0	0	0	0	0	0	0	0	0	0	0	0	0	0	0	0	0	0	0	0	0	30	10000	0	0	0	0	0	0	2_4
#	25010	1	1021	8	587	0	0	ZBSP41	2	ZBSP40	2	ZBSX02	3	30	0	507	5000	ZBSP41	1	500	ZBSP40	1	500	ZBSX02	1	1200	0	0	0	0	0	0	0	0	0	0	0	0	0	0	0	0	0	0	0	0	0	0	0	0	0	0	0	0	0	0	30	10000	0	0	0	0	0	0	2
#	26001	1	1021	8	587	0	0	GOODS233	6	GOODS232	6	0	0	0	0	0	0	0	0	0	0	0	0	0	0	0	0	0	0	0	0	0	0	0	0	0	0	0	0	0	0	0	0	0	0	0	0	0	0	0	0	0	0	0	0	0	0	0	0	0	0	0	0	0	0
#	26002	1	1021	8	587	0	0	GOODS242	6	GOODS241	6	0	0	0	0	0	0	0	0	0	0	0	0	0	0	0	0	0	0	0	0	0	0	0	0	0	0	0	0	0	0	0	0	0	0	0	0	0	0	0	0	0	0	0	0	0	0	0	0	0	0	0	0	0	0
#	26003	1	1021	8	587	0	0	GOODS239	6	GOODS238	6	0	0	0	0	507	5000	GOODS233	1	3000	GOODS242	1	3000	GOODS239	1	3000	0	0	0	0	0	0	0	0	0	0	0	0	0	0	0	0	0	0	0	0	0	0	0	0	0	0	0	0	0	0	0	0	0	0	0	0	0	0	1
#	26004	1	1021	8	587	0	0	GOODS233	6	GOODS232	6	0	0	0	0	0	0	0	0	0	0	0	0	0	0	0	0	0	0	0	0	0	0	0	0	0	0	0	0	0	0	0	0	0	0	0	0	0	0	0	0	0	0	0	0	0	0	0	0	0	0	0	0	0	0
#	26005	1	1021	8	587	0	0	GOODS242	6	GOODS241	6	0	0	0	0	0	0	0	0	0	0	0	0	0	0	0	0	0	0	0	0	0	0	0	0	0	0	0	0	0	0	0	0	0	0	0	0	0	0	0	0	0	0	0	0	0	0	0	0	0	0	0	0	0	0
#	26006	1	1032	8	596	0	0	GOODS239	6	GOODS238	6	0	0	0	0	507	5000	GOODS232	1	3000	GOODS241	1	3000	GOODS238	1	3000	0	0	0	0	0	0	0	0	0	0	0	0	0	0	0	0	0	0	0	0	0	0	0	0	0	0	0	0	0	0	0	0	0	0	0	0	0	0	1
#	26007	1	1032	8	596	0	0	GOODS233	6	GOODS232	6	0	0	0	0	0	0	0	0	0	0	0	0	0	0	0	0	0	0	0	0	0	0	0	0	0	0	0	0	0	0	0	0	0	0	0	0	0	0	0	0	0	0	0	0	0	0	0	0	0	0	0	0	0	0
#	26008	1	1032	8	596	0	0	GOODS242	6	GOODS241	6	0	0	0	0	0	0	0	0	0	0	0	0	0	0	0	0	0	0	0	0	0	0	0	0	0	0	0	0	0	0	0	0	0	0	0	0	0	0	0	0	0	0	0	0	0	0	0	0	0	0	0	0	0	0
#	26009	1	1032	8	596	0	0	ZBSP39	2	FBSGS003	2	ZBSX01	5	30	0	507	5000	ZBSP39	1	500	FBSGS003	1	1250	ZBSX01	1	6000	0	0	0	0	0	0	0	0	0	0	0	0	0	0	0	0	0	0	0	0	0	0	0	0	0	0	0	0	0	0	30	10000	0	0	0	0	0	0	2_4
#	26010	1	1044	8	606	0	0	ZBSP31	2	ZBSP30	2	ZBSX02	3	30	0	507	5000	ZBSP31	1	500	ZBSP30	1	500	ZBSX02	1	1200	0	0	0	0	0	0	0	0	0	0	0	0	0	0	0	0	0	0	0	0	0	0	0	0	0	0	0	0	0	0	30	10000	0	0	0	0	0	0	2
#	27001	1	1044	8	606	0	0	GOODS239	6	GOODS238	6	0	0	0	0	0	0	0	0	0	0	0	0	0	0	0	0	0	0	0	0	0	0	0	0	0	0	0	0	0	0	0	0	0	0	0	0	0	0	0	0	0	0	0	0	0	0	0	0	0	0	0	0	0	0
#	27002	1	1044	8	606	0	0	GOODS233	6	GOODS232	6	0	0	0	0	0	0	0	0	0	0	0	0	0	0	0	0	0	0	0	0	0	0	0	0	0	0	0	0	0	0	0	0	0	0	0	0	0	0	0	0	0	0	0	0	0	0	0	0	0	0	0	0	0	0
#	27003	1	1044	8	606	0	0	GOODS242	6	GOODS241	6	0	0	0	0	507	5000	GOODS233	1	3000	GOODS242	1	3000	GOODS239	1	3000	0	0	0	0	0	0	0	0	0	0	0	0	0	0	0	0	0	0	0	0	0	0	0	0	0	0	0	0	0	0	0	0	0	0	0	0	0	0	1
#	27004	1	1044	8	606	0	0	GOODS239	6	GOODS238	6	0	0	0	0	0	0	0	0	0	0	0	0	0	0	0	0	0	0	0	0	0	0	0	0	0	0	0	0	0	0	0	0	0	0	0	0	0	0	0	0	0	0	0	0	0	0	0	0	0	0	0	0	0	0
#	27005	1	1044	8	606	0	0	GOODS233	6	GOODS232	6	0	0	0	0	0	0	0	0	0	0	0	0	0	0	0	0	0	0	0	0	0	0	0	0	0	0	0	0	0	0	0	0	0	0	0	0	0	0	0	0	0	0	0	0	0	0	0	0	0	0	0	0	0	0
#	27006	1	1056	8	616	0	0	GOODS242	6	GOODS241	6	0	0	0	0	507	5000	GOODS232	1	3000	GOODS241	1	3000	GOODS238	1	3000	0	0	0	0	0	0	0	0	0	0	0	0	0	0	0	0	0	0	0	0	0	0	0	0	0	0	0	0	0	0	0	0	0	0	0	0	0	0	1
#	27007	1	1056	8	616	0	0	GOODS239	6	GOODS238	6	0	0	0	0	0	0	0	0	0	0	0	0	0	0	0	0	0	0	0	0	0	0	0	0	0	0	0	0	0	0	0	0	0	0	0	0	0	0	0	0	0	0	0	0	0	0	0	0	0	0	0	0	0	0
#	27008	1	1056	8	616	0	0	GOODS233	6	GOODS232	6	0	0	0	0	0	0	0	0	0	0	0	0	0	0	0	0	0	0	0	0	0	0	0	0	0	0	0	0	0	0	0	0	0	0	0	0	0	0	0	0	0	0	0	0	0	0	0	0	0	0	0	0	0	0
#	27009	1	1056	8	616	0	0	ZBSP34	2	FBSGS003	2	ZBSX01	5	30	0	507	5000	ZBSP34	1	500	FBSGS003	1	1250	ZBSX01	1	6000	0	0	0	0	0	0	0	0	0	0	0	0	0	0	0	0	0	0	0	0	0	0	0	0	0	0	0	0	0	0	30	10000	0	0	0	0	0	0	2_4
#	27010	1	1067	8	625	0	0	ZBSP43	2	ZBSP44	2	ZBSX02	3	30	0	507	5000	ZBSP43	1	500	ZBSP44	1	500	ZBSX02	1	1200	0	0	0	0	0	0	0	0	0	0	0	0	0	0	0	0	0	0	0	0	0	0	0	0	0	0	0	0	0	0	30	10000	0	0	0	0	0	0	2
#	28001	1	1067	8	625	0	0	GOODS242	6	GOODS241	6	0	0	0	0	0	0	0	0	0	0	0	0	0	0	0	0	0	0	0	0	0	0	0	0	0	0	0	0	0	0	0	0	0	0	0	0	0	0	0	0	0	0	0	0	0	0	0	0	0	0	0	0	0	0
#	28002	1	1067	8	625	0	0	GOODS239	6	GOODS238	6	0	0	0	0	0	0	0	0	0	0	0	0	0	0	0	0	0	0	0	0	0	0	0	0	0	0	0	0	0	0	0	0	0	0	0	0	0	0	0	0	0	0	0	0	0	0	0	0	0	0	0	0	0	0
#	28003	1	1067	8	625	0	0	GOODS233	6	GOODS232	6	0	0	0	0	507	5000	GOODS233	1	3000	GOODS242	1	3000	GOODS239	1	3000	0	0	0	0	0	0	0	0	0	0	0	0	0	0	0	0	0	0	0	0	0	0	0	0	0	0	0	0	0	0	0	0	0	0	0	0	0	0	1
#	28004	1	1067	8	625	0	0	GOODS242	6	GOODS241	6	0	0	0	0	0	0	0	0	0	0	0	0	0	0	0	0	0	0	0	0	0	0	0	0	0	0	0	0	0	0	0	0	0	0	0	0	0	0	0	0	0	0	0	0	0	0	0	0	0	0	0	0	0	0
#	28005	1	1067	8	625	0	0	GOODS239	6	GOODS238	6	0	0	0	0	0	0	0	0	0	0	0	0	0	0	0	0	0	0	0	0	0	0	0	0	0	0	0	0	0	0	0	0	0	0	0	0	0	0	0	0	0	0	0	0	0	0	0	0	0	0	0	0	0	0
#	28006	1	1067	8	625	0	0	GOODS233	6	GOODS232	6	0	0	0	0	507	5000	GOODS232	1	3000	GOODS241	1	3000	GOODS238	1	3000	0	0	0	0	0	0	0	0	0	0	0	0	0	0	0	0	0	0	0	0	0	0	0	0	0	0	0	0	0	0	0	0	0	0	0	0	0	0	1
#	28007	1	1067	8	625	0	0	GOODS242	6	GOODS241	6	0	0	0	0	0	0	0	0	0	0	0	0	0	0	0	0	0	0	0	0	0	0	0	0	0	0	0	0	0	0	0	0	0	0	0	0	0	0	0	0	0	0	0	0	0	0	0	0	0	0	0	0	0	0
#	28008	1	1067	8	625	0	0	GOODS239	6	GOODS238	6	0	0	0	0	0	0	0	0	0	0	0	0	0	0	0	0	0	0	0	0	0	0	0	0	0	0	0	0	0	0	0	0	0	0	0	0	0	0	0	0	0	0	0	0	0	0	0	0	0	0	0	0	0	0
#	28009	1	1067	8	625	0	0	ZBSP45	2	FBSGS003	2	ZBSX01	5	30	0	507	5000	ZBSP45	1	500	FBSGS003	1	1250	ZBSX01	1	6000	0	0	0	0	0	0	0	0	0	0	0	0	0	0	0	0	0	0	0	0	0	0	0	0	0	0	0	0	0	0	30	10000	0	0	0	0	0	0	2_4
#	28010	1	1067	8	625	0	0	ZBSP35	2	ZBSP36	2	ZBSX02	3	30	0	507	5000	ZBSP35	1	500	ZBSP36	1	500	ZBSX02	1	1200	0	0	0	0	0	0	0	0	0	0	0	0	0	0	0	0	0	0	0	0	0	0	0	0	0	0	0	0	0	0	30	10000	0	0	0	0	0	0	2
#	1001	2	110	16	64	0	0	0	0	0	0	0	0	0	0	0	0	0	0	0	0	0	0	0	0	0	0	0	0	0	0	0	0	0	0	0	0	0	0	0	0	0	0	0	0	0	0	0	0	0	0	0	0	0	0	0	0	0	0	0	0	0	0	0	0
#	1002	2	144	16	68	0	0	0	0	0	0	0	0	0	0	0	0	0	0	0	0	0	0	0	0	0	0	0	0	0	0	0	0	0	0	0	0	0	0	0	0	0	0	0	0	0	0	0	0	0	0	0	0	0	0	0	0	0	0	0	0	0	0	0	0
#	1003	2	144	16	68	0	0	GOODS119	1	ZBSP9	2	GOODS42	1	0	5	501	10000	GOODS43	1	7000	GOODS52	1	7000	GOODS49	1	7000	0	0	0	0	0	0	0	0	0	0	0	0	0	0	0	0	0	0	0	0	0	GOODS119	1	300	500	1000	9900	10000	5	10000	0	0	0	0	0	0	0	0	3
#	1004	2	178	16	76	0	0	0	0	0	0	0	0	0	0	0	0	0	0	0	0	0	0	0	0	0	0	0	0	0	0	0	0	0	0	0	0	0	0	0	0	0	0	0	0	0	0	0	0	0	0	0	0	0	0	0	0	0	0	0	0	0	0	0	0
#	1005	2	178	16	76	0	0	0	0	0	0	0	0	0	0	0	0	0	0	0	0	0	0	0	0	0	0	0	0	0	0	0	0	0	0	0	0	0	0	0	0	0	0	0	0	0	0	0	0	0	0	0	0	0	0	0	0	0	0	0	0	0	0	0	0
#	1006	2	210	16	84	0	0	GOODS119	1	ZBSP9	2	GOODS51	1	0	5	501	10000	GOODS42	1	7000	GOODS51	1	7000	GOODS48	1	7000	0	0	0	0	0	0	0	0	0	0	0	0	0	0	0	0	0	0	0	0	0	GOODS4	1	300	500	1000	9900	10000	5	10000	0	0	0	0	0	0	0	0	3
#	1007	2	210	16	84	0	0	0	0	0	0	0	0	0	0	0	0	0	0	0	0	0	0	0	0	0	0	0	0	0	0	0	0	0	0	0	0	0	0	0	0	0	0	0	0	0	0	0	0	0	0	0	0	0	0	0	0	0	0	0	0	0	0	0	0
#	1008	2	240	16	92	0	0	0	0	0	0	0	0	0	0	0	0	0	0	0	0	0	0	0	0	0	0	0	0	0	0	0	0	0	0	0	0	0	0	0	0	0	0	0	0	0	0	0	0	0	0	0	0	0	0	0	0	0	0	0	0	0	0	0	0
#	1009	2	240	16	92	0	0	GOODS119	1	ZBSP9	3	GOODS48	1	0	5	501	10000	EQ0012	1	10000	EQ0014	1	10000	0	0	0	0	0	0	0	0	0	0	0	0	0	0	0	0	0	0	0	0	0	0	0	0	GOODS103	1	300	500	1000	9900	10000	5	10000	0	0	0	0	0	0	0	0	3
#	1010	2	270	16	100	0	0	GOODS119	2	ZBSP9	3	GOODS42	1	0	5	501	10000	EQ0013	1	10000	EQ0015	1	10000	0	0	0	0	0	0	0	0	0	0	0	0	0	0	0	0	0	0	0	0	0	0	0	0	GOODS3	1	300	500	1000	9900	10000	5	10000	0	0	0	0	0	0	0	0	3
#	2001	2	270	16	100	0	0	0	0	0	0	0	0	0	0	0	0	0	0	0	0	0	0	0	0	0	0	0	0	0	0	0	0	0	0	0	0	0	0	0	0	0	0	0	0	0	0	0	0	0	0	0	0	0	0	0	0	0	0	0	0	0	0	0	0
#	2002	2	270	16	100	0	0	0	0	0	0	0	0	0	0	0	0	0	0	0	0	0	0	0	0	0	0	0	0	0	0	0	0	0	0	0	0	0	0	0	0	0	0	0	0	0	0	0	0	0	0	0	0	0	0	0	0	0	0	0	0	0	0	0	0
#	2003	2	270	16	100	0	0	GOODS119	1	ZBSP9	2	GOODS43	1	0	5	501	10000	GOODS43	1	7000	GOODS52	1	7000	GOODS49	1	7000	0	0	0	0	0	0	0	0	0	0	0	0	0	0	0	0	0	0	0	0	0	GOODS5	1	300	500	1000	9900	10000	5	10000	0	0	0	0	0	0	0	0	3
#	2004	2	300	16	110	0	0	0	0	0	0	0	0	0	0	0	0	0	0	0	0	0	0	0	0	0	0	0	0	0	0	0	0	0	0	0	0	0	0	0	0	0	0	0	0	0	0	0	0	0	0	0	0	0	0	0	0	0	0	0	0	0	0	0	0
#	2005	2	300	16	110	0	0	0	0	0	0	0	0	0	0	0	0	0	0	0	0	0	0	0	0	0	0	0	0	0	0	0	0	0	0	0	0	0	0	0	0	0	0	0	0	0	0	0	0	0	0	0	0	0	0	0	0	0	0	0	0	0	0	0	0
#	2006	2	300	16	110	0	0	GOODS119	1	ZBSP9	2	GOODS52	1	0	5	501	10000	GOODS42	1	7000	GOODS51	1	7000	GOODS48	1	7000	0	0	0	0	0	0	0	0	0	0	0	0	0	0	0	0	0	0	0	0	0	GOODS6	1	300	500	1000	9900	10000	5	10000	0	0	0	0	0	0	0	0	3
#	2007	2	330	16	118	0	0	0	0	0	0	0	0	0	0	0	0	0	0	0	0	0	0	0	0	0	0	0	0	0	0	0	0	0	0	0	0	0	0	0	0	0	0	0	0	0	0	0	0	0	0	0	0	0	0	0	0	0	0	0	0	0	0	0	0
#	2008	2	330	16	118	0	0	0	0	0	0	0	0	0	0	0	0	0	0	0	0	0	0	0	0	0	0	0	0	0	0	0	0	0	0	0	0	0	0	0	0	0	0	0	0	0	0	0	0	0	0	0	0	0	0	0	0	0	0	0	0	0	0	0	0
#	2009	2	330	16	118	0	0	GOODS119	1	ZBSP9	3	GOODS49	1	0	5	501	10000	EQ0017	1	10000	EQ0018	1	10000	0	0	0	0	0	0	0	0	0	0	0	0	0	0	0	0	0	0	0	0	0	0	0	0	GOODS119	1	300	500	1000	9900	10000	5	10000	0	0	0	0	0	0	0	0	3
#	2010	2	358	16	128	0	0	GOODS119	2	ZBSP9	3	GOODS43	1	0	5	501	10000	EQ0016	1	10000	EQ0019	1	10000	0	0	0	0	0	0	0	0	0	0	0	0	0	0	0	0	0	0	0	0	0	0	0	0	GOODS4	1	300	500	1000	9900	10000	5	10000	0	0	0	0	0	0	0	0	3
#	3001	2	358	16	128	0	0	0	0	0	0	0	0	0	0	0	0	0	0	0	0	0	0	0	0	0	0	0	0	0	0	0	0	0	0	0	0	0	0	0	0	0	0	0	0	0	0	0	0	0	0	0	0	0	0	0	0	0	0	0	0	0	0	0	0
#	3002	2	358	16	128	0	0	0	0	0	0	0	0	0	0	0	0	0	0	0	0	0	0	0	0	0	0	0	0	0	0	0	0	0	0	0	0	0	0	0	0	0	0	0	0	0	0	0	0	0	0	0	0	0	0	0	0	0	0	0	0	0	0	0	0
#	3003	2	358	16	128	0	0	GOODS119	1	ZBSP1	2	GOODS42	1	0	5	501	10000	GOODS43	1	7000	GOODS52	1	7000	GOODS49	1	7000	0	0	0	0	0	0	0	0	0	0	0	0	0	0	0	0	0	0	0	0	0	GOODS103	1	300	500	1000	9900	10000	5	10000	0	0	0	0	0	0	0	0	3
#	3004	2	358	16	128	0	0	0	0	0	0	0	0	0	0	0	0	0	0	0	0	0	0	0	0	0	0	0	0	0	0	0	0	0	0	0	0	0	0	0	0	0	0	0	0	0	0	0	0	0	0	0	0	0	0	0	0	0	0	0	0	0	0	0	0
#	3005	2	358	16	128	0	0	0	0	0	0	0	0	0	0	0	0	0	0	0	0	0	0	0	0	0	0	0	0	0	0	0	0	0	0	0	0	0	0	0	0	0	0	0	0	0	0	0	0	0	0	0	0	0	0	0	0	0	0	0	0	0	0	0	0
#	3006	2	388	16	138	0	0	GOODS119	1	ZBSP1	2	GOODS51	1	0	5	501	10000	GOODS42	1	7000	GOODS51	1	7000	GOODS48	1	7000	0	0	0	0	0	0	0	0	0	0	0	0	0	0	0	0	0	0	0	0	0	GOODS3	1	300	500	1000	9900	10000	5	10000	0	0	0	0	0	0	0	0	3
#	3007	2	388	16	138	0	0	0	0	0	0	0	0	0	0	0	0	0	0	0	0	0	0	0	0	0	0	0	0	0	0	0	0	0	0	0	0	0	0	0	0	0	0	0	0	0	0	0	0	0	0	0	0	0	0	0	0	0	0	0	0	0	0	0	0
#	3008	2	388	16	138	0	0	0	0	0	0	0	0	0	0	0	0	0	0	0	0	0	0	0	0	0	0	0	0	0	0	0	0	0	0	0	0	0	0	0	0	0	0	0	0	0	0	0	0	0	0	0	0	0	0	0	0	0	0	0	0	0	0	0	0
#	3009	2	388	16	138	0	0	GOODS119	1	ZBSP1	3	GOODS48	1	0	5	501	10000	EQ0020	1	10000	EQ0020	1	10000	0	0	0	0	0	0	0	0	0	0	0	0	0	0	0	0	0	0	0	0	0	0	0	0	GOODS5	1	300	500	1000	9900	10000	5	10000	0	0	0	0	0	0	0	0	3
#	3010	2	416	16	150	0	0	GOODS119	2	ZBSP1	3	GOODS42	1	0	5	501	10000	ZBSP12	1	4480	ZBSP1	1	4200	FBSGS001	1	2800	0	0	0	0	0	0	0	0	0	0	0	0	0	0	0	0	0	0	0	0	0	GOODS6	1	300	500	1000	9900	10000	5	10000	0	0	0	0	0	0	0	0	3
#	4001	2	416	16	150	0	0	0	0	0	0	0	0	0	0	0	0	0	0	0	0	0	0	0	0	0	0	0	0	0	0	0	0	0	0	0	0	0	0	0	0	0	0	0	0	0	0	0	0	0	0	0	0	0	0	0	0	0	0	0	0	0	0	0	0
#	4002	2	416	16	150	0	0	0	0	0	0	0	0	0	0	0	0	0	0	0	0	0	0	0	0	0	0	0	0	0	0	0	0	0	0	0	0	0	0	0	0	0	0	0	0	0	0	0	0	0	0	0	0	0	0	0	0	0	0	0	0	0	0	0	0
#	4003	2	444	16	160	0	0	GOODS119	1	ZBSP2	2	GOODS43	1	0	5	501	10000	GOODS43	1	7000	GOODS52	1	7000	GOODS49	1	7000	0	0	0	0	0	0	0	0	0	0	0	0	0	0	0	0	0	0	0	0	0	GOODS1	1	300	500	1000	9900	10000	5	10000	0	0	0	0	0	0	0	0	3
#	4004	2	444	16	160	0	0	0	0	0	0	0	0	0	0	0	0	0	0	0	0	0	0	0	0	0	0	0	0	0	0	0	0	0	0	0	0	0	0	0	0	0	0	0	0	0	0	0	0	0	0	0	0	0	0	0	0	0	0	0	0	0	0	0	0
#	4005	2	444	16	160	0	0	0	0	0	0	0	0	0	0	0	0	0	0	0	0	0	0	0	0	0	0	0	0	0	0	0	0	0	0	0	0	0	0	0	0	0	0	0	0	0	0	0	0	0	0	0	0	0	0	0	0	0	0	0	0	0	0	0	0
#	4006	2	472	16	172	0	0	GOODS119	1	ZBSP2	2	GOODS52	1	0	5	501	10000	GOODS42	1	7000	GOODS51	1	7000	GOODS48	1	7000	0	0	0	0	0	0	0	0	0	0	0	0	0	0	0	0	0	0	0	0	0	GOODS116	1	300	500	1000	9900	10000	5	10000	0	0	0	0	0	0	0	0	3
#	4007	2	472	16	172	0	0	0	0	0	0	0	0	0	0	0	0	0	0	0	0	0	0	0	0	0	0	0	0	0	0	0	0	0	0	0	0	0	0	0	0	0	0	0	0	0	0	0	0	0	0	0	0	0	0	0	0	0	0	0	0	0	0	0	0
#	4008	2	472	16	172	0	0	0	0	0	0	0	0	0	0	0	0	0	0	0	0	0	0	0	0	0	0	0	0	0	0	0	0	0	0	0	0	0	0	0	0	0	0	0	0	0	0	0	0	0	0	0	0	0	0	0	0	0	0	0	0	0	0	0	0
#	4009	2	500	16	182	0	0	GOODS119	1	ZBSP2	3	GOODS49	1	0	5	501	10000	ZBSP15	1	4480	ZBSP4	1	4200	FBSGS001	1	2800	0	0	0	0	0	0	0	0	0	0	0	0	0	0	0	0	0	0	0	0	0	GOODS103	1	300	500	1000	9900	10000	5	10000	0	0	0	0	0	0	0	0	3
#	4010	2	528	16	194	0	0	GOODS119	2	ZBSP2	3	GOODS43	1	0	5	501	10000	ZBSP13	1	4480	ZBSP2	1	4200	FBSGS001	1	2800	0	0	0	0	0	0	0	0	0	0	0	0	0	0	0	0	0	0	0	0	0	GOODS246	1	300	500	1000	9900	10000	5	10000	0	0	0	0	0	0	0	0	3
#	5001	2	528	16	194	0	0	0	0	0	0	0	0	0	0	0	0	0	0	0	0	0	0	0	0	0	0	0	0	0	0	0	0	0	0	0	0	0	0	0	0	0	0	0	0	0	0	0	0	0	0	0	0	0	0	0	0	0	0	0	0	0	0	0	0
#	5002	2	528	16	194	0	0	0	0	0	0	0	0	0	0	0	0	0	0	0	0	0	0	0	0	0	0	0	0	0	0	0	0	0	0	0	0	0	0	0	0	0	0	0	0	0	0	0	0	0	0	0	0	0	0	0	0	0	0	0	0	0	0	0	0
#	5003	2	528	16	194	0	0	GOODS244	2	ZBSP6	2	GOODS42	3	0	5	501	10000	GOODS43	1	7000	GOODS52	1	7000	GOODS49	1	7000	0	0	0	0	0	0	0	0	0	0	0	0	0	0	0	0	0	0	0	0	0	GOODS244	1	300	500	1000	9900	10000	5	10000	0	0	0	0	0	0	0	0	3
#	5004	2	528	16	194	0	0	0	0	0	0	0	0	0	0	0	0	0	0	0	0	0	0	0	0	0	0	0	0	0	0	0	0	0	0	0	0	0	0	0	0	0	0	0	0	0	0	0	0	0	0	0	0	0	0	0	0	0	0	0	0	0	0	0	0
#	5005	2	528	16	194	0	0	0	0	0	0	0	0	0	0	0	0	0	0	0	0	0	0	0	0	0	0	0	0	0	0	0	0	0	0	0	0	0	0	0	0	0	0	0	0	0	0	0	0	0	0	0	0	0	0	0	0	0	0	0	0	0	0	0	0
#	5006	2	528	16	194	0	0	SP041	2	ZBSP6	2	GOODS51	3	0	5	501	10000	GOODS42	1	7000	GOODS51	1	7000	GOODS48	1	7000	0	0	0	0	0	0	0	0	0	0	0	0	0	0	0	0	0	0	0	0	0	SP041	1	300	500	1000	9900	10000	5	10000	0	0	0	0	0	0	0	0	3
#	5007	2	528	16	194	0	0	0	0	0	0	0	0	0	0	0	0	0	0	0	0	0	0	0	0	0	0	0	0	0	0	0	0	0	0	0	0	0	0	0	0	0	0	0	0	0	0	0	0	0	0	0	0	0	0	0	0	0	0	0	0	0	0	0	0
#	5008	2	528	16	194	0	0	0	0	0	0	0	0	0	0	0	0	0	0	0	0	0	0	0	0	0	0	0	0	0	0	0	0	0	0	0	0	0	0	0	0	0	0	0	0	0	0	0	0	0	0	0	0	0	0	0	0	0	0	0	0	0	0	0	0
#	5009	2	528	16	194	0	0	SP044	2	ZBSP6	3	GOODS48	3	0	5	501	10000	ZBSP14	1	4480	ZBSP3	1	4200	FBSGS001	1	2800	0	0	0	0	0	0	0	0	0	0	0	0	0	0	0	0	0	0	0	0	0	SP044	1	300	500	1000	9900	10000	5	10000	0	0	0	0	0	0	0	0	3
#	5010	2	556	16	206	0	0	GOODS110	2	ZBSP6	3	GOODS42	3	0	5	501	10000	ZBSP17	1	4480	ZBSP6	1	4200	FBSGS001	1	2800	0	0	0	0	0	0	0	0	0	0	0	0	0	0	0	0	0	0	0	0	0	GOODS110	1	300	500	1000	9900	10000	5	10000	0	0	0	0	0	0	0	0	3
#	6001	2	556	16	206	0	0	0	0	0	0	0	0	0	0	0	0	0	0	0	0	0	0	0	0	0	0	0	0	0	0	0	0	0	0	0	0	0	0	0	0	0	0	0	0	0	0	0	0	0	0	0	0	0	0	0	0	0	0	0	0	0	0	0	0
#	6002	2	556	16	206	0	0	0	0	0	0	0	0	0	0	0	0	0	0	0	0	0	0	0	0	0	0	0	0	0	0	0	0	0	0	0	0	0	0	0	0	0	0	0	0	0	0	0	0	0	0	0	0	0	0	0	0	0	0	0	0	0	0	0	0
#	6003	2	556	16	206	0	0	GOODS245	2	ZBSP5	2	GOODS55	1	0	5	502	10000	GOODS55	1	5600	GOODS64	1	5600	GOODS61	1	5600	0	0	0	0	0	0	0	0	0	0	0	0	0	0	0	0	0	0	0	0	0	GOODS245	1	300	500	1000	9900	10000	5	10000	0	0	0	0	0	0	0	0	3
#	6004	2	556	16	206	0	0	0	0	0	0	0	0	0	0	0	0	0	0	0	0	0	0	0	0	0	0	0	0	0	0	0	0	0	0	0	0	0	0	0	0	0	0	0	0	0	0	0	0	0	0	0	0	0	0	0	0	0	0	0	0	0	0	0	0
#	6005	2	556	16	206	0	0	0	0	0	0	0	0	0	0	0	0	0	0	0	0	0	0	0	0	0	0	0	0	0	0	0	0	0	0	0	0	0	0	0	0	0	0	0	0	0	0	0	0	0	0	0	0	0	0	0	0	0	0	0	0	0	0	0	0
#	6006	2	582	16	218	0	0	GOODS1	2	ZBSP5	2	GOODS54	1	0	5	502	10000	GOODS54	1	5600	GOODS63	1	5600	GOODS60	1	5600	0	0	0	0	0	0	0	0	0	0	0	0	0	0	0	0	0	0	0	0	0	GOODS1	1	300	500	1000	9900	10000	5	10000	0	0	0	0	0	0	0	0	3
#	6007	2	582	16	218	0	0	0	0	0	0	0	0	0	0	0	0	0	0	0	0	0	0	0	0	0	0	0	0	0	0	0	0	0	0	0	0	0	0	0	0	0	0	0	0	0	0	0	0	0	0	0	0	0	0	0	0	0	0	0	0	0	0	0	0
#	6008	2	582	16	218	0	0	0	0	0	0	0	0	0	0	0	0	0	0	0	0	0	0	0	0	0	0	0	0	0	0	0	0	0	0	0	0	0	0	0	0	0	0	0	0	0	0	0	0	0	0	0	0	0	0	0	0	0	0	0	0	0	0	0	0
#	6009	2	610	16	230	0	0	GOODS116	2	ZBSP5	3	GOODS64	1	0	5	502	10000	ZBSP16	1	4480	ZBSP5	1	4200	FBSGS001	1	2800	0	0	0	0	0	0	0	0	0	0	0	0	0	0	0	0	0	0	0	0	0	GOODS116	1	300	500	1000	9900	10000	5	10000	0	0	0	0	0	0	0	0	3
#	6010	2	636	16	242	0	0	GOODS3	2	ZBSP5	3	GOODS63	1	0	5	502	10000	ZBSP18	1	4480	ZBSP7	1	4200	FBSGS001	1	2800	0	0	0	0	0	0	0	0	0	0	0	0	0	0	0	0	0	0	0	0	0	GOODS3	1	300	500	1000	9900	10000	5	10000	0	0	0	0	0	0	0	0	3
#	7001	2	636	16	242	0	0	0	0	0	0	0	0	0	0	0	0	0	0	0	0	0	0	0	0	0	0	0	0	0	0	0	0	0	0	0	0	0	0	0	0	0	0	0	0	0	0	0	0	0	0	0	0	0	0	0	0	0	0	0	0	0	0	0	0
#	7002	2	636	16	242	0	0	0	0	0	0	0	0	0	0	0	0	0	0	0	0	0	0	0	0	0	0	0	0	0	0	0	0	0	0	0	0	0	0	0	0	0	0	0	0	0	0	0	0	0	0	0	0	0	0	0	0	0	0	0	0	0	0	0	0
#	7003	2	636	16	242	0	0	GOODS246	2	ZBSP8	2	GOODS61	1	0	5	502	10000	GOODS55	1	5600	GOODS64	1	5600	GOODS61	1	5600	0	0	0	0	0	0	0	0	0	0	0	0	0	0	0	0	0	0	0	0	0	GOODS246	1	300	500	1000	9900	10000	5	10000	0	0	0	0	0	0	0	0	3
#	7004	2	636	16	242	0	0	0	0	0	0	0	0	0	0	0	0	0	0	0	0	0	0	0	0	0	0	0	0	0	0	0	0	0	0	0	0	0	0	0	0	0	0	0	0	0	0	0	0	0	0	0	0	0	0	0	0	0	0	0	0	0	0	0	0
#	7005	2	636	16	242	0	0	0	0	0	0	0	0	0	0	0	0	0	0	0	0	0	0	0	0	0	0	0	0	0	0	0	0	0	0	0	0	0	0	0	0	0	0	0	0	0	0	0	0	0	0	0	0	0	0	0	0	0	0	0	0	0	0	0	0
#	7006	2	636	16	242	0	0	GOODS244	2	ZBSP8	2	GOODS60	1	0	5	502	10000	GOODS54	1	5600	GOODS63	1	5600	GOODS60	1	5600	0	0	0	0	0	0	0	0	0	0	0	0	0	0	0	0	0	0	0	0	0	GOODS244	1	300	500	1000	9900	10000	5	10000	0	0	0	0	0	0	0	0	3
#	7007	2	636	16	242	0	0	0	0	0	0	0	0	0	0	0	0	0	0	0	0	0	0	0	0	0	0	0	0	0	0	0	0	0	0	0	0	0	0	0	0	0	0	0	0	0	0	0	0	0	0	0	0	0	0	0	0	0	0	0	0	0	0	0	0
#	7008	2	636	16	242	0	0	0	0	0	0	0	0	0	0	0	0	0	0	0	0	0	0	0	0	0	0	0	0	0	0	0	0	0	0	0	0	0	0	0	0	0	0	0	0	0	0	0	0	0	0	0	0	0	0	0	0	0	0	0	0	0	0	0	0
#	7009	2	636	16	242	0	0	SP041	2	ZBSP8	3	GOODS55	1	0	5	502	10000	ZBSP19	1	4480	ZBSP8	1	4200	FBSGS001	1	2800	0	0	0	0	0	0	0	0	0	0	0	0	0	0	0	0	0	0	0	0	0	SP041	1	300	500	1000	9900	10000	5	10000	0	0	0	0	0	0	0	0	3
#	7010	2	662	16	256	0	0	SP044	2	ZBSP8	3	GOODS54	1	0	5	502	10000	ZBSP20	1	4480	ZBSP9	1	4200	FBSGS001	1	2800	0	0	0	0	0	0	0	0	0	0	0	0	0	0	0	0	0	0	0	0	0	SP044	1	300	500	1000	9900	10000	5	10000	0	0	0	0	0	0	0	0	3
#	8001	2	662	16	256	0	0	0	0	0	0	0	0	0	0	0	0	0	0	0	0	0	0	0	0	0	0	0	0	0	0	0	0	0	0	0	0	0	0	0	0	0	0	0	0	0	0	0	0	0	0	0	0	0	0	0	0	0	0	0	0	0	0	0	0
#	8002	2	662	16	256	0	0	0	0	0	0	0	0	0	0	0	0	0	0	0	0	0	0	0	0	0	0	0	0	0	0	0	0	0	0	0	0	0	0	0	0	0	0	0	0	0	0	0	0	0	0	0	0	0	0	0	0	0	0	0	0	0	0	0	0
#	8003	2	662	16	256	0	0	GOODS110	2	ZBSX01	2	GOODS64	1	0	5	502	10000	GOODS55	1	5600	GOODS64	1	5600	GOODS61	1	5600	0	0	0	0	0	0	0	0	0	0	0	0	0	0	0	0	0	0	0	0	0	GOODS110	1	300	500	1000	9900	10000	5	10000	0	0	0	0	0	0	0	0	3
#	8004	2	662	16	256	0	0	0	0	0	0	0	0	0	0	0	0	0	0	0	0	0	0	0	0	0	0	0	0	0	0	0	0	0	0	0	0	0	0	0	0	0	0	0	0	0	0	0	0	0	0	0	0	0	0	0	0	0	0	0	0	0	0	0	0
#	8005	2	662	16	256	0	0	0	0	0	0	0	0	0	0	0	0	0	0	0	0	0	0	0	0	0	0	0	0	0	0	0	0	0	0	0	0	0	0	0	0	0	0	0	0	0	0	0	0	0	0	0	0	0	0	0	0	0	0	0	0	0	0	0	0
#	8006	2	662	16	256	0	0	GOODS245	2	ZBSX01	2	GOODS63	1	0	5	502	10000	GOODS54	1	5600	GOODS63	1	5600	GOODS60	1	5600	0	0	0	0	0	0	0	0	0	0	0	0	0	0	0	0	0	0	0	0	0	GOODS245	1	300	500	1000	9900	10000	5	10000	0	0	0	0	0	0	0	0	3
#	8007	2	662	16	256	0	0	0	0	0	0	0	0	0	0	0	0	0	0	0	0	0	0	0	0	0	0	0	0	0	0	0	0	0	0	0	0	0	0	0	0	0	0	0	0	0	0	0	0	0	0	0	0	0	0	0	0	0	0	0	0	0	0	0	0
#	8008	2	662	16	256	0	0	0	0	0	0	0	0	0	0	0	0	0	0	0	0	0	0	0	0	0	0	0	0	0	0	0	0	0	0	0	0	0	0	0	0	0	0	0	0	0	0	0	0	0	0	0	0	0	0	0	0	0	0	0	0	0	0	0	0
#	8009	2	690	16	268	0	0	GOODS2	2	ZBSX01	3	ZBSP12	8	0	5	502	10000	ZBSP12	1	4480	ZBSX01	1	7000	FBSGS001	1	2800	0	0	0	0	0	0	0	0	0	0	0	0	0	0	0	0	0	0	0	0	0	GOODS2	1	300	500	1000	9900	10000	5	10000	0	0	0	0	0	0	0	0	3
#	8010	2	742	16	294	0	0	GOODS102	2	ZBSX01	5	ZBSP15	8	0	5	502	10000	ZBSP15	1	4480	ZBSX01	1	4200	FBSGS001	1	2800	0	0	0	0	0	0	0	0	0	0	0	0	0	0	0	0	0	0	0	0	0	GOODS102	1	300	500	1000	9900	10000	5	10000	0	0	0	0	0	0	0	0	3
#	9001	2	742	16	294	0	0	0	0	0	0	0	0	0	0	0	0	0	0	0	0	0	0	0	0	0	0	0	0	0	0	0	0	0	0	0	0	0	0	0	0	0	0	0	0	0	0	0	0	0	0	0	0	0	0	0	0	0	0	0	0	0	0	0	0
#	9002	2	742	16	294	0	0	0	0	0	0	0	0	0	0	0	0	0	0	0	0	0	0	0	0	0	0	0	0	0	0	0	0	0	0	0	0	0	0	0	0	0	0	0	0	0	0	0	0	0	0	0	0	0	0	0	0	0	0	0	0	0	0	0	0
#	9003	2	768	16	308	0	0	SP045	2	ZBSX01	2	GOODS61	1	0	5	502	10000	GOODS55	1	5600	GOODS64	1	5600	GOODS61	1	5600	0	0	0	0	0	0	0	0	0	0	0	0	0	0	0	0	0	0	0	0	0	SP045	1	300	500	1000	9900	10000	5	10000	0	0	0	0	0	0	0	0	3
#	9004	2	768	16	308	0	0	0	0	0	0	0	0	0	0	0	0	0	0	0	0	0	0	0	0	0	0	0	0	0	0	0	0	0	0	0	0	0	0	0	0	0	0	0	0	0	0	0	0	0	0	0	0	0	0	0	0	0	0	0	0	0	0	0	0
#	9005	2	768	16	308	0	0	0	0	0	0	0	0	0	0	0	0	0	0	0	0	0	0	0	0	0	0	0	0	0	0	0	0	0	0	0	0	0	0	0	0	0	0	0	0	0	0	0	0	0	0	0	0	0	0	0	0	0	0	0	0	0	0	0	0
#	9006	2	794	16	322	0	0	GOODS4	2	ZBSX01	2	GOODS60	1	0	5	502	10000	GOODS54	1	5600	GOODS63	1	5600	GOODS60	1	5600	0	0	0	0	0	0	0	0	0	0	0	0	0	0	0	0	0	0	0	0	0	GOODS4	1	300	500	1000	9900	10000	5	10000	0	0	0	0	0	0	0	0	3
#	9007	2	794	16	322	0	0	0	0	0	0	0	0	0	0	0	0	0	0	0	0	0	0	0	0	0	0	0	0	0	0	0	0	0	0	0	0	0	0	0	0	0	0	0	0	0	0	0	0	0	0	0	0	0	0	0	0	0	0	0	0	0	0	0	0
#	9008	2	794	16	322	0	0	0	0	0	0	0	0	0	0	0	0	0	0	0	0	0	0	0	0	0	0	0	0	0	0	0	0	0	0	0	0	0	0	0	0	0	0	0	0	0	0	0	0	0	0	0	0	0	0	0	0	0	0	0	0	0	0	0	0
#	9009	2	820	16	336	0	0	GOODS103	2	ZBSX01	3	ZBSP13	8	0	5	502	10000	ZBSP13	1	4480	ZBSX01	1	8400	FBSGS001	1	2800	0	0	0	0	0	0	0	0	0	0	0	0	0	0	0	0	0	0	0	0	0	GOODS103	1	300	500	1000	9900	10000	5	10000	0	0	0	0	0	0	0	0	3
#	9010	2	846	16	350	0	0	GOODS3	2	ZBSX01	5	ZBSP14	8	0	5	502	10000	ZBSP14	1	4480	ZBSX01	1	8400	FBSGS001	1	2800	0	0	0	0	0	0	0	0	0	0	0	0	0	0	0	0	0	0	0	0	0	GOODS3	1	300	500	1000	9900	10000	5	10000	0	0	0	0	0	0	0	0	3
#	10001	2	846	16	350	0	0	0	0	0	0	0	0	0	0	0	0	0	0	0	0	0	0	0	0	0	0	0	0	0	0	0	0	0	0	0	0	0	0	0	0	0	0	0	0	0	0	0	0	0	0	0	0	0	0	0	0	0	0	0	0	0	0	0	0
#	10002	2	846	16	350	0	0	0	0	0	0	0	0	0	0	0	0	0	0	0	0	0	0	0	0	0	0	0	0	0	0	0	0	0	0	0	0	0	0	0	0	0	0	0	0	0	0	0	0	0	0	0	0	0	0	0	0	0	0	0	0	0	0	0	0
#	10003	2	846	16	350	0	0	GOODS119	2	ZBSX01	2	GOODS55	1	0	5	502	10000	GOODS55	1	5600	GOODS64	1	5600	GOODS61	1	5600	0	0	0	0	0	0	0	0	0	0	0	0	0	0	0	0	0	0	0	0	0	GOODS119	1	300	500	1000	9900	10000	5	10000	0	0	0	0	0	0	0	0	3
#	10004	2	846	16	350	0	0	0	0	0	0	0	0	0	0	0	0	0	0	0	0	0	0	0	0	0	0	0	0	0	0	0	0	0	0	0	0	0	0	0	0	0	0	0	0	0	0	0	0	0	0	0	0	0	0	0	0	0	0	0	0	0	0	0	0
#	10005	2	846	16	350	0	0	0	0	0	0	0	0	0	0	0	0	0	0	0	0	0	0	0	0	0	0	0	0	0	0	0	0	0	0	0	0	0	0	0	0	0	0	0	0	0	0	0	0	0	0	0	0	0	0	0	0	0	0	0	0	0	0	0	0
#	10006	2	872	16	364	0	0	GOODS6	2	ZBSX01	2	GOODS54	1	0	5	502	10000	GOODS54	1	5600	GOODS63	1	5600	GOODS60	1	5600	0	0	0	0	0	0	0	0	0	0	0	0	0	0	0	0	0	0	0	0	0	GOODS6	1	300	500	1000	9900	10000	5	10000	0	0	0	0	0	0	0	0	3
#	10007	2	872	16	364	0	0	0	0	0	0	0	0	0	0	0	0	0	0	0	0	0	0	0	0	0	0	0	0	0	0	0	0	0	0	0	0	0	0	0	0	0	0	0	0	0	0	0	0	0	0	0	0	0	0	0	0	0	0	0	0	0	0	0	0
#	10008	2	872	16	364	0	0	0	0	0	0	0	0	0	0	0	0	0	0	0	0	0	0	0	0	0	0	0	0	0	0	0	0	0	0	0	0	0	0	0	0	0	0	0	0	0	0	0	0	0	0	0	0	0	0	0	0	0	0	0	0	0	0	0	0
#	10009	2	898	16	378	0	0	GOODS1	2	ZBSX01	3	ZBSP17	8	0	5	502	10000	ZBSP17	1	4480	ZBSX01	1	8400	FBSGS001	1	2800	0	0	0	0	0	0	0	0	0	0	0	0	0	0	0	0	0	0	0	0	0	GOODS1	1	300	500	1000	9900	10000	5	10000	0	0	0	0	0	0	0	0	3
#	10010	2	924	16	392	0	0	GOODS116	2	ZBSX01	5	ZBSP16	8	0	5	502	10000	ZBSP16	1	4480	ZBSX01	1	8400	FBSGS001	1	2800	0	0	0	0	0	0	0	0	0	0	0	0	0	0	0	0	0	0	0	0	0	GOODS116	1	300	500	1000	9900	10000	5	10000	0	0	0	0	0	0	0	0	3
#	11001	2	924	16	392	0	0	0	0	0	0	0	0	0	0	0	0	0	0	0	0	0	0	0	0	0	0	0	0	0	0	0	0	0	0	0	0	0	0	0	0	0	0	0	0	0	0	0	0	0	0	0	0	0	0	0	0	0	0	0	0	0	0	0	0
#	11002	2	924	16	392	0	0	0	0	0	0	0	0	0	0	0	0	0	0	0	0	0	0	0	0	0	0	0	0	0	0	0	0	0	0	0	0	0	0	0	0	0	0	0	0	0	0	0	0	0	0	0	0	0	0	0	0	0	0	0	0	0	0	0	0
#	11003	2	950	16	406	0	0	GOODS6	2	ZBSX01	2	GOODS185	3	0	5	503	10000	GOODS185	1	5600	GOODS194	1	5600	GOODS191	1	5600	0	0	0	0	0	0	0	0	0	0	0	0	0	0	0	0	0	0	0	0	0	GOODS6	1	300	500	1000	9900	10000	5	10000	0	0	0	0	0	0	0	0	3
#	11004	2	950	16	406	0	0	0	0	0	0	0	0	0	0	0	0	0	0	0	0	0	0	0	0	0	0	0	0	0	0	0	0	0	0	0	0	0	0	0	0	0	0	0	0	0	0	0	0	0	0	0	0	0	0	0	0	0	0	0	0	0	0	0	0
#	11005	2	950	16	406	0	0	0	0	0	0	0	0	0	0	0	0	0	0	0	0	0	0	0	0	0	0	0	0	0	0	0	0	0	0	0	0	0	0	0	0	0	0	0	0	0	0	0	0	0	0	0	0	0	0	0	0	0	0	0	0	0	0	0	0
#	11006	2	976	16	422	0	0	GOODS246	2	ZBSX01	2	GOODS184	3	0	5	503	10000	GOODS184	1	5600	GOODS193	1	5600	GOODS190	1	5600	0	0	0	0	0	0	0	0	0	0	0	0	0	0	0	0	0	0	0	0	0	GOODS246	1	300	500	1000	9900	10000	5	10000	0	0	0	0	0	0	0	0	3
#	11007	2	976	16	422	0	0	0	0	0	0	0	0	0	0	0	0	0	0	0	0	0	0	0	0	0	0	0	0	0	0	0	0	0	0	0	0	0	0	0	0	0	0	0	0	0	0	0	0	0	0	0	0	0	0	0	0	0	0	0	0	0	0	0	0
#	11008	2	976	16	422	0	0	0	0	0	0	0	0	0	0	0	0	0	0	0	0	0	0	0	0	0	0	0	0	0	0	0	0	0	0	0	0	0	0	0	0	0	0	0	0	0	0	0	0	0	0	0	0	0	0	0	0	0	0	0	0	0	0	0	0
#	11009	2	1000	16	436	0	0	GOODS244	2	ZBSX01	3	ZBSP18	8	0	5	503	10000	ZBSP18	1	4480	ZBSX01	1	8400	FBSGS002	1	1400	0	0	0	0	0	0	0	0	0	0	0	0	0	0	0	0	0	0	0	0	0	GOODS244	1	300	500	1000	9900	10000	5	10000	0	0	0	0	0	0	0	0	3
#	11010	2	1000	16	436	0	0	SP041	2	ZBSX01	5	ZBSP19	8	0	5	503	10000	ZBSP19	1	4480	ZBSX01	1	8400	FBSGS002	1	1400	0	0	0	0	0	0	0	0	0	0	0	0	0	0	0	0	0	0	0	0	0	SP041	1	300	500	1000	9900	10000	5	10000	0	0	0	0	0	0	0	0	3
#	12001	2	1000	16	436	0	0	0	0	0	0	0	0	0	0	0	0	0	0	0	0	0	0	0	0	0	0	0	0	0	0	0	0	0	0	0	0	0	0	0	0	0	0	0	0	0	0	0	0	0	0	0	0	0	0	0	0	0	0	0	0	0	0	0	0
#	12002	2	1000	16	436	0	0	0	0	0	0	0	0	0	0	0	0	0	0	0	0	0	0	0	0	0	0	0	0	0	0	0	0	0	0	0	0	0	0	0	0	0	0	0	0	0	0	0	0	0	0	0	0	0	0	0	0	0	0	0	0	0	0	0	0
#	12003	2	1026	16	450	0	0	SP044	2	ZBSX01	2	GOODS194	3	0	5	503	10000	GOODS185	1	5600	GOODS194	1	5600	GOODS191	1	5600	0	0	0	0	0	0	0	0	0	0	0	0	0	0	0	0	0	0	0	0	0	SP044	1	300	500	1000	9900	10000	5	10000	0	0	0	0	0	0	0	0	3
#	12004	2	1026	16	450	0	0	0	0	0	0	0	0	0	0	0	0	0	0	0	0	0	0	0	0	0	0	0	0	0	0	0	0	0	0	0	0	0	0	0	0	0	0	0	0	0	0	0	0	0	0	0	0	0	0	0	0	0	0	0	0	0	0	0	0
#	12005	2	1026	16	450	0	0	0	0	0	0	0	0	0	0	0	0	0	0	0	0	0	0	0	0	0	0	0	0	0	0	0	0	0	0	0	0	0	0	0	0	0	0	0	0	0	0	0	0	0	0	0	0	0	0	0	0	0	0	0	0	0	0	0	0
#	12006	2	1052	16	466	0	0	GOODS110	2	ZBSX01	2	GOODS193	3	0	5	503	10000	GOODS184	1	5600	GOODS193	1	5600	GOODS190	1	5600	0	0	0	0	0	0	0	0	0	0	0	0	0	0	0	0	0	0	0	0	0	GOODS110	1	300	500	1000	9900	10000	5	10000	0	0	0	0	0	0	0	0	3
#	12007	2	1052	16	466	0	0	0	0	0	0	0	0	0	0	0	0	0	0	0	0	0	0	0	0	0	0	0	0	0	0	0	0	0	0	0	0	0	0	0	0	0	0	0	0	0	0	0	0	0	0	0	0	0	0	0	0	0	0	0	0	0	0	0	0
#	12008	2	1052	16	466	0	0	0	0	0	0	0	0	0	0	0	0	0	0	0	0	0	0	0	0	0	0	0	0	0	0	0	0	0	0	0	0	0	0	0	0	0	0	0	0	0	0	0	0	0	0	0	0	0	0	0	0	0	0	0	0	0	0	0	0
#	12009	2	1076	16	480	0	0	GOODS245	2	ZBSX01	3	ZBSP20	8	0	5	503	10000	ZBSP20	1	4480	ZBSX01	1	8400	FBSGS002	1	1400	0	0	0	0	0	0	0	0	0	0	0	0	0	0	0	0	0	0	0	0	0	GOODS245	1	300	500	1000	9900	10000	5	10000	0	0	0	0	0	0	0	0	3
#	12010	2	1076	16	480	0	0	GOODS2	2	ZBSX01	5	ZBSP12	8	0	5	503	10000	ZBSP12	1	4480	ZBSX01	1	8400	FBSGS002	1	1400	0	0	0	0	0	0	0	0	0	0	0	0	0	0	0	0	0	0	0	0	0	GOODS2	1	300	500	1000	9900	10000	5	10000	0	0	0	0	0	0	0	0	3
#	13001	2	1076	16	480	0	0	0	0	0	0	0	0	0	0	0	0	0	0	0	0	0	0	0	0	0	0	0	0	0	0	0	0	0	0	0	0	0	0	0	0	0	0	0	0	0	0	0	0	0	0	0	0	0	0	0	0	0	0	0	0	0	0	0	0
#	13002	2	1076	16	480	0	0	0	0	0	0	0	0	0	0	0	0	0	0	0	0	0	0	0	0	0	0	0	0	0	0	0	0	0	0	0	0	0	0	0	0	0	0	0	0	0	0	0	0	0	0	0	0	0	0	0	0	0	0	0	0	0	0	0	0
#	13003	2	1102	16	496	0	0	GOODS102	2	ZBSX01	2	GOODS191	3	0	5	503	10000	GOODS185	1	5600	GOODS194	1	5600	GOODS191	1	5600	0	0	0	0	0	0	0	0	0	0	0	0	0	0	0	0	0	0	0	0	0	GOODS102	1	300	500	1000	9900	10000	5	10000	0	0	0	0	0	0	0	0	3
#	13004	2	1102	16	496	0	0	0	0	0	0	0	0	0	0	0	0	0	0	0	0	0	0	0	0	0	0	0	0	0	0	0	0	0	0	0	0	0	0	0	0	0	0	0	0	0	0	0	0	0	0	0	0	0	0	0	0	0	0	0	0	0	0	0	0
#	13005	2	1102	16	496	0	0	0	0	0	0	0	0	0	0	0	0	0	0	0	0	0	0	0	0	0	0	0	0	0	0	0	0	0	0	0	0	0	0	0	0	0	0	0	0	0	0	0	0	0	0	0	0	0	0	0	0	0	0	0	0	0	0	0	0
#	13006	2	1126	16	512	0	0	SP045	2	ZBSX01	2	GOODS190	3	0	5	503	10000	GOODS184	1	5600	GOODS193	1	5600	GOODS190	1	5600	0	0	0	0	0	0	0	0	0	0	0	0	0	0	0	0	0	0	0	0	0	SP045	1	300	500	1000	9900	10000	5	10000	0	0	0	0	0	0	0	0	3
#	13007	2	1126	16	512	0	0	0	0	0	0	0	0	0	0	0	0	0	0	0	0	0	0	0	0	0	0	0	0	0	0	0	0	0	0	0	0	0	0	0	0	0	0	0	0	0	0	0	0	0	0	0	0	0	0	0	0	0	0	0	0	0	0	0	0
#	13008	2	1126	16	512	0	0	0	0	0	0	0	0	0	0	0	0	0	0	0	0	0	0	0	0	0	0	0	0	0	0	0	0	0	0	0	0	0	0	0	0	0	0	0	0	0	0	0	0	0	0	0	0	0	0	0	0	0	0	0	0	0	0	0	0
#	13009	2	1152	16	528	0	0	GOODS4	2	ZBSX01	3	ZBSP15	8	0	5	503	10000	ZBSP15	1	4480	ZBSX01	1	8400	FBSGS002	1	1400	0	0	0	0	0	0	0	0	0	0	0	0	0	0	0	0	0	0	0	0	0	GOODS4	1	300	500	1000	9900	10000	5	10000	0	0	0	0	0	0	0	0	3
#	13010	2	1176	16	542	0	0	GOODS103	2	ZBSX01	5	ZBSP13	8	0	5	503	10000	ZBSP13	1	4480	ZBSX01	1	8400	FBSGS002	1	1400	0	0	0	0	0	0	0	0	0	0	0	0	0	0	0	0	0	0	0	0	0	GOODS103	1	300	500	1000	9900	10000	5	10000	0	0	0	0	0	0	0	0	3
#	14001	2	1176	16	542	0	0	0	0	0	0	0	0	0	0	0	0	0	0	0	0	0	0	0	0	0	0	0	0	0	0	0	0	0	0	0	0	0	0	0	0	0	0	0	0	0	0	0	0	0	0	0	0	0	0	0	0	0	0	0	0	0	0	0	0
#	14002	2	1176	16	542	0	0	0	0	0	0	0	0	0	0	0	0	0	0	0	0	0	0	0	0	0	0	0	0	0	0	0	0	0	0	0	0	0	0	0	0	0	0	0	0	0	0	0	0	0	0	0	0	0	0	0	0	0	0	0	0	0	0	0	0
#	14003	2	1202	16	558	0	0	GOODS3	2	ZBSX02	1	GOODS197	5	0	5	504	10000	GOODS197	1	4200	GOODS206	1	4200	GOODS203	1	4200	0	0	0	0	0	0	0	0	0	0	0	0	0	0	0	0	0	0	0	0	0	GOODS3	1	300	500	1000	9900	10000	5	10000	0	0	0	0	0	0	0	0	3
#	14004	2	1202	16	558	0	0	0	0	0	0	0	0	0	0	0	0	0	0	0	0	0	0	0	0	0	0	0	0	0	0	0	0	0	0	0	0	0	0	0	0	0	0	0	0	0	0	0	0	0	0	0	0	0	0	0	0	0	0	0	0	0	0	0	0
#	14005	2	1202	16	558	0	0	0	0	0	0	0	0	0	0	0	0	0	0	0	0	0	0	0	0	0	0	0	0	0	0	0	0	0	0	0	0	0	0	0	0	0	0	0	0	0	0	0	0	0	0	0	0	0	0	0	0	0	0	0	0	0	0	0	0
#	14006	2	1226	16	574	0	0	GOODS5	2	ZBSX02	1	GOODS196	5	0	5	504	10000	GOODS196	1	4200	GOODS205	1	4200	GOODS202	1	4200	0	0	0	0	0	0	0	0	0	0	0	0	0	0	0	0	0	0	0	0	0	GOODS5	1	300	500	1000	9900	10000	5	10000	0	0	0	0	0	0	0	0	3
#	14007	2	1226	16	574	0	0	0	0	0	0	0	0	0	0	0	0	0	0	0	0	0	0	0	0	0	0	0	0	0	0	0	0	0	0	0	0	0	0	0	0	0	0	0	0	0	0	0	0	0	0	0	0	0	0	0	0	0	0	0	0	0	0	0	0
#	14008	2	1226	16	574	0	0	0	0	0	0	0	0	0	0	0	0	0	0	0	0	0	0	0	0	0	0	0	0	0	0	0	0	0	0	0	0	0	0	0	0	0	0	0	0	0	0	0	0	0	0	0	0	0	0	0	0	0	0	0	0	0	0	0	0
#	14009	2	1250	16	590	0	0	GOODS6	2	ZBSX02	2	ZBSP14	8	0	5	504	10000	ZBSP14	1	4480	ZBSX01	1	8400	FBSGS002	1	1400	0	0	0	0	0	0	0	0	0	0	0	0	0	0	0	0	0	0	0	0	0	GOODS6	1	300	500	1000	9900	10000	5	10000	0	0	0	0	0	0	0	0	3
#	14010	2	1250	16	590	0	0	GOODS119	2	ZBSX02	3	ZBSP17	8	0	5	504	10000	ZBSP17	1	4480	ZBSX01	1	8400	FBSGS002	1	1400	0	0	0	0	0	0	0	0	0	0	0	0	0	0	0	0	0	0	0	0	0	GOODS119	1	300	500	1000	9900	10000	5	10000	0	0	0	0	0	0	0	0	3
#	15001	2	1250	16	590	0	0	0	0	0	0	0	0	0	0	0	0	0	0	0	0	0	0	0	0	0	0	0	0	0	0	0	0	0	0	0	0	0	0	0	0	0	0	0	0	0	0	0	0	0	0	0	0	0	0	0	0	0	0	0	0	0	0	0	0
#	15002	2	1250	16	590	0	0	0	0	0	0	0	0	0	0	0	0	0	0	0	0	0	0	0	0	0	0	0	0	0	0	0	0	0	0	0	0	0	0	0	0	0	0	0	0	0	0	0	0	0	0	0	0	0	0	0	0	0	0	0	0	0	0	0	0
#	15003	2	1276	16	606	0	0	GOODS116	2	ZBSX02	1	GOODS206	5	0	5	504	10000	GOODS197	1	4200	GOODS206	1	4200	GOODS203	1	4200	0	0	0	0	0	0	0	0	0	0	0	0	0	0	0	0	0	0	0	0	0	GOODS116	1	300	500	1000	9900	10000	5	10000	0	0	0	0	0	0	0	0	3
#	15004	2	1276	16	606	0	0	0	0	0	0	0	0	0	0	0	0	0	0	0	0	0	0	0	0	0	0	0	0	0	0	0	0	0	0	0	0	0	0	0	0	0	0	0	0	0	0	0	0	0	0	0	0	0	0	0	0	0	0	0	0	0	0	0	0
#	15005	2	1276	16	606	0	0	0	0	0	0	0	0	0	0	0	0	0	0	0	0	0	0	0	0	0	0	0	0	0	0	0	0	0	0	0	0	0	0	0	0	0	0	0	0	0	0	0	0	0	0	0	0	0	0	0	0	0	0	0	0	0	0	0	0
#	15006	2	1300	16	622	0	0	GOODS5	2	ZBSX02	1	GOODS205	5	0	5	504	10000	GOODS196	1	4200	GOODS205	1	4200	GOODS202	1	4200	0	0	0	0	0	0	0	0	0	0	0	0	0	0	0	0	0	0	0	0	0	GOODS5	1	300	500	1000	9900	10000	5	10000	0	0	0	0	0	0	0	0	3
#	15007	2	1300	16	622	0	0	0	0	0	0	0	0	0	0	0	0	0	0	0	0	0	0	0	0	0	0	0	0	0	0	0	0	0	0	0	0	0	0	0	0	0	0	0	0	0	0	0	0	0	0	0	0	0	0	0	0	0	0	0	0	0	0	0	0
#	15008	2	1300	16	622	0	0	0	0	0	0	0	0	0	0	0	0	0	0	0	0	0	0	0	0	0	0	0	0	0	0	0	0	0	0	0	0	0	0	0	0	0	0	0	0	0	0	0	0	0	0	0	0	0	0	0	0	0	0	0	0	0	0	0	0
#	15009	2	1324	16	640	0	0	GOODS246	2	ZBSX02	2	ZBSP16	8	0	5	504	10000	ZBSP16	1	4480	ZBSX01	1	8400	FBSGS002	1	1400	0	0	0	0	0	0	0	0	0	0	0	0	0	0	0	0	0	0	0	0	0	GOODS246	1	300	500	1000	9900	10000	5	10000	0	0	0	0	0	0	0	0	3
#	15010	2	1324	16	640	0	0	GOODS244	2	ZBSX02	3	ZBSP18	8	0	5	504	10000	ZBSP18	1	4480	ZBSX01	1	8400	FBSGS002	1	1400	0	0	0	0	0	0	0	0	0	0	0	0	0	0	0	0	0	0	0	0	0	GOODS244	1	300	500	1000	9900	10000	5	10000	0	0	0	0	0	0	0	0	3
#	16001	2	1324	16	640	0	0	0	0	0	0	0	0	0	0	0	0	0	0	0	0	0	0	0	0	0	0	0	0	0	0	0	0	0	0	0	0	0	0	0	0	0	0	0	0	0	0	0	0	0	0	0	0	0	0	0	0	0	0	0	0	0	0	0	0
#	16002	2	1324	16	640	0	0	0	0	0	0	0	0	0	0	0	0	0	0	0	0	0	0	0	0	0	0	0	0	0	0	0	0	0	0	0	0	0	0	0	0	0	0	0	0	0	0	0	0	0	0	0	0	0	0	0	0	0	0	0	0	0	0	0	0
#	16003	2	1350	16	656	0	0	SP041	2	ZBSX02	1	GOODS203	5	0	5	504	10000	GOODS197	1	4200	GOODS206	1	4200	GOODS203	1	4200	0	0	0	0	0	0	0	0	0	0	0	0	0	0	0	0	0	0	0	0	0	SP041	1	300	500	1000	9900	10000	5	10000	0	0	0	0	0	0	0	0	3
#	16004	2	1350	16	656	0	0	0	0	0	0	0	0	0	0	0	0	0	0	0	0	0	0	0	0	0	0	0	0	0	0	0	0	0	0	0	0	0	0	0	0	0	0	0	0	0	0	0	0	0	0	0	0	0	0	0	0	0	0	0	0	0	0	0	0
#	16005	2	1350	16	656	0	0	0	0	0	0	0	0	0	0	0	0	0	0	0	0	0	0	0	0	0	0	0	0	0	0	0	0	0	0	0	0	0	0	0	0	0	0	0	0	0	0	0	0	0	0	0	0	0	0	0	0	0	0	0	0	0	0	0	0
#	16006	2	1374	16	672	0	0	SP044	2	ZBSX02	1	GOODS202	5	0	5	504	10000	GOODS196	1	4200	GOODS205	1	4200	GOODS202	1	4200	0	0	0	0	0	0	0	0	0	0	0	0	0	0	0	0	0	0	0	0	0	SP044	1	300	500	1000	9900	10000	5	10000	0	0	0	0	0	0	0	0	3
#	16007	2	1374	16	672	0	0	0	0	0	0	0	0	0	0	0	0	0	0	0	0	0	0	0	0	0	0	0	0	0	0	0	0	0	0	0	0	0	0	0	0	0	0	0	0	0	0	0	0	0	0	0	0	0	0	0	0	0	0	0	0	0	0	0	0
#	16008	2	1374	16	672	0	0	0	0	0	0	0	0	0	0	0	0	0	0	0	0	0	0	0	0	0	0	0	0	0	0	0	0	0	0	0	0	0	0	0	0	0	0	0	0	0	0	0	0	0	0	0	0	0	0	0	0	0	0	0	0	0	0	0	0
#	16009	2	1398	16	688	0	0	GOODS110	2	ZBSX02	2	ZBSP19	8	0	5	504	10000	ZBSP19	1	4480	ZBSX01	1	8400	FBSGS002	1	1400	0	0	0	0	0	0	0	0	0	0	0	0	0	0	0	0	0	0	0	0	0	GOODS110	1	300	500	1000	9900	10000	5	10000	0	0	0	0	0	0	0	0	3
#	16010	2	1422	16	706	0	0	GOODS245	2	ZBSX02	3	ZBSP20	8	0	5	504	10000	ZBSP20	1	4480	ZBSX02	1	1680	FBSGS002	1	1400	0	0	0	0	0	0	0	0	0	0	0	0	0	0	0	0	0	0	0	0	0	GOODS245	1	300	500	1000	9900	10000	5	10000	0	0	0	0	0	0	0	0	3
#	17001	2	1422	16	706	0	0	0	0	0	0	0	0	0	0	0	0	0	0	0	0	0	0	0	0	0	0	0	0	0	0	0	0	0	0	0	0	0	0	0	0	0	0	0	0	0	0	0	0	0	0	0	0	0	0	0	0	0	0	0	0	0	0	0	0
#	17002	2	1422	16	706	0	0	0	0	0	0	0	0	0	0	0	0	0	0	0	0	0	0	0	0	0	0	0	0	0	0	0	0	0	0	0	0	0	0	0	0	0	0	0	0	0	0	0	0	0	0	0	0	0	0	0	0	0	0	0	0	0	0	0	0
#	17003	2	1446	16	722	0	0	GOODS2	2	ZBSX02	1	GOODS209	5	0	5	505	10000	GOODS209	1	4200	GOODS218	1	4200	GOODS215	1	4200	0	0	0	0	0	0	0	0	0	0	0	0	0	0	0	0	0	0	0	0	0	GOODS2	1	300	500	1000	9900	10000	5	10000	0	0	0	0	0	0	0	0	3
#	17004	2	1446	16	722	0	0	0	0	0	0	0	0	0	0	0	0	0	0	0	0	0	0	0	0	0	0	0	0	0	0	0	0	0	0	0	0	0	0	0	0	0	0	0	0	0	0	0	0	0	0	0	0	0	0	0	0	0	0	0	0	0	0	0	0
#	17005	2	1446	16	722	0	0	0	0	0	0	0	0	0	0	0	0	0	0	0	0	0	0	0	0	0	0	0	0	0	0	0	0	0	0	0	0	0	0	0	0	0	0	0	0	0	0	0	0	0	0	0	0	0	0	0	0	0	0	0	0	0	0	0	0
#	17006	2	1472	16	740	0	0	GOODS102	2	ZBSX02	1	GOODS208	5	0	5	505	10000	GOODS208	1	4200	GOODS217	1	4200	GOODS214	1	4200	0	0	0	0	0	0	0	0	0	0	0	0	0	0	0	0	0	0	0	0	0	GOODS102	1	300	500	1000	9900	10000	5	10000	0	0	0	0	0	0	0	0	3
#	17007	2	1472	16	740	0	0	0	0	0	0	0	0	0	0	0	0	0	0	0	0	0	0	0	0	0	0	0	0	0	0	0	0	0	0	0	0	0	0	0	0	0	0	0	0	0	0	0	0	0	0	0	0	0	0	0	0	0	0	0	0	0	0	0	0
#	17008	2	1472	16	740	0	0	0	0	0	0	0	0	0	0	0	0	0	0	0	0	0	0	0	0	0	0	0	0	0	0	0	0	0	0	0	0	0	0	0	0	0	0	0	0	0	0	0	0	0	0	0	0	0	0	0	0	0	0	0	0	0	0	0	0
#	17009	2	1496	16	756	0	0	SP045	2	ZBSX02	2	ZBSP12	8	0	5	505	10000	ZBSP12	1	4480	ZBSX01	1	8400	FBSGS003	1	700	0	0	0	0	0	0	0	0	0	0	0	0	0	0	0	0	0	0	0	0	0	SP045	1	300	500	1000	9900	10000	5	10000	0	0	0	0	0	0	0	0	3
#	17010	2	1496	16	756	0	0	SP044	2	ZBSX02	3	ZBSP15	8	0	5	505	10000	ZBSP15	1	4480	ZBSX02	1	1680	FBSGS003	1	700	0	0	0	0	0	0	0	0	0	0	0	0	0	0	0	0	0	0	0	0	0	SP044	1	300	500	1000	9900	10000	5	10000	0	0	0	0	0	0	0	0	3
#	18001	2	1496	16	756	0	0	0	0	0	0	0	0	0	0	0	0	0	0	0	0	0	0	0	0	0	0	0	0	0	0	0	0	0	0	0	0	0	0	0	0	0	0	0	0	0	0	0	0	0	0	0	0	0	0	0	0	0	0	0	0	0	0	0	0
#	18002	2	1496	16	756	0	0	0	0	0	0	0	0	0	0	0	0	0	0	0	0	0	0	0	0	0	0	0	0	0	0	0	0	0	0	0	0	0	0	0	0	0	0	0	0	0	0	0	0	0	0	0	0	0	0	0	0	0	0	0	0	0	0	0	0
#	18003	2	1520	16	774	0	0	SP041	2	ZBSX02	1	GOODS218	5	0	5	505	10000	GOODS209	1	4200	GOODS218	1	4200	GOODS215	1	4200	0	0	0	0	0	0	0	0	0	0	0	0	0	0	0	0	0	0	0	0	0	SP041	1	300	500	1000	9900	10000	5	10000	0	0	0	0	0	0	0	0	3
#	18004	2	1520	16	774	0	0	0	0	0	0	0	0	0	0	0	0	0	0	0	0	0	0	0	0	0	0	0	0	0	0	0	0	0	0	0	0	0	0	0	0	0	0	0	0	0	0	0	0	0	0	0	0	0	0	0	0	0	0	0	0	0	0	0	0
#	18005	2	1520	16	774	0	0	0	0	0	0	0	0	0	0	0	0	0	0	0	0	0	0	0	0	0	0	0	0	0	0	0	0	0	0	0	0	0	0	0	0	0	0	0	0	0	0	0	0	0	0	0	0	0	0	0	0	0	0	0	0	0	0	0	0
#	18006	2	1544	16	792	0	0	GOODS245	2	ZBSX02	1	GOODS217	5	0	5	505	10000	GOODS208	1	4200	GOODS217	1	4200	GOODS214	1	4200	0	0	0	0	0	0	0	0	0	0	0	0	0	0	0	0	0	0	0	0	0	GOODS245	1	300	500	1000	9900	10000	5	10000	0	0	0	0	0	0	0	0	3
#	18007	2	1544	16	792	0	0	0	0	0	0	0	0	0	0	0	0	0	0	0	0	0	0	0	0	0	0	0	0	0	0	0	0	0	0	0	0	0	0	0	0	0	0	0	0	0	0	0	0	0	0	0	0	0	0	0	0	0	0	0	0	0	0	0	0
#	18008	2	1544	16	792	0	0	0	0	0	0	0	0	0	0	0	0	0	0	0	0	0	0	0	0	0	0	0	0	0	0	0	0	0	0	0	0	0	0	0	0	0	0	0	0	0	0	0	0	0	0	0	0	0	0	0	0	0	0	0	0	0	0	0	0
#	18009	2	1568	16	808	0	0	GOODS246	2	ZBSX02	2	ZBSP13	8	0	5	505	10000	ZBSP13	1	4480	ZBSX01	1	8400	FBSGS003	1	700	0	0	0	0	0	0	0	0	0	0	0	0	0	0	0	0	0	0	0	0	0	GOODS246	1	300	500	1000	9900	10000	5	10000	0	0	0	0	0	0	0	0	3
#	18010	2	1568	16	808	0	0	GOODS1	2	ZBSX02	3	ZBSP14	8	0	5	505	10000	ZBSP14	1	4480	ZBSX02	1	1680	FBSGS003	1	700	0	0	0	0	0	0	0	0	0	0	0	0	0	0	0	0	0	0	0	0	0	GOODS1	1	300	500	1000	9900	10000	5	10000	0	0	0	0	0	0	0	0	3
#	19001	2	1568	16	808	0	0	0	0	0	0	0	0	0	0	0	0	0	0	0	0	0	0	0	0	0	0	0	0	0	0	0	0	0	0	0	0	0	0	0	0	0	0	0	0	0	0	0	0	0	0	0	0	0	0	0	0	0	0	0	0	0	0	0	0
#	19002	2	1568	16	808	0	0	0	0	0	0	0	0	0	0	0	0	0	0	0	0	0	0	0	0	0	0	0	0	0	0	0	0	0	0	0	0	0	0	0	0	0	0	0	0	0	0	0	0	0	0	0	0	0	0	0	0	0	0	0	0	0	0	0	0
#	19003	2	1592	16	826	0	0	GOODS110	2	ZBSX02	1	GOODS215	5	0	5	505	10000	GOODS209	1	4200	GOODS218	1	4200	GOODS215	1	4200	0	0	0	0	0	0	0	0	0	0	0	0	0	0	0	0	0	0	0	0	0	GOODS110	1	300	500	1000	9900	10000	5	10000	0	0	0	0	0	0	0	0	3
#	19004	2	1592	16	826	0	0	0	0	0	0	0	0	0	0	0	0	0	0	0	0	0	0	0	0	0	0	0	0	0	0	0	0	0	0	0	0	0	0	0	0	0	0	0	0	0	0	0	0	0	0	0	0	0	0	0	0	0	0	0	0	0	0	0	0
#	19005	2	1592	16	826	0	0	0	0	0	0	0	0	0	0	0	0	0	0	0	0	0	0	0	0	0	0	0	0	0	0	0	0	0	0	0	0	0	0	0	0	0	0	0	0	0	0	0	0	0	0	0	0	0	0	0	0	0	0	0	0	0	0	0	0
#	19006	2	1616	16	844	0	0	GOODS2	2	ZBSX02	1	GOODS214	5	0	5	505	10000	GOODS208	1	4200	GOODS217	1	4200	GOODS214	1	4200	0	0	0	0	0	0	0	0	0	0	0	0	0	0	0	0	0	0	0	0	0	GOODS2	1	300	500	1000	9900	10000	5	10000	0	0	0	0	0	0	0	0	3
#	19007	2	1616	16	844	0	0	0	0	0	0	0	0	0	0	0	0	0	0	0	0	0	0	0	0	0	0	0	0	0	0	0	0	0	0	0	0	0	0	0	0	0	0	0	0	0	0	0	0	0	0	0	0	0	0	0	0	0	0	0	0	0	0	0	0
#	19008	2	1616	16	844	0	0	0	0	0	0	0	0	0	0	0	0	0	0	0	0	0	0	0	0	0	0	0	0	0	0	0	0	0	0	0	0	0	0	0	0	0	0	0	0	0	0	0	0	0	0	0	0	0	0	0	0	0	0	0	0	0	0	0	0
#	19009	2	1640	16	860	0	0	GOODS102	2	ZBSX02	2	ZBSP17	8	0	5	505	10000	ZBSP17	1	4480	ZBSX01	1	8400	FBSGS003	1	700	0	0	0	0	0	0	0	0	0	0	0	0	0	0	0	0	0	0	0	0	0	GOODS102	1	300	500	1000	9900	10000	5	10000	0	0	0	0	0	0	0	0	3
#	19010	2	1664	16	878	0	0	SP045	2	ZBSX02	3	ZBSP16	8	0	5	505	10000	ZBSP16	1	4480	ZBSX02	1	1680	FBSGS003	1	700	0	0	0	0	0	0	0	0	0	0	0	0	0	0	0	0	0	0	0	0	0	SP045	1	300	500	1000	9900	10000	5	10000	0	0	0	0	0	0	0	0	3
#	20001	2	1664	16	878	0	0	0	0	0	0	0	0	0	0	0	0	0	0	0	0	0	0	0	0	0	0	0	0	0	0	0	0	0	0	0	0	0	0	0	0	0	0	0	0	0	0	0	0	0	0	0	0	0	0	0	0	0	0	0	0	0	0	0	0
#	20002	2	1664	16	878	0	0	0	0	0	0	0	0	0	0	0	0	0	0	0	0	0	0	0	0	0	0	0	0	0	0	0	0	0	0	0	0	0	0	0	0	0	0	0	0	0	0	0	0	0	0	0	0	0	0	0	0	0	0	0	0	0	0	0	0
#	20003	2	1688	16	896	0	0	GOODS2	2	ZBSX02	1	GOODS221	5	0	5	506	10000	GOODS221	1	4200	GOODS230	1	4200	GOODS227	1	4200	0	0	0	0	0	0	0	0	0	0	0	0	0	0	0	0	0	0	0	0	0	GOODS2	1	300	500	1000	9900	10000	5	10000	0	0	0	0	0	0	0	0	3
#	20004	2	1688	16	896	0	0	0	0	0	0	0	0	0	0	0	0	0	0	0	0	0	0	0	0	0	0	0	0	0	0	0	0	0	0	0	0	0	0	0	0	0	0	0	0	0	0	0	0	0	0	0	0	0	0	0	0	0	0	0	0	0	0	0	0
#	20005	2	1688	16	896	0	0	0	0	0	0	0	0	0	0	0	0	0	0	0	0	0	0	0	0	0	0	0	0	0	0	0	0	0	0	0	0	0	0	0	0	0	0	0	0	0	0	0	0	0	0	0	0	0	0	0	0	0	0	0	0	0	0	0	0
#	20006	2	1712	16	914	0	0	GOODS2	2	ZBSX02	1	GOODS220	5	0	5	506	10000	GOODS220	1	4200	GOODS229	1	4200	GOODS226	1	4200	0	0	0	0	0	0	0	0	0	0	0	0	0	0	0	0	0	0	0	0	0	GOODS2	1	300	500	1000	9900	10000	5	10000	0	0	0	0	0	0	0	0	3
#	20007	2	1712	16	914	0	0	0	0	0	0	0	0	0	0	0	0	0	0	0	0	0	0	0	0	0	0	0	0	0	0	0	0	0	0	0	0	0	0	0	0	0	0	0	0	0	0	0	0	0	0	0	0	0	0	0	0	0	0	0	0	0	0	0	0
#	20008	2	1712	16	914	0	0	0	0	0	0	0	0	0	0	0	0	0	0	0	0	0	0	0	0	0	0	0	0	0	0	0	0	0	0	0	0	0	0	0	0	0	0	0	0	0	0	0	0	0	0	0	0	0	0	0	0	0	0	0	0	0	0	0	0
#	20009	2	1736	16	932	0	0	GOODS4	2	ZBSX02	2	ZBSP18	8	0	5	506	10000	ZBSP18	1	4480	ZBSX01	1	8400	FBSGS003	1	700	0	0	0	0	0	0	0	0	0	0	0	0	0	0	0	0	0	0	0	0	0	GOODS4	1	300	500	1000	9900	10000	5	10000	0	0	0	0	0	0	0	0	3
#	20010	2	1736	16	932	0	0	GOODS5	2	ZBSX02	3	ZBSP19	8	0	5	506	10000	ZBSP19	1	4480	ZBSX02	1	1680	FBSGS003	1	700	0	0	0	0	0	0	0	0	0	0	0	0	0	0	0	0	0	0	0	0	0	GOODS5	1	300	500	1000	9900	10000	5	10000	0	0	0	0	0	0	0	0	3
#	21001	2	1736	16	932	0	0	0	0	0	0	0	0	0	0	0	0	0	0	0	0	0	0	0	0	0	0	0	0	0	0	0	0	0	0	0	0	0	0	0	0	0	0	0	0	0	0	0	0	0	0	0	0	0	0	0	0	0	0	0	0	0	0	0	0
#	21002	2	1736	16	932	0	0	0	0	0	0	0	0	0	0	0	0	0	0	0	0	0	0	0	0	0	0	0	0	0	0	0	0	0	0	0	0	0	0	0	0	0	0	0	0	0	0	0	0	0	0	0	0	0	0	0	0	0	0	0	0	0	0	0	0
#	21003	2	1758	16	950	0	0	SP045	2	ZBSX02	1	GOODS230	5	0	5	506	10000	GOODS221	1	4200	GOODS230	1	4200	GOODS227	1	4200	0	0	0	0	0	0	0	0	0	0	0	0	0	0	0	0	0	0	0	0	0	SP045	1	300	500	1000	9900	10000	5	10000	0	0	0	0	0	0	0	0	3
#	21004	2	1758	16	950	0	0	0	0	0	0	0	0	0	0	0	0	0	0	0	0	0	0	0	0	0	0	0	0	0	0	0	0	0	0	0	0	0	0	0	0	0	0	0	0	0	0	0	0	0	0	0	0	0	0	0	0	0	0	0	0	0	0	0	0
#	21005	2	1758	16	950	0	0	0	0	0	0	0	0	0	0	0	0	0	0	0	0	0	0	0	0	0	0	0	0	0	0	0	0	0	0	0	0	0	0	0	0	0	0	0	0	0	0	0	0	0	0	0	0	0	0	0	0	0	0	0	0	0	0	0	0
#	21006	2	1782	16	968	0	0	GOODS116	2	ZBSX02	1	GOODS229	5	0	5	506	10000	GOODS220	1	4200	GOODS229	1	4200	GOODS226	1	4200	0	0	0	0	0	0	0	0	0	0	0	0	0	0	0	0	0	0	0	0	0	GOODS116	1	300	500	1000	9900	10000	5	10000	0	0	0	0	0	0	0	0	3
#	21007	2	1782	16	968	0	0	0	0	0	0	0	0	0	0	0	0	0	0	0	0	0	0	0	0	0	0	0	0	0	0	0	0	0	0	0	0	0	0	0	0	0	0	0	0	0	0	0	0	0	0	0	0	0	0	0	0	0	0	0	0	0	0	0	0
#	21008	2	1782	16	968	0	0	0	0	0	0	0	0	0	0	0	0	0	0	0	0	0	0	0	0	0	0	0	0	0	0	0	0	0	0	0	0	0	0	0	0	0	0	0	0	0	0	0	0	0	0	0	0	0	0	0	0	0	0	0	0	0	0	0	0
#	21009	2	1806	16	986	0	0	GOODS119	2	ZBSX02	2	ZBSP20	8	0	5	506	10000	ZBSP20	1	4480	ZBSX01	1	8400	FBSGS003	1	700	0	0	0	0	0	0	0	0	0	0	0	0	0	0	0	0	0	0	0	0	0	GOODS119	1	300	500	1000	9900	10000	5	10000	0	0	0	0	0	0	0	0	3
#	21010	2	1806	16	986	0	0	GOODS244	2	ZBSX02	3	ZBSP12	8	0	5	506	10000	ZBSP12	1	4480	ZBSX02	1	1680	FBSGS003	1	700	0	0	0	0	0	0	0	0	0	0	0	0	0	0	0	0	0	0	0	0	0	GOODS244	1	300	500	1000	9900	10000	5	10000	0	0	0	0	0	0	0	0	3
#	22001	2	1806	16	986	0	0	0	0	0	0	0	0	0	0	0	0	0	0	0	0	0	0	0	0	0	0	0	0	0	0	0	0	0	0	0	0	0	0	0	0	0	0	0	0	0	0	0	0	0	0	0	0	0	0	0	0	0	0	0	0	0	0	0	0
#	22002	2	1806	16	986	0	0	0	0	0	0	0	0	0	0	0	0	0	0	0	0	0	0	0	0	0	0	0	0	0	0	0	0	0	0	0	0	0	0	0	0	0	0	0	0	0	0	0	0	0	0	0	0	0	0	0	0	0	0	0	0	0	0	0	0
#	22003	2	1830	16	1006	0	0	GOODS5	2	ZBSX02	1	GOODS227	5	0	5	506	10000	GOODS221	1	4200	GOODS230	1	4200	GOODS227	1	4200	0	0	0	0	0	0	0	0	0	0	0	0	0	0	0	0	0	0	0	0	0	GOODS5	1	300	500	1000	9900	10000	5	10000	0	0	0	0	0	0	0	0	3
#	22004	2	1830	16	1006	0	0	0	0	0	0	0	0	0	0	0	0	0	0	0	0	0	0	0	0	0	0	0	0	0	0	0	0	0	0	0	0	0	0	0	0	0	0	0	0	0	0	0	0	0	0	0	0	0	0	0	0	0	0	0	0	0	0	0	0
#	22005	2	1830	16	1006	0	0	0	0	0	0	0	0	0	0	0	0	0	0	0	0	0	0	0	0	0	0	0	0	0	0	0	0	0	0	0	0	0	0	0	0	0	0	0	0	0	0	0	0	0	0	0	0	0	0	0	0	0	0	0	0	0	0	0	0
#	22006	2	1854	16	1024	0	0	GOODS1	2	ZBSX02	1	GOODS226	5	0	5	506	10000	GOODS220	1	4200	GOODS229	1	4200	GOODS226	1	4200	0	0	0	0	0	0	0	0	0	0	0	0	0	0	0	0	0	0	0	0	0	GOODS1	1	300	500	1000	9900	10000	5	10000	0	0	0	0	0	0	0	0	3
#	22007	2	1854	16	1024	0	0	0	0	0	0	0	0	0	0	0	0	0	0	0	0	0	0	0	0	0	0	0	0	0	0	0	0	0	0	0	0	0	0	0	0	0	0	0	0	0	0	0	0	0	0	0	0	0	0	0	0	0	0	0	0	0	0	0	0
#	22008	2	1854	16	1024	0	0	0	0	0	0	0	0	0	0	0	0	0	0	0	0	0	0	0	0	0	0	0	0	0	0	0	0	0	0	0	0	0	0	0	0	0	0	0	0	0	0	0	0	0	0	0	0	0	0	0	0	0	0	0	0	0	0	0	0
#	22009	2	1878	16	1042	0	0	GOODS1	2	ZBSX02	2	ZBSP15	8	0	5	506	10000	ZBSP15	1	4480	ZBSX01	1	8400	FBSGS003	1	700	0	0	0	0	0	0	0	0	0	0	0	0	0	0	0	0	0	0	0	0	0	GOODS1	1	300	500	1000	9900	10000	5	10000	0	0	0	0	0	0	0	0	3
#	22010	2	1900	16	1060	0	0	GOODS102	2	ZBSX02	3	ZBSP13	8	0	5	506	10000	ZBSP13	1	4480	ZBSX02	1	1680	FBSGS003	1	700	0	0	0	0	0	0	0	0	0	0	0	0	0	0	0	0	0	0	0	0	0	GOODS102	1	300	500	1000	9900	10000	5	10000	0	0	0	0	0	0	0	0	3
#	23001	2	1900	16	1060	0	0	0	0	0	0	0	0	0	0	0	0	0	0	0	0	0	0	0	0	0	0	0	0	0	0	0	0	0	0	0	0	0	0	0	0	0	0	0	0	0	0	0	0	0	0	0	0	0	0	0	0	0	0	0	0	0	0	0	0
#	23002	2	1900	16	1060	0	0	0	0	0	0	0	0	0	0	0	0	0	0	0	0	0	0	0	0	0	0	0	0	0	0	0	0	0	0	0	0	0	0	0	0	0	0	0	0	0	0	0	0	0	0	0	0	0	0	0	0	0	0	0	0	0	0	0	0
#	23003	2	1900	16	1060	0	0	SP046	2	ZBSX02	4	GOODS233	8	0	5	507	10000	GOODS233	1	4200	GOODS242	1	4200	GOODS239	1	4200	0	0	0	0	0	0	0	0	0	0	0	0	0	0	0	0	0	0	0	0	0	SP046	1	300	500	1000	9900	10000	5	10000	0	0	0	0	0	0	0	0	3
#	23004	2	1900	16	1060	0	0	0	0	0	0	0	0	0	0	0	0	0	0	0	0	0	0	0	0	0	0	0	0	0	0	0	0	0	0	0	0	0	0	0	0	0	0	0	0	0	0	0	0	0	0	0	0	0	0	0	0	0	0	0	0	0	0	0	0
#	23005	2	1900	16	1060	0	0	0	0	0	0	0	0	0	0	0	0	0	0	0	0	0	0	0	0	0	0	0	0	0	0	0	0	0	0	0	0	0	0	0	0	0	0	0	0	0	0	0	0	0	0	0	0	0	0	0	0	0	0	0	0	0	0	0	0
#	23006	2	1924	16	1080	0	0	SP048	2	ZBSX02	4	GOODS232	8	0	5	507	10000	GOODS232	1	4200	GOODS241	1	4200	GOODS238	1	4200	0	0	0	0	0	0	0	0	0	0	0	0	0	0	0	0	0	0	0	0	0	SP048	1	300	500	1000	9900	10000	5	10000	0	0	0	0	0	0	0	0	3
#	23007	2	1924	16	1080	0	0	0	0	0	0	0	0	0	0	0	0	0	0	0	0	0	0	0	0	0	0	0	0	0	0	0	0	0	0	0	0	0	0	0	0	0	0	0	0	0	0	0	0	0	0	0	0	0	0	0	0	0	0	0	0	0	0	0	0
#	23008	2	1924	16	1080	0	0	0	0	0	0	0	0	0	0	0	0	0	0	0	0	0	0	0	0	0	0	0	0	0	0	0	0	0	0	0	0	0	0	0	0	0	0	0	0	0	0	0	0	0	0	0	0	0	0	0	0	0	0	0	0	0	0	0	0
#	23009	2	1924	16	1080	0	0	SP049	2	ZBSP28	4	FBSGS003	4	0	5	507	10000	ZBSP28	1	700	FBSGS003	1	1750	ZBSX01	1	8400	0	0	0	0	0	0	0	0	0	0	0	0	0	0	0	0	0	0	0	0	0	SP049	1	300	500	1000	9900	10000	5	10000	0	0	0	0	0	0	0	0	3
#	23010	2	1948	16	1098	0	0	SP051	2	ZBSP37	4	ZBSP38	4	0	5	507	10000	ZBSP37	1	700	ZBSP38	1	700	ZBSX02	1	1680	0	0	0	0	0	0	0	0	0	0	0	0	0	0	0	0	0	0	0	0	0	SP051	1	300	500	1000	9900	10000	5	10000	0	0	0	0	0	0	0	0	3
#	24001	2	1948	16	1098	0	0	0	0	0	0	0	0	0	0	0	0	0	0	0	0	0	0	0	0	0	0	0	0	0	0	0	0	0	0	0	0	0	0	0	0	0	0	0	0	0	0	0	0	0	0	0	0	0	0	0	0	0	0	0	0	0	0	0	0
#	24002	2	1948	16	1098	0	0	0	0	0	0	0	0	0	0	0	0	0	0	0	0	0	0	0	0	0	0	0	0	0	0	0	0	0	0	0	0	0	0	0	0	0	0	0	0	0	0	0	0	0	0	0	0	0	0	0	0	0	0	0	0	0	0	0	0
#	24003	2	1948	16	1098	0	0	SP046	2	ZBSX02	4	GOODS242	8	0	5	507	10000	GOODS233	1	4200	GOODS242	1	4200	GOODS239	1	4200	0	0	0	0	0	0	0	0	0	0	0	0	0	0	0	0	0	0	0	0	0	SP046	1	300	500	1000	9900	10000	5	10000	0	0	0	0	0	0	0	0	3
#	24004	2	1948	16	1098	0	0	0	0	0	0	0	0	0	0	0	0	0	0	0	0	0	0	0	0	0	0	0	0	0	0	0	0	0	0	0	0	0	0	0	0	0	0	0	0	0	0	0	0	0	0	0	0	0	0	0	0	0	0	0	0	0	0	0	0
#	24005	2	1948	16	1098	0	0	0	0	0	0	0	0	0	0	0	0	0	0	0	0	0	0	0	0	0	0	0	0	0	0	0	0	0	0	0	0	0	0	0	0	0	0	0	0	0	0	0	0	0	0	0	0	0	0	0	0	0	0	0	0	0	0	0	0
#	24006	2	1972	16	1116	0	0	SP048	2	ZBSX02	4	GOODS241	8	0	5	507	10000	GOODS232	1	4200	GOODS241	1	4200	GOODS238	1	4200	0	0	0	0	0	0	0	0	0	0	0	0	0	0	0	0	0	0	0	0	0	SP048	1	300	500	1000	9900	10000	5	10000	0	0	0	0	0	0	0	0	3
#	24007	2	1972	16	1116	0	0	0	0	0	0	0	0	0	0	0	0	0	0	0	0	0	0	0	0	0	0	0	0	0	0	0	0	0	0	0	0	0	0	0	0	0	0	0	0	0	0	0	0	0	0	0	0	0	0	0	0	0	0	0	0	0	0	0	0
#	24008	2	1972	16	1116	0	0	0	0	0	0	0	0	0	0	0	0	0	0	0	0	0	0	0	0	0	0	0	0	0	0	0	0	0	0	0	0	0	0	0	0	0	0	0	0	0	0	0	0	0	0	0	0	0	0	0	0	0	0	0	0	0	0	0	0
#	24009	2	1972	16	1116	0	0	SP049	2	ZBSP42	4	FBSGS003	4	0	5	507	10000	ZBSP42	1	700	FBSGS003	1	1750	ZBSX01	1	8400	0	0	0	0	0	0	0	0	0	0	0	0	0	0	0	0	0	0	0	0	0	SP049	1	300	500	1000	9900	10000	5	10000	0	0	0	0	0	0	0	0	3
#	24010	2	1994	16	1136	0	0	SP050	2	ZBSP29	4	ZBSP33	4	0	5	507	10000	ZBSP29	1	700	ZBSP33	1	700	ZBSX02	1	1680	0	0	0	0	0	0	0	0	0	0	0	0	0	0	0	0	0	0	0	0	0	SP050	1	300	500	1000	9900	10000	5	10000	0	0	0	0	0	0	0	0	3
#	25001	2	1994	16	1136	0	0	0	0	0	0	0	0	0	0	0	0	0	0	0	0	0	0	0	0	0	0	0	0	0	0	0	0	0	0	0	0	0	0	0	0	0	0	0	0	0	0	0	0	0	0	0	0	0	0	0	0	0	0	0	0	0	0	0	0
#	25002	2	1994	16	1136	0	0	0	0	0	0	0	0	0	0	0	0	0	0	0	0	0	0	0	0	0	0	0	0	0	0	0	0	0	0	0	0	0	0	0	0	0	0	0	0	0	0	0	0	0	0	0	0	0	0	0	0	0	0	0	0	0	0	0	0
#	25003	2	1994	16	1136	0	0	SP046	2	ZBSX02	4	GOODS239	8	0	5	507	10000	GOODS233	1	4200	GOODS242	1	4200	GOODS239	1	4200	0	0	0	0	0	0	0	0	0	0	0	0	0	0	0	0	0	0	0	0	0	SP046	1	300	500	1000	9900	10000	5	10000	0	0	0	0	0	0	0	0	3
#	25004	2	1994	16	1136	0	0	0	0	0	0	0	0	0	0	0	0	0	0	0	0	0	0	0	0	0	0	0	0	0	0	0	0	0	0	0	0	0	0	0	0	0	0	0	0	0	0	0	0	0	0	0	0	0	0	0	0	0	0	0	0	0	0	0	0
#	25005	2	1994	16	1136	0	0	0	0	0	0	0	0	0	0	0	0	0	0	0	0	0	0	0	0	0	0	0	0	0	0	0	0	0	0	0	0	0	0	0	0	0	0	0	0	0	0	0	0	0	0	0	0	0	0	0	0	0	0	0	0	0	0	0	0
#	25006	2	2018	16	1154	0	0	SP048	2	ZBSX02	4	GOODS238	8	0	5	507	10000	GOODS232	1	4200	GOODS241	1	4200	GOODS238	1	4200	0	0	0	0	0	0	0	0	0	0	0	0	0	0	0	0	0	0	0	0	0	SP048	1	300	500	1000	9900	10000	5	10000	0	0	0	0	0	0	0	0	3
#	25007	2	2018	16	1154	0	0	0	0	0	0	0	0	0	0	0	0	0	0	0	0	0	0	0	0	0	0	0	0	0	0	0	0	0	0	0	0	0	0	0	0	0	0	0	0	0	0	0	0	0	0	0	0	0	0	0	0	0	0	0	0	0	0	0	0
#	25008	2	2018	16	1154	0	0	0	0	0	0	0	0	0	0	0	0	0	0	0	0	0	0	0	0	0	0	0	0	0	0	0	0	0	0	0	0	0	0	0	0	0	0	0	0	0	0	0	0	0	0	0	0	0	0	0	0	0	0	0	0	0	0	0	0
#	25009	2	2018	16	1154	0	0	SP049	2	ZBSP32	4	FBSGS003	4	0	5	507	10000	ZBSP32	1	700	FBSGS003	1	1750	ZBSX01	1	8400	0	0	0	0	0	0	0	0	0	0	0	0	0	0	0	0	0	0	0	0	0	SP049	1	300	500	1000	9900	10000	5	10000	0	0	0	0	0	0	0	0	3
#	25010	2	2042	16	1174	0	0	SP051	2	ZBSP41	4	ZBSP40	4	0	5	507	10000	ZBSP41	1	700	ZBSP40	1	700	ZBSX02	1	1680	0	0	0	0	0	0	0	0	0	0	0	0	0	0	0	0	0	0	0	0	0	SP051	1	300	500	1000	9900	10000	5	10000	0	0	0	0	0	0	0	0	3
#	26001	2	2042	16	1174	0	0	0	0	0	0	0	0	0	0	0	0	0	0	0	0	0	0	0	0	0	0	0	0	0	0	0	0	0	0	0	0	0	0	0	0	0	0	0	0	0	0	0	0	0	0	0	0	0	0	0	0	0	0	0	0	0	0	0	0
#	26002	2	2042	16	1174	0	0	0	0	0	0	0	0	0	0	0	0	0	0	0	0	0	0	0	0	0	0	0	0	0	0	0	0	0	0	0	0	0	0	0	0	0	0	0	0	0	0	0	0	0	0	0	0	0	0	0	0	0	0	0	0	0	0	0	0
#	26003	2	2042	16	1174	0	0	SP046	2	ZBSX02	4	GOODS233	8	0	5	507	10000	GOODS233	1	4200	GOODS242	1	4200	GOODS239	1	4200	0	0	0	0	0	0	0	0	0	0	0	0	0	0	0	0	0	0	0	0	0	SP046	1	300	500	1000	9900	10000	5	10000	0	0	0	0	0	0	0	0	3
#	26004	2	2042	16	1174	0	0	0	0	0	0	0	0	0	0	0	0	0	0	0	0	0	0	0	0	0	0	0	0	0	0	0	0	0	0	0	0	0	0	0	0	0	0	0	0	0	0	0	0	0	0	0	0	0	0	0	0	0	0	0	0	0	0	0	0
#	26005	2	2042	16	1174	0	0	0	0	0	0	0	0	0	0	0	0	0	0	0	0	0	0	0	0	0	0	0	0	0	0	0	0	0	0	0	0	0	0	0	0	0	0	0	0	0	0	0	0	0	0	0	0	0	0	0	0	0	0	0	0	0	0	0	0
#	26006	2	2064	16	1192	0	0	SP048	2	ZBSX02	4	GOODS232	8	0	5	507	10000	GOODS232	1	4200	GOODS241	1	4200	GOODS238	1	4200	0	0	0	0	0	0	0	0	0	0	0	0	0	0	0	0	0	0	0	0	0	SP048	1	300	500	1000	9900	10000	5	10000	0	0	0	0	0	0	0	0	3
#	26007	2	2064	16	1192	0	0	0	0	0	0	0	0	0	0	0	0	0	0	0	0	0	0	0	0	0	0	0	0	0	0	0	0	0	0	0	0	0	0	0	0	0	0	0	0	0	0	0	0	0	0	0	0	0	0	0	0	0	0	0	0	0	0	0	0
#	26008	2	2064	16	1192	0	0	0	0	0	0	0	0	0	0	0	0	0	0	0	0	0	0	0	0	0	0	0	0	0	0	0	0	0	0	0	0	0	0	0	0	0	0	0	0	0	0	0	0	0	0	0	0	0	0	0	0	0	0	0	0	0	0	0	0
#	26009	2	2064	16	1192	0	0	SP049	2	ZBSP39	4	FBSGS003	4	0	5	507	10000	ZBSP39	1	700	FBSGS003	1	1750	ZBSX01	1	8400	0	0	0	0	0	0	0	0	0	0	0	0	0	0	0	0	0	0	0	0	0	SP049	1	300	500	1000	9900	10000	5	10000	0	0	0	0	0	0	0	0	3
#	26010	2	2088	16	1212	0	0	SP050	2	ZBSP31	4	ZBSP30	4	0	5	507	10000	ZBSP31	1	700	ZBSP30	1	700	ZBSX02	1	1680	0	0	0	0	0	0	0	0	0	0	0	0	0	0	0	0	0	0	0	0	0	SP050	1	300	500	1000	9900	10000	5	10000	0	0	0	0	0	0	0	0	3
#	27001	2	2088	16	1212	0	0	0	0	0	0	0	0	0	0	0	0	0	0	0	0	0	0	0	0	0	0	0	0	0	0	0	0	0	0	0	0	0	0	0	0	0	0	0	0	0	0	0	0	0	0	0	0	0	0	0	0	0	0	0	0	0	0	0	0
#	27002	2	2088	16	1212	0	0	0	0	0	0	0	0	0	0	0	0	0	0	0	0	0	0	0	0	0	0	0	0	0	0	0	0	0	0	0	0	0	0	0	0	0	0	0	0	0	0	0	0	0	0	0	0	0	0	0	0	0	0	0	0	0	0	0	0
#	27003	2	2088	16	1212	0	0	SP046	2	ZBSX02	4	GOODS242	8	0	5	507	10000	GOODS233	1	4200	GOODS242	1	4200	GOODS239	1	4200	0	0	0	0	0	0	0	0	0	0	0	0	0	0	0	0	0	0	0	0	0	SP046	1	300	500	1000	9900	10000	5	10000	0	0	0	0	0	0	0	0	3
#	27004	2	2088	16	1212	0	0	0	0	0	0	0	0	0	0	0	0	0	0	0	0	0	0	0	0	0	0	0	0	0	0	0	0	0	0	0	0	0	0	0	0	0	0	0	0	0	0	0	0	0	0	0	0	0	0	0	0	0	0	0	0	0	0	0	0
#	27005	2	2088	16	1212	0	0	0	0	0	0	0	0	0	0	0	0	0	0	0	0	0	0	0	0	0	0	0	0	0	0	0	0	0	0	0	0	0	0	0	0	0	0	0	0	0	0	0	0	0	0	0	0	0	0	0	0	0	0	0	0	0	0	0	0
#	27006	2	2112	16	1232	0	0	SP048	2	ZBSX02	4	GOODS241	8	0	5	507	10000	GOODS232	1	4200	GOODS241	1	4200	GOODS238	1	4200	0	0	0	0	0	0	0	0	0	0	0	0	0	0	0	0	0	0	0	0	0	SP048	1	300	500	1000	9900	10000	5	10000	0	0	0	0	0	0	0	0	3
#	27007	2	2112	16	1232	0	0	0	0	0	0	0	0	0	0	0	0	0	0	0	0	0	0	0	0	0	0	0	0	0	0	0	0	0	0	0	0	0	0	0	0	0	0	0	0	0	0	0	0	0	0	0	0	0	0	0	0	0	0	0	0	0	0	0	0
#	27008	2	2112	16	1232	0	0	0	0	0	0	0	0	0	0	0	0	0	0	0	0	0	0	0	0	0	0	0	0	0	0	0	0	0	0	0	0	0	0	0	0	0	0	0	0	0	0	0	0	0	0	0	0	0	0	0	0	0	0	0	0	0	0	0	0
#	27009	2	2112	16	1232	0	0	SP049	2	ZBSP34	4	FBSGS003	4	0	5	507	10000	ZBSP34	1	700	FBSGS003	1	1750	ZBSX01	1	8400	0	0	0	0	0	0	0	0	0	0	0	0	0	0	0	0	0	0	0	0	0	SP049	1	300	500	1000	9900	10000	5	10000	0	0	0	0	0	0	0	0	3
#	27010	2	2134	16	1250	0	0	SP051	2	ZBSP43	4	ZBSP44	4	0	5	507	10000	ZBSP43	1	700	ZBSP44	1	700	ZBSX02	1	1680	0	0	0	0	0	0	0	0	0	0	0	0	0	0	0	0	0	0	0	0	0	SP051	1	300	500	1000	9900	10000	5	10000	0	0	0	0	0	0	0	0	3
#	28001	2	2134	16	1250	0	0	0	0	0	0	0	0	0	0	0	0	0	0	0	0	0	0	0	0	0	0	0	0	0	0	0	0	0	0	0	0	0	0	0	0	0	0	0	0	0	0	0	0	0	0	0	0	0	0	0	0	0	0	0	0	0	0	0	0
#	28002	2	2134	16	1250	0	0	0	0	0	0	0	0	0	0	0	0	0	0	0	0	0	0	0	0	0	0	0	0	0	0	0	0	0	0	0	0	0	0	0	0	0	0	0	0	0	0	0	0	0	0	0	0	0	0	0	0	0	0	0	0	0	0	0	0
#	28003	2	2134	16	1250	0	0	SP046	2	ZBSX02	4	GOODS239	8	0	5	507	10000	GOODS233	1	4200	GOODS242	1	4200	GOODS239	1	4200	0	0	0	0	0	0	0	0	0	0	0	0	0	0	0	0	0	0	0	0	0	SP046	1	300	500	1000	9900	10000	5	10000	0	0	0	0	0	0	0	0	3
#	28004	2	2134	16	1250	0	0	0	0	0	0	0	0	0	0	0	0	0	0	0	0	0	0	0	0	0	0	0	0	0	0	0	0	0	0	0	0	0	0	0	0	0	0	0	0	0	0	0	0	0	0	0	0	0	0	0	0	0	0	0	0	0	0	0	0
#	28005	2	2134	16	1250	0	0	0	0	0	0	0	0	0	0	0	0	0	0	0	0	0	0	0	0	0	0	0	0	0	0	0	0	0	0	0	0	0	0	0	0	0	0	0	0	0	0	0	0	0	0	0	0	0	0	0	0	0	0	0	0	0	0	0	0
#	28006	2	2134	16	1250	0	0	SP048	2	ZBSX02	4	GOODS238	8	0	5	507	10000	GOODS232	1	4200	GOODS241	1	4200	GOODS238	1	4200	0	0	0	0	0	0	0	0	0	0	0	0	0	0	0	0	0	0	0	0	0	SP048	1	300	500	1000	9900	10000	5	10000	0	0	0	0	0	0	0	0	3
#	28007	2	2134	16	1250	0	0	0	0	0	0	0	0	0	0	0	0	0	0	0	0	0	0	0	0	0	0	0	0	0	0	0	0	0	0	0	0	0	0	0	0	0	0	0	0	0	0	0	0	0	0	0	0	0	0	0	0	0	0	0	0	0	0	0	0
#	28008	2	2134	16	1250	0	0	0	0	0	0	0	0	0	0	0	0	0	0	0	0	0	0	0	0	0	0	0	0	0	0	0	0	0	0	0	0	0	0	0	0	0	0	0	0	0	0	0	0	0	0	0	0	0	0	0	0	0	0	0	0	0	0	0	0
#	28009	2	2134	16	1250	0	0	SP049	2	ZBSP45	4	FBSGS003	4	0	5	507	10000	ZBSP45	1	700	FBSGS003	1	1750	ZBSX01	1	8400	0	0	0	0	0	0	0	0	0	0	0	0	0	0	0	0	0	0	0	0	0	SP049	1	300	500	1000	9900	10000	5	10000	0	0	0	0	0	0	0	0	3
#	28010	2	2134	16	1250	0	0	SP050	2	ZBSP35	4	ZBSP36	4	0	5	507	10000	ZBSP35	1	700	ZBSP36	1	700	ZBSX02	1	1680	0	0	0	0	0	0	0	0	0	0	0	0	0	0	0	0	0	0	0	0	0	SP050	1	300	500	1000	9900	10000	5	10000	0	0	0	0	0	0	0	0	3
